GeneSymbol	uniprot_accession	protein_change	label	ReviewStatus	PhenotypeList
PAH	P00439	Arg408Trp	1	reviewed by expert panel	Phenylketonuria|not provided|Inborn genetic diseases|PAH-related disorder|See cases
PAH	P00439	Leu311Pro	1	reviewed by expert panel	Phenylketonuria|not provided
PAH	P00439	Glu280Lys	1	criteria provided, multiple submitters, no conflicts	Phenylketonuria|not provided|Polymicrogyria, perisylvian, with cerebellar hypoplasia and arthrogryposis|Inborn genetic diseases|PAH-related disorder
PAH	P00439	Arg261Gln	1	reviewed by expert panel	Phenylketonuria|not provided|PAH-related disorder
PAH	P00439	Ser87Arg	1	reviewed by expert panel	Hyperphenylalaninemia|not provided|Phenylketonuria|Inborn genetic diseases|PAH-related disorder
PAH	P00439	Arg252Trp	1	reviewed by expert panel	Phenylketonuria|not provided|See cases|Pulmonary hypertension, primary, 1
PAH	P00439	Met1Val	1	reviewed by expert panel	Hyperphenylalaninemia|Phenylketonuria|not provided
PAH	P00439	Arg158Gln	1	reviewed by expert panel	Phenylketonuria|not provided|PAH-related disorder
PAH	P00439	Pro281Leu	1	reviewed by expert panel	Phenylketonuria|not provided|Inborn genetic diseases|PAH-related disorder
PAH	P00439	Tyr204Cys	1	reviewed by expert panel	Phenylketonuria|not provided
PAH	P00439	Arg413Pro	1	reviewed by expert panel	Phenylketonuria|not provided
PAH	P00439	Tyr414Cys	1	reviewed by expert panel	Hyperphenylalaninemia|not provided|Phenylketonuria|PAH-related disorder|See cases
PAH	P00439	Ser273Phe	1	reviewed by expert panel	Phenylketonuria|not provided
PAH	P00439	Ala259Val	1	criteria provided, multiple submitters, no conflicts	Phenylketonuria|not provided
PAH	P00439	Tyr277Asp	1	reviewed by expert panel	Phenylketonuria|not provided|PAH-related disorder
PAH	P00439	Phe39Leu	1	reviewed by expert panel	Phenylketonuria|not provided|PAH-related disorder|Inborn genetic diseases
PAH	P00439	Leu48Ser	1	reviewed by expert panel	Phenylketonuria|not provided|Inborn genetic diseases|PAH-related disorder
PAH	P00439	Glu221Gly	1	reviewed by expert panel	Phenylketonuria|not provided
PAH	P00439	Arg408Gln	1	reviewed by expert panel	Phenylketonuria|not provided|PAH-related disorder|Hyperphenylalaninemia
PAH	P00439	Phe299Cys	1	criteria provided, multiple submitters, no conflicts	Phenylketonuria|not provided|PAH-related disorder
PAH	P00439	Ala322Gly	1	reviewed by expert panel	Mild non-PKU hyperphenylalanemia|not provided|Phenylketonuria|See cases
PAH	P00439	Asp415Asn	1	reviewed by expert panel	Hyperphenylalaninemia|not provided|Phenylketonuria|PAH-related disorder|Autosomal recessive PAH-related disorders
PAH	P00439	Ile306Val	1	reviewed by expert panel	Hyperphenylalaninemia|not provided|Phenylketonuria
PAH	P00439	Val388Met	1	reviewed by expert panel	Phenylketonuria|not provided
PAH	P00439	Pro244Leu	1	reviewed by expert panel	Phenylketonuria|not provided
PAH	P00439	Met1Ile	1	reviewed by expert panel	Phenylketonuria|not provided
PAH	P00439	Leu333Phe	1	reviewed by expert panel	Hyperphenylalaninemia|not provided|Phenylketonuria
PAH	P00439	Glu390Gly	1	reviewed by expert panel	Hyperphenylalaninemia|Phenylketonuria|not provided|PAH-related disorder|Mild hyperphenylalaninemia
PAH	P00439	Leu98Ser	1	reviewed by expert panel	Mild non-PKU hyperphenylalanemia|not provided|Phenylketonuria|PAH-related disorder|not specified
PAH	P00439	Thr380Met	1	reviewed by expert panel	Hyperphenylalaninemia|not provided|Phenylketonuria|Marfanoid habitus and intellectual disability|6-Pyruvoyl-tetrahydrobiopterin synthase deficiency|Inborn genetic diseases|PAH-related disorder
PAH	P00439	Gly46Ser	1	reviewed by expert panel	Phenylketonuria|not provided|Inborn genetic diseases
PAH	P00439	Ala47Val	1	reviewed by expert panel	Hyperphenylalaninemia|not provided|Phenylketonuria
PAH	P00439	Arg176Leu	1	reviewed by expert panel	Hyperphenylalaninemia|not provided|Phenylketonuria|6-Pyruvoyl-tetrahydrobiopterin synthase deficiency|Inborn genetic diseases|See cases
PAH	P00439	Val245Ala	1	reviewed by expert panel	Hyperphenylalaninemia|not provided|Phenylketonuria|Inborn genetic diseases
PAH	P00439	Pro407Leu	1	reviewed by expert panel	Phenylketonuria|not provided
PAH	P00439	Ile65Thr	1	reviewed by expert panel	Phenylketonuria|not provided|See cases|Inborn genetic diseases|PAH-related disorder
MSH2	P43246	Pro622Leu	1	reviewed by expert panel	Lynch syndrome 1|Lynch syndrome|Hereditary nonpolyposis colorectal neoplasms|Hereditary cancer-predisposing syndrome|not provided
MSH2	P43246	His639Tyr	1	reviewed by expert panel	Lynch syndrome 1|Lynch syndrome|not provided|Hereditary cancer-predisposing syndrome|Hereditary nonpolyposis colorectal neoplasms|Hereditary nonpolyposis colon cancer
MSH2	P43246	Arg524Pro	1	reviewed by expert panel	Lynch syndrome 1|Lynch syndrome|Hereditary cancer-predisposing syndrome|not provided|Hereditary nonpolyposis colorectal neoplasms|Hereditary nonpolyposis colon cancer
MSH2	P43246	Gly322Asp	0	reviewed by expert panel	MSH2 POLYMORPHISM|Lynch syndrome|not provided|not specified|Lynch syndrome 1|Hereditary cancer-predisposing syndrome|Hereditary nonpolyposis colorectal neoplasms|Carcinoma of colon|Breast carcinoma
MSH2	P43246	Ala636Pro	1	reviewed by expert panel	Lynch syndrome|Hereditary cancer-predisposing syndrome|not provided|Lynch syndrome 1|Hereditary nonpolyposis colorectal neoplasms|Lynch syndrome 1;Muir-Torré syndrome;Mismatch repair cancer syndrome 1|Carcinoma of colon
VHL	P40337	Arg167Gln	1	reviewed by expert panel	Von Hippel-Lindau syndrome|Hereditary cancer-predisposing syndrome|Chuvash polycythemia;Von Hippel-Lindau syndrome|not provided|Pheochromocytoma|Chuvash polycythemia
VHL	P40337	Arg167Gly	1	criteria provided, multiple submitters, no conflicts	Von Hippel-Lindau syndrome|Chuvash polycythemia;Von Hippel-Lindau syndrome|Hereditary cancer-predisposing syndrome
VHL	P40337	Trp88Ser	1	no assertion criteria provided	Von Hippel-Lindau syndrome
VHL	P40337	Leu135Phe	1	no assertion criteria provided	Von Hippel-Lindau syndrome
VHL	P40337	Tyr98His	1	criteria provided, multiple submitters, no conflicts	Von Hippel-Lindau syndrome|Hereditary cancer-predisposing syndrome|not provided|Von Hippel-Lindau syndrome;Chuvash polycythemia|VHL-related disorder
VHL	P40337	Val166Phe	1	criteria provided, multiple submitters, no conflicts	Von Hippel-Lindau syndrome|Hereditary cancer-predisposing syndrome|Chuvash polycythemia;Von Hippel-Lindau syndrome|not provided
VHL	P40337	Arg64Pro	1	reviewed by expert panel	Pheochromocytoma|Hereditary cancer-predisposing syndrome|Von Hippel-Lindau syndrome|not provided|Chuvash polycythemia;Von Hippel-Lindau syndrome
VHL	P40337	Tyr112Asn	1	criteria provided, multiple submitters, no conflicts	Von Hippel-Lindau syndrome|Chuvash polycythemia;Von Hippel-Lindau syndrome
VHL	P40337	Val130Leu	1	criteria provided, multiple submitters, no conflicts	Chuvash polycythemia|Von Hippel-Lindau syndrome|Hereditary cancer-predisposing syndrome|Chuvash polycythemia;Von Hippel-Lindau syndrome
VHL	P40337	Asp126Tyr	1	criteria provided, single submitter	Chuvash polycythemia|Chuvash polycythemia;Von Hippel-Lindau syndrome
VHL	P40337	Pro81Ser	0	reviewed by expert panel	Von Hippel-Lindau syndrome|Hereditary cancer-predisposing syndrome|not specified|not provided|Chuvash polycythemia;Von Hippel-Lindau syndrome|Enchondromatosis|Chuvash polycythemia|Hepatoblastoma
VHL	P40337	His191Asp	1	criteria provided, single submitter	Chuvash polycythemia|Chuvash polycythemia;Von Hippel-Lindau syndrome
VHL	P40337	Val84Leu	1	criteria provided, multiple submitters, no conflicts	Von Hippel-Lindau syndrome|Chuvash polycythemia;Von Hippel-Lindau syndrome|not provided|Hereditary cancer-predisposing syndrome
VHL	P40337	Gly93Ser	1	criteria provided, multiple submitters, no conflicts	Pheochromocytoma|Von Hippel-Lindau syndrome|Chuvash polycythemia;Von Hippel-Lindau syndrome|not provided|Hereditary cancer-predisposing syndrome|Chuvash polycythemia
VHL	P40337	Gln164Arg	1	criteria provided, multiple submitters, no conflicts	Von Hippel-Lindau syndrome|Chuvash polycythemia;Von Hippel-Lindau syndrome|Hereditary cancer-predisposing syndrome
ATM	Q13315	Phe2827Cys	1	reviewed by expert panel	Ataxia - telangiectasia variant|Ataxia-telangiectasia syndrome|Hereditary cancer-predisposing syndrome|not provided|Familial cancer of breast|ATM-related cancer predisposition
ATM	Q13315	Val2424Gly	1	reviewed by expert panel	T-cell prolymphocytic leukemia|Breast cancer, susceptibility to|Ataxia - telangiectasia variant|Hereditary cancer-predisposing syndrome|Ataxia-telangiectasia syndrome|not provided|Breast neoplasm|Familial cancer of breast;Ataxia-telangiectasia syndrome|Familial cancer of breast|Breast and/or ovarian cancer|Inherited breast cancer and ovarian cancer|NICE approved PARP inhibitor treatment|ATM-related disorder|ATM-related cancer predisposition
ATM	Q13315	Met1040Val	0	reviewed by expert panel	B-cell non-Hodgkin lymphoma|not specified|Hereditary cancer-predisposing syndrome|Ataxia-telangiectasia syndrome|not provided|Hereditary breast ovarian cancer syndrome|Breast and/or ovarian cancer|Familial cancer of breast|ATM-related cancer predisposition
ATM	Q13315	Leu2656Pro	1	criteria provided, single submitter	Ataxia-telangiectasia without immunodeficiency|not provided
ATM	Q13315	Tyr2677Cys	1	criteria provided, multiple submitters, no conflicts	Ataxia - telangiectasia variant|Ataxia-telangiectasia syndrome|Hereditary cancer-predisposing syndrome|Familial cancer of breast
ATM	Q13315	Ser49Cys	0	reviewed by expert panel	Breast cancer, susceptibility to|Ataxia-telangiectasia syndrome|Hereditary cancer-predisposing syndrome|not specified|not provided|Malignant tumor of breast|Tip-toe gait|Familial cancer of breast|Hereditary breast ovarian cancer syndrome|ATM-related cancer predisposition
LDLR	P01130	Trp87Gly	1	reviewed by expert panel	Hypercholesterolemia, familial, 1|Familial hypercholesterolemia|Homozygous familial hypercholesterolemia|not provided|Cardiovascular phenotype|Dyslipidemia
LDLR	P01130	Ser177Leu	1	reviewed by expert panel	Hypercholesterolemia, familial, 1|not provided|Familial hypercholesterolemia|Cardiovascular phenotype
LDLR	P01130	Cys667Tyr	1	reviewed by expert panel	Hypercholesterolemia, familial, 1|not provided|Familial hypercholesterolemia|Dyslipidemia|Cardiovascular phenotype
LDLR	P01130	Asp227Glu	1	reviewed by expert panel	Hypercholesterolemia, familial, 1|Familial hypercholesterolemia|not provided|Cardiovascular phenotype|Dyslipidemia
LDLR	P01130	Glu228Lys	1	reviewed by expert panel	Hypercholesterolemia, familial, 1|not provided|Familial hypercholesterolemia|Homozygous familial hypercholesterolemia|Cardiovascular phenotype|Dyslipidemia
LDLR	P01130	Asp304Asn	1	reviewed by expert panel	Hypercholesterolemia, familial, 1|Homozygous familial hypercholesterolemia|not provided|Familial hypercholesterolemia|Hypercholesterolemia|LDLR-related disorder|Cardiovascular phenotype|Dyslipidemia
LDLR	P01130	Ala431Thr	1	reviewed by expert panel	Hypercholesterolemia, familial, 1|Familial hypercholesterolemia|not provided|Cardiovascular phenotype|Homozygous familial hypercholesterolemia|Dyslipidemia
LDLR	P01130	Val523Met	1	reviewed by expert panel	Hypercholesterolemia, familial, 1|not provided|Familial hypercholesterolemia|Homozygous familial hypercholesterolemia|Cardiovascular phenotype
LDLR	P01130	Gly844Asp	1	reviewed by expert panel	Hypercholesterolemia, familial, 1|Familial hypercholesterolemia
LDLR	P01130	Cys184Tyr	1	reviewed by expert panel	Hypercholesterolemia, familial, 1|not provided|Familial hypercholesterolemia|Cardiovascular phenotype|Homozygous familial hypercholesterolemia
LDLR	P01130	Cys46Ser	1	criteria provided, multiple submitters, no conflicts	Hypercholesterolemia, familial, 1
LDLR	P01130	Cys109Ser	1	criteria provided, single submitter	Hypercholesterolemia, familial, 1
CFTR	P13569	Arg117His	1	practice guideline	Congenital bilateral aplasia of vas deferens from CFTR mutation|Cystic fibrosis|not provided|ivacaftor response - Efficacy|Cystic fibrosis;Congenital bilateral aplasia of vas deferens from CFTR mutation;Hereditary pancreatitis;Bronchiectasis with or without elevated sweat chloride 1|Cystic fibrosis;Congenital bilateral aplasia of vas deferens from CFTR mutation|CFTR-related disorder|Obstructive azoospermia|Bronchiectasis with or without elevated sweat chloride 1|Pseudomonas aeruginosa, susceptibility to chronic infection by, in cystic fibrosis|Respiratory ciliopathies including non-CF bronchiectasis
CFTR	P13569	Arg347Pro	1	practice guideline	Cystic fibrosis|Cystic fibrosis;Congenital bilateral aplasia of vas deferens from CFTR mutation|not provided|CFTR-related disorder|Cystic fibrosis;Congenital bilateral aplasia of vas deferens from CFTR mutation;Hereditary pancreatitis;Bronchiectasis with or without elevated sweat chloride 1|Bronchiectasis with or without elevated sweat chloride 1
CFTR	P13569	Ala455Glu	1	practice guideline	Cystic fibrosis|ivacaftor response - Efficacy|Congenital bilateral aplasia of vas deferens from CFTR mutation;Cystic fibrosis;Hereditary pancreatitis;Bronchiectasis with or without elevated sweat chloride 1|Congenital bilateral aplasia of vas deferens from CFTR mutation;Cystic fibrosis|not provided|CFTR-related disorder|Bronchiectasis with or without elevated sweat chloride 1
CFTR	P13569	Arg560Thr	1	practice guideline	Cystic fibrosis|not provided|not specified|Cystic fibrosis;Congenital bilateral aplasia of vas deferens from CFTR mutation|CFTR-related disorder|Cystic fibrosis;Congenital bilateral aplasia of vas deferens from CFTR mutation;Hereditary pancreatitis;Bronchiectasis with or without elevated sweat chloride 1|Bronchiectasis with or without elevated sweat chloride 1|Cystic fibrosis diagnostic test
CFTR	P13569	Tyr563Asn	1	reviewed by expert panel	Cystic fibrosis|Cystic fibrosis;CFTR-related disorder|Cystic fibrosis;Congenital bilateral aplasia of vas deferens from CFTR mutation|not provided|Bronchiectasis with or without elevated sweat chloride 1|CFTR-related disorder|Cystic fibrosis;Congenital bilateral aplasia of vas deferens from CFTR mutation;Hereditary pancreatitis;Bronchiectasis with or without elevated sweat chloride 1
CFTR	P13569	Ser549Ile	1	no assertion criteria provided	Cystic fibrosis
CFTR	P13569	Pro574His	1	reviewed by expert panel	Cystic fibrosis|Cystic fibrosis;CFTR-related disorder|Cystic fibrosis;Congenital bilateral aplasia of vas deferens from CFTR mutation|CFTR-related disorder|Cystic fibrosis;Congenital bilateral aplasia of vas deferens from CFTR mutation;Hereditary pancreatitis;Bronchiectasis with or without elevated sweat chloride 1|not provided|Bronchiectasis with or without elevated sweat chloride 1
CFTR	P13569	Gly551Asp	1	practice guideline	Cystic fibrosis|Hereditary pancreatitis|ivacaftor response - Efficacy|not provided|Cystic fibrosis;Congenital bilateral aplasia of vas deferens from CFTR mutation;Hereditary pancreatitis;Bronchiectasis with or without elevated sweat chloride 1|Cystic fibrosis;Congenital bilateral aplasia of vas deferens from CFTR mutation|CFTR-related disorder|Bronchiectasis with or without elevated sweat chloride 1|Cystic fibrosis diagnostic test
CFTR	P13569	Ala559Thr	1	reviewed by expert panel	Cystic fibrosis|not provided|Cystic fibrosis;Congenital bilateral aplasia of vas deferens from CFTR mutation|CFTR-related disorder|Cystic fibrosis;Congenital bilateral aplasia of vas deferens from CFTR mutation;Hereditary pancreatitis;Bronchiectasis with or without elevated sweat chloride 1|Bronchiectasis with or without elevated sweat chloride 1
CFTR	P13569	Gly458Val	1	criteria provided, multiple submitters, no conflicts	Cystic fibrosis
CFTR	P13569	Asn1303Lys	1	practice guideline	Cystic fibrosis|not provided|Congenital bilateral aplasia of vas deferens from CFTR mutation;Cystic fibrosis|Spermatogenic failure, Y-linked, 2|CFTR-related disorder|Hereditary pancreatitis|Bronchiectasis with or without elevated sweat chloride 1|Bronchiectasis with or without elevated sweat chloride 1;Congenital bilateral aplasia of vas deferens from CFTR mutation;Hereditary pancreatitis;Cystic fibrosis|Cystic fibrosis diagnostic test
CFTR	P13569	Arg334Trp	1	practice guideline	Cystic fibrosis|not provided|Cystic fibrosis;Congenital bilateral aplasia of vas deferens from CFTR mutation;Hereditary pancreatitis;Bronchiectasis with or without elevated sweat chloride 1|Cystic fibrosis;Congenital bilateral aplasia of vas deferens from CFTR mutation|CFTR-related disorder|Bronchiectasis with or without elevated sweat chloride 1|Cystic fibrosis;Congenital bilateral aplasia of vas deferens from CFTR mutation;Bronchiectasis with or without elevated sweat chloride 1
CFTR	P13569	Gly85Glu	1	practice guideline	Cystic fibrosis|not provided|Cystic fibrosis;Congenital bilateral aplasia of vas deferens from CFTR mutation|CFTR-related disorder|Cystic fibrosis;Congenital bilateral aplasia of vas deferens from CFTR mutation;Hereditary pancreatitis;Bronchiectasis with or without elevated sweat chloride 1|Bronchiectasis with or without elevated sweat chloride 1|Cystic fibrosis diagnostic test
CFTR	P13569	Val520Phe	1	reviewed by expert panel	Cystic fibrosis|not specified|Cystic fibrosis;Congenital bilateral aplasia of vas deferens from CFTR mutation|not provided|CFTR-related disorder|Bronchiectasis with or without elevated sweat chloride 1
CFTR	P13569	Phe311Leu	1	reviewed by expert panel	Cystic fibrosis|Obstructive azoospermia|Bronchiectasis with or without elevated sweat chloride 1|CFTR-related disorder
CFTR	P13569	Ser492Phe	1	reviewed by expert panel	Cystic fibrosis|Cystic fibrosis;Congenital bilateral aplasia of vas deferens from CFTR mutation;Hereditary pancreatitis;Bronchiectasis with or without elevated sweat chloride 1|Cystic fibrosis;Congenital bilateral aplasia of vas deferens from CFTR mutation|not provided|Bronchiectasis with or without elevated sweat chloride 1|CFTR-related disorder
CFTR	P13569	Arg560Lys	1	reviewed by expert panel	Cystic fibrosis|Bronchiectasis with or without elevated sweat chloride 1|CFTR-related disorder
CFTR	P13569	Arg1066His	1	reviewed by expert panel	Cystic fibrosis|not specified|not provided|Cystic fibrosis;Congenital bilateral aplasia of vas deferens from CFTR mutation|CFTR-related disorder|Cystic fibrosis;Congenital bilateral aplasia of vas deferens from CFTR mutation;Hereditary pancreatitis;Bronchiectasis with or without elevated sweat chloride 1|Bronchiectasis with or without elevated sweat chloride 1
CFTR	P13569	Arg1066Cys	1	reviewed by expert panel	Cystic fibrosis|not provided|Cystic fibrosis;Congenital bilateral aplasia of vas deferens from CFTR mutation|not specified|CFTR-related disorder|Cystic fibrosis;Congenital bilateral aplasia of vas deferens from CFTR mutation;Hereditary pancreatitis;Bronchiectasis with or without elevated sweat chloride 1|Bronchiectasis with or without elevated sweat chloride 1
CFTR	P13569	Arg1283Met	1	reviewed by expert panel	Cystic fibrosis|CFTR-related disorder
CFTR	P13569	Glu92Lys	1	reviewed by expert panel	Cystic fibrosis|not provided|Cystic fibrosis;CFTR-related disorder|CFTR-related disorder|Bronchiectasis with or without elevated sweat chloride 1
CFTR	P13569	Arg347His	1	reviewed by expert panel	Cystic fibrosis|not provided|Cystic fibrosis;CFTR-related disorder|Cystic fibrosis;Congenital bilateral aplasia of vas deferens from CFTR mutation|CFTR-related disorder|Bronchiectasis with or without elevated sweat chloride 1|Cystic fibrosis;Congenital bilateral aplasia of vas deferens from CFTR mutation;Hereditary pancreatitis;Bronchiectasis with or without elevated sweat chloride 1
CFTR	P13569	Gly91Arg	1	reviewed by expert panel	Cystic fibrosis|CFTR-related disorder|Bronchiectasis with or without elevated sweat chloride 1
CFTR	P13569	Thr338Ile	1	reviewed by expert panel	Cystic fibrosis|not specified|CFTR-related disorder|not provided|Bronchiectasis with or without elevated sweat chloride 1|Cystic fibrosis;Congenital bilateral aplasia of vas deferens from CFTR mutation;Hereditary pancreatitis;Bronchiectasis with or without elevated sweat chloride 1
CFTR	P13569	Asp648Val	1	no assertion criteria provided	Cystic fibrosis
CFTR	P13569	Leu1065Pro	1	reviewed by expert panel	Cystic fibrosis|not provided|Cystic fibrosis;Congenital bilateral aplasia of vas deferens from CFTR mutation|CFTR-related disorder
CFTR	P13569	Gln1071Pro	1	criteria provided, multiple submitters, no conflicts	Cystic fibrosis|CFTR-related disorder
CFTR	P13569	Ile1234Val	1	reviewed by expert panel	Cystic fibrosis|not provided|CFTR-related disorder|Bronchiectasis with or without elevated sweat chloride 1
CFTR	P13569	Asn1303His	1	no assertion criteria provided	Cystic fibrosis
CFTR	P13569	Gly1244Val	1	criteria provided, multiple submitters, no conflicts	Cystic fibrosis|Cystic fibrosis diagnostic test
CFTR	P13569	Ala561Glu	1	reviewed by expert panel	Cystic fibrosis|not provided|Cystic fibrosis;Congenital bilateral aplasia of vas deferens from CFTR mutation|CFTR-related disorder|Bronchiectasis with or without elevated sweat chloride 1
PTEN	P60484	Ser170Arg	1	reviewed by expert panel	Cowden syndrome 1|PTEN hamartoma tumor syndrome
PTEN	P60484	His123Arg	1	reviewed by expert panel	Cowden syndrome 1|not provided|PTEN hamartoma tumor syndrome|PTEN-related disorder|Neoplasm
PTEN	P60484	Cys124Arg	1	reviewed by expert panel	Cowden syndrome 1|not provided|PTEN hamartoma tumor syndrome|Hereditary cancer-predisposing syndrome|Gastric cancer
PTEN	P60484	Met35Arg	1	reviewed by expert panel	Cowden syndrome 1|PTEN hamartoma tumor syndrome|Hereditary cancer-predisposing syndrome
PTEN	P60484	Leu70Pro	1	reviewed by expert panel	Cowden syndrome 1|PTEN hamartoma tumor syndrome|Cowden syndrome 1;Prostate cancer;Familial meningioma;Glioma susceptibility 2;Macrocephaly-autism syndrome|Hereditary cancer-predisposing syndrome|Diffuse pediatric-type high-grade glioma, H3-wildtype and IDH-wildtype
PTEN	P60484	Arg130Gln	1	reviewed by expert panel	Cowden syndrome 1|Hereditary cancer-predisposing syndrome|PTEN hamartoma tumor syndrome|not provided|Ovarian neoplasm|Cowden syndrome|PTEN-related disorder|Embryonal rhabdomyosarcoma
PTEN	P60484	Leu112Pro	1	criteria provided, multiple submitters, no conflicts	Lhermitte-Duclos disease|not provided|Cowden syndrome 1
PTEN	P60484	His61Asp	1	reviewed by expert panel	Vater association with macrocephaly and ventriculomegaly|PTEN hamartoma tumor syndrome
PTEN	P60484	His93Arg	1	reviewed by expert panel	Macrocephaly-autism syndrome|PTEN hamartoma tumor syndrome|not provided|Hereditary cancer-predisposing syndrome|Cowden syndrome 1
PTEN	P60484	Asp252Gly	1	reviewed by expert panel	Macrocephaly-autism syndrome|PTEN hamartoma tumor syndrome|not provided|Hereditary cancer-predisposing syndrome|Cowden syndrome 1|Glioma susceptibility 2
PTEN	P60484	Phe241Ser	1	reviewed by expert panel	Macrocephaly-autism syndrome|PTEN hamartoma tumor syndrome|not provided
BRCA2	P51587	Asn372His	0	reviewed by expert panel	Breast-ovarian cancer, familial, susceptibility to, 2|not provided|Hereditary cancer-predisposing syndrome|not specified|Breast ductal adenocarcinoma|Fanconi anemia complementation group D1|Hereditary breast ovarian cancer syndrome|Familial cancer of breast|Breast carcinoma|8 conditions|BRCA2-related cancer predisposition
BRCA2	P51587	Thr2722Arg	1	reviewed by expert panel	Breast-ovarian cancer, familial, susceptibility to, 2|Hereditary cancer-predisposing syndrome|BRCA2-related disorder|not provided|Hereditary breast ovarian cancer syndrome|Familial cancer of breast
TP53	P04637	Arg248Trp	1	reviewed by expert panel	Li-Fraumeni syndrome 1|Hereditary cancer-predisposing syndrome|Li-Fraumeni syndrome|not provided|Neoplasm|Ovarian neoplasm|Lip and oral cavity carcinoma|Choroid plexus carcinoma|Gallbladder cancer|Breast and/or ovarian cancer|Congenital fibrosarcoma|Gastric cancer|Malignant lymphoma, large B-cell, diffuse|Adrenocortical carcinoma, hereditary|TP53-related disorder|Familial pancreatic carcinoma|Diffuse pediatric-type high-grade glioma, H3-wildtype and IDH-wildtype|Colorectal cancer|Breast phyllodes tumor|Medulloblastoma SHH activated and TP53 mutant|Diffuse glioma, H3 G34 mutant
TP53	P04637	Gly245Cys	1	criteria provided, multiple submitters, no conflicts	Li-Fraumeni syndrome 1|not provided|Li-Fraumeni syndrome|Hereditary cancer-predisposing syndrome|Breast and/or ovarian cancer|Neoplasm|Hereditary breast ovarian cancer syndrome|Ovarian mucinous adenocarcinoma
TP53	P04637	Pro72Arg	0	reviewed by expert panel	TP53 POLYMORPHISM|not provided|not specified|Li-Fraumeni syndrome 1|Hereditary cancer-predisposing syndrome|Li-Fraumeni syndrome|12 conditions|Hereditary breast ovarian cancer syndrome|Acute myeloid leukemia|Neoplasm|Cervical cancer
TP53	P04637	Arg248Gln	1	reviewed by expert panel	Li-Fraumeni syndrome 1|Li-Fraumeni syndrome|Hereditary cancer-predisposing syndrome|Sarcoma|Multiple myeloma|Neoplasm|not provided|Ovarian neoplasm|Ductal carcinoma in situ|Familial cancer of breast|11 conditions|Breast carcinoma|Lymphoma|Lip and oral cavity carcinoma|Rhabdomyosarcoma|Adrenal cortex carcinoma|Hereditary breast ovarian cancer syndrome|Colorectal cancer|12 conditions|Nasopharyngeal carcinoma|Embryonal rhabdomyosarcoma|Diffuse midline glioma, H3 K27M-mutant|Anaplastic/large cell medulloblastoma|Gastric cancer|Malignant tumor of urinary bladder|Adrenocortical carcinoma, hereditary|TP53-related disorder|Medulloblastoma WNT activated|Adenocarcinoma of the large intestine|Embryonal tumor with multilayered rosettes
TP53	P04637	Met133Thr	1	criteria provided, multiple submitters, no conflicts	Li-Fraumeni syndrome 1|Hereditary cancer-predisposing syndrome|Li-Fraumeni syndrome|not provided
TP53	P04637	Gly245Ser	1	reviewed by expert panel	Li-fraumeni-like syndrome|Hereditary cancer-predisposing syndrome|Adenocarcinoma|not provided|Li-Fraumeni syndrome 1|Li-Fraumeni syndrome|Atypical teratoid rhabdoid tumor|Astrocytoma, anaplastic|Ovarian neoplasm|Colorectal cancer|Familial ovarian cancer|Breast carcinoma|TP53-related disorder|12 conditions|Malignant tumor of urinary bladder|Gastric cancer|Adrenocortical carcinoma, hereditary|See cases|IDH-wildtype glioblastoma|Neoplasm|Medulloblastoma WNT activated|Rhabdomyosarcoma
TP53	P04637	Arg273His	1	reviewed by expert panel	Li-Fraumeni syndrome 1|Thyroid gland undifferentiated (anaplastic) carcinoma|Hereditary cancer-predisposing syndrome|not provided|Lung adenocarcinoma|Neoplasm|Squamous cell carcinoma of the head and neck|Li-Fraumeni syndrome|Ovarian neoplasm|Rhabdomyosarcoma|Malignant tumor of breast|Colorectal cancer;Multiple myeloma|Familial cancer of breast|Gastric cancer|Adrenocortical carcinoma, hereditary|Breast and/or ovarian cancer|TP53-related disorder|12 conditions|Diffuse pediatric-type high-grade glioma, H3-wildtype and IDH-wildtype|Diffuse midline glioma, H3 K27M-mutant|Ewing sarcoma|Desmoplastic small round cell tumor
TP53	P04637	Arg175His	1	reviewed by expert panel	Li-Fraumeni syndrome 1|Hereditary cancer-predisposing syndrome|not provided|Li-Fraumeni syndrome|Malignant tumor of esophagus|Neoplasm|Ovarian neoplasm|Lip and oral cavity carcinoma|Squamous cell carcinoma of the head and neck|Colorectal cancer|Familial cancer of breast|12 conditions|Gastric cancer|Adrenocortical carcinoma, hereditary|TP53-related disorder|IDH-wildtype glioblastoma|Medulloblastoma SHH activated and TP53 mutant|Undifferentiated embryonal sarcoma of the liver|Neuroblastoma|Astrocytoma IDH-mutant|Diffuse midline glioma, H3 K27M-mutant
TP53	P04637	Leu344Pro	1	reviewed by expert panel	Li-Fraumeni syndrome 1|Li-Fraumeni syndrome|Hereditary cancer-predisposing syndrome|Adrenocortical carcinoma, hereditary|Adrenal cortex carcinoma
TP53	P04637	Ala138Pro	1	reviewed by expert panel	Li-Fraumeni syndrome 1|Li-Fraumeni syndrome|Hereditary cancer-predisposing syndrome|not provided
TP53	P04637	Tyr220Ser	1	criteria provided, multiple submitters, no conflicts	Li-Fraumeni syndrome 1|Li-Fraumeni syndrome|Ovarian neoplasm|Hereditary cancer-predisposing syndrome|not provided|Undifferentiated embryonal sarcoma of the liver
TP53	P04637	Glu285Val	1	criteria provided, single submitter	ADRENOCORTICAL CARCINOMA, PEDIATRIC|Choroid plexus carcinoma|Li-Fraumeni syndrome|Neoplasm
MYC	P01106	Pro72Ser	1	no assertion criteria provided	Burkitt lymphoma
MYC	P01106	Asn101Thr	1	no assertion criteria provided	Burkitt lymphoma
MYC	P01106	Glu54Asp	1	no assertion criteria provided	Burkitt lymphoma
KRAS	P01116	Gly12Cys	1	criteria provided, single submitter	Lung carcinoma|Non-small cell lung carcinoma|Endometrial carcinoma|Lung adenocarcinoma|Gallbladder cancer|not provided|RASopathy|Lung cancer|Neoplasm|Adenocarcinoma of the large intestine|Embryonal rhabdomyosarcoma|Diffuse pediatric-type high-grade glioma, H3-wildtype and IDH-wildtype|Ovarian mucinous adenocarcinoma
KRAS	P01116	Gly13Asp	1	criteria provided, multiple submitters, no conflicts	Breast adenocarcinoma|Non-small cell lung carcinoma|Juvenile myelomonocytic leukemia|not provided|Inborn genetic diseases|Nevus sebaceous|Noonan syndrome and Noonan-related syndrome|Encephalocraniocutaneous lipomatosis|OCULOECTODERMAL SYNDROME, SOMATIC|RASopathy|Neoplasm|KRAS-related disorder|Melanoma|Acute myeloid leukemia|Malignant tumor of urinary bladder|Cervical cancer|Colorectal cancer|Adenocarcinoma of the large intestine|Embryonal rhabdomyosarcoma|Diffuse midline glioma, H3 K27M-mutant|RAS-ASSOCIATED AUTOIMMUNE LEUKOPROLIFERATIVE DISORDER 2, SOMATIC|Familial pancreatic carcinoma
KRAS	P01116	Ala59Thr	1	no assertion criteria provided	Bladder cancer, transitional cell, somatic
KRAS	P01116	Gly12Val	1	criteria provided, multiple submitters, no conflicts	Nevus sebaceous|Carcinoma of pancreas|Juvenile myelomonocytic leukemia|Non-small cell lung carcinoma|not provided|Cerebral arteriovenous malformation|Chronic myeloid leukemia|Linear nevus sebaceous syndrome|Neoplasm|Adenocarcinoma of the large intestine|Germinoma|Colorectal cancer|Ovarian mucinous adenocarcinoma|Lung sarcomatoid carcinoma|RASopathy
KRAS	P01116	Gly12Ser	1	criteria provided, multiple submitters, no conflicts	Non-small cell lung carcinoma|Gastric cancer|Juvenile myelomonocytic leukemia|Ovarian neoplasm|RASopathy|not provided|Neoplasm|Vascular malformation|Cardiofaciocutaneous syndrome 2|Rhabdomyosarcoma|Neuroblastoma
KRAS	P01116	Gly60Arg	1	reviewed by expert panel	Cardiofaciocutaneous syndrome 2|RASopathy|not provided|Cardio-facio-cutaneous syndrome|Cardio-facio-cutaneous syndrome;Noonan syndrome|Inborn genetic diseases|Noonan syndrome 3
KRAS	P01116	Asp153Val	1	reviewed by expert panel	Noonan syndrome 3|Cardiofaciocutaneous syndrome 2|RASopathy|not provided|not specified|11 conditions|Cardio-facio-cutaneous syndrome;Noonan syndrome|Noonan syndrome 1|Cardiovascular phenotype|Paediatric or syndromic cardiomyopathy|KRAS-related disorder
KRAS	P01116	Thr58Ile	1	reviewed by expert panel	Noonan syndrome 3|not provided|Noonan syndrome|RASopathy
KRAS	P01116	Val14Ile	1	reviewed by expert panel	Noonan syndrome 3|Endometrial carcinoma|RASopathy|not provided|Noonan syndrome;Cardio-facio-cutaneous syndrome|Noonan syndrome and Noonan-related syndrome|Cardiovascular phenotype|Colorectal cancer|Cardiofaciocutaneous syndrome 2;Noonan syndrome 3
KRAS	P01116	Gly13Arg	1	criteria provided, single submitter	Pilocytic astrocytoma|Non-small cell lung carcinoma|not provided
KRAS	P01116	Lys5Asn	1	reviewed by expert panel	Cardiofaciocutaneous syndrome 2|not provided|Inborn genetic diseases|RASopathy
KRAS	P01116	Gly60Ser	1	criteria provided, multiple submitters, no conflicts	Noonan syndrome 3|not provided|RASopathy|Cardiofaciocutaneous syndrome 2|Fetal anomalies with a likely genetic cause
RB1	P06400	Ser567Leu	1	criteria provided, multiple submitters, no conflicts	Retinoblastoma|not provided
RB1	P06400	Arg661Trp	1	criteria provided, multiple submitters, no conflicts	Retinoblastoma|Hereditary cancer-predisposing syndrome|Small cell lung carcinoma;Malignant tumor of urinary bladder;Retinoblastoma;Bone osteosarcoma|not provided|Vulvar adenocarcinoma of mammary gland type|Neoplasm|Hereditary retinoblastoma
BRAF	P15056	Arg462Ile	1	no assertion criteria provided	Carcinoma of colon
BRAF	P15056	Ile463Ser	1	no assertion criteria provided	Carcinoma of colon
BRAF	P15056	Gly464Glu	1	reviewed by expert panel	Carcinoma of colon|RASopathy|not provided|Cardio-facio-cutaneous syndrome;Noonan syndrome|Cardio-facio-cutaneous syndrome|Cardiofaciocutaneous syndrome 1
BRAF	P15056	Ala246Pro	1	reviewed by expert panel	Cardiofaciocutaneous syndrome 1|Cardio-facio-cutaneous syndrome;Noonan syndrome|Cardio-facio-cutaneous syndrome|not provided|Noonan syndrome|RASopathy|Noonan syndrome 1|Noonan syndrome 7
BRAF	P15056	Lys601Glu	1	criteria provided, single submitter	Thyroid cancer, nonmedullary, 2|Carcinoma of colon|Non-small cell lung carcinoma|Lung adenocarcinoma|Diffuse pediatric-type high-grade glioma, H3-wildtype and IDH-wildtype|Neuroblastoma|Neoplasm
BRAF	P15056	Gly466Val	1	no assertion criteria provided	Lung adenocarcinoma|Non-small cell lung carcinoma
BRAF	P15056	Leu597Arg	1	no assertion criteria provided	Lung adenocarcinoma|Neuroblastoma
BRAF	P15056	Leu597Val	1	criteria provided, multiple submitters, no conflicts	Non-small cell lung carcinoma|Noonan syndrome 7|Cardio-facio-cutaneous syndrome;Noonan syndrome|Noonan syndrome 1|not provided|Noonan syndrome and Noonan-related syndrome|Cardio-facio-cutaneous syndrome|RASopathy|Noonan syndrome 7;LEOPARD syndrome 3;Cardiofaciocutaneous syndrome 1
BRAF	P15056	Gly469Ala	1	criteria provided, single submitter	Non-Hodgkin lymphoma|Non-small cell lung carcinoma|Ganglioglioma|Nasopharyngeal carcinoma|Neoplasm|Neuroblastoma
BRAF	P15056	Gln257Arg	1	reviewed by expert panel	Cardiofaciocutaneous syndrome 1|RASopathy|not provided|Cardio-facio-cutaneous syndrome|LEOPARD syndrome 3;Noonan syndrome 7;Cardiofaciocutaneous syndrome 1|Noonan syndrome 7|LEOPARD syndrome 3|Noonan syndrome and Noonan-related syndrome|Noonan syndrome 1|6 conditions|BRAF-related disorder|Cardiovascular phenotype
BRAF	P15056	Gly469Glu	1	reviewed by expert panel	Cardiofaciocutaneous syndrome 1|RASopathy|not provided|Cardio-facio-cutaneous syndrome|not specified|Noonan syndrome and Noonan-related syndrome|Noonan syndrome 7|Noonan syndrome 1|Neoplasm
BRAF	P15056	Leu485Phe	1	reviewed by expert panel	Cardiofaciocutaneous syndrome 1|Cardio-facio-cutaneous syndrome|Cardio-facio-cutaneous syndrome;Noonan syndrome|not provided|RASopathy|Ataxia-telangiectasia syndrome|BRAF-related disorder|Cardiovascular phenotype
BRAF	P15056	Asn581Asp	1	reviewed by expert panel	Cardiofaciocutaneous syndrome 1|not provided|Cardio-facio-cutaneous syndrome|RASopathy|Noonan syndrome 1|Cardiovascular phenotype|LEOPARD syndrome 3;Noonan syndrome 7;Cardiofaciocutaneous syndrome 1
HBB	P68871	Lys145Asn	1	criteria provided, single submitter	HEMOGLOBIN ANDREW-MINNEAPOLIS|not provided|Erythrocytosis, familial, 6
HBB	P68871	Tyr146His	1	criteria provided, single submitter	HEMOGLOBIN BETHESDA|Erythrocytosis, familial, 6|not provided
HBB	P68871	Phe86Ser	1	criteria provided, single submitter	Hemoglobinopathy|not provided
HBB	P68871	Lys67Thr	1	criteria provided, multiple submitters, no conflicts	HEMOGLOBIN CHICO|not provided
HBB	P68871	Glu27Lys	1	criteria provided, multiple submitters, no conflicts	Hemoglobin E|BETA-PLUS-THALASSEMIA|Hemoglobin E/beta thalassemia disease|Malaria, resistance to|Hb SS disease|beta Thalassemia|not specified|not provided|Hemoglobin E disease|Anemia|9 conditions|Inborn genetic diseases|Beta-thalassemia HBB/LCRB|Malaria, susceptibility to|8 conditions|Heinz body anemia;Hb SS disease;Beta-thalassemia HBB/LCRB;alpha Thalassemia;Dominant beta-thalassemia|HBB-related disorder|7 conditions|Hereditary persistence of fetal hemoglobin|Hemoglobin E/beta- thalassemia
HBB	P68871	Glu7Ala	0	criteria provided, single submitter	HEMOGLOBIN G (MAKASSAR)|not specified
HBB	P68871	Glu8Gly	0	criteria provided, multiple submitters, no conflicts	HEMOGLOBIN G (SAN JOSE)|not provided|not specified
HBB	P68871	Leu29Pro	1	criteria provided, single submitter	HEMOGLOBIN GENOVA|HEMOGLOBIN HYOGO|Hemoglobinopathy
HBB	P68871	Gly57Arg	0	criteria provided, single submitter	HEMOGLOBIN HAMADAN|not provided
HBB	P68871	Phe43Ser	1	criteria provided, multiple submitters, no conflicts	HEMOGLOBIN HAMMERSMITH|HEMOGLOBIN CHIBA|Heinz body anemia|not provided|beta Thalassemia
HBB	P68871	Lys83Met	1	criteria provided, single submitter	HEMOGLOBIN HELSINKI|Erythrocytosis, familial, 6|not provided
HBB	P68871	Asn140Lys	0	criteria provided, single submitter	HEMOGLOBIN HINSDALE|not provided
HBB	P68871	Glu44Gln	0	no assertion criteria provided	not specified
HBB	P68871	His93Gln	1	no assertion criteria provided	HEMOGLOBIN SAINT ETIENNE
HBB	P68871	Val110Leu	1	criteria provided, single submitter	HEMOGLOBIN JOHNSTOWN|not provided
HBB	P68871	Lys133Gln	0	criteria provided, multiple submitters, no conflicts	HEMOGLOBIN K (WOOLWICH)|not specified|not provided
HBB	P68871	Arg31Thr	1	criteria provided, multiple submitters, no conflicts	beta Thalassemia|not provided|Hb SS disease|Beta-thalassemia major|Beta-thalassemia HBB/LCRB|HBB-related disorder|8 conditions
HBB	P68871	Asn103Thr	0	no assertion criteria provided	not specified
HBB	P68871	Ala28Ser	1	reviewed by expert panel	HEMOGLOBIN KNOSSOS|BETA-PLUS-THALASSEMIA|Beta-Knossos-thalassemia|beta Thalassemia|not provided|Hemoglobinopathy|Hb SS disease|Malaria, susceptibility to|8 conditions|Beta-thalassemia HBB/LCRB
HBB	P68871	Val99Met	1	criteria provided, multiple submitters, no conflicts	Hemoglobinopathy|Heinz body anemia|beta Thalassemia|not provided
HBB	P68871	Phe43Leu	1	criteria provided, single submitter	Hemolytic anemia|beta Thalassemia
HBB	P68871	Gly30Asp	1	criteria provided, single submitter	HEMOGLOBIN LUFKIN|not provided
HBB	P68871	His93Tyr	1	criteria provided, single submitter	HEMOGLOBIN M (MILWAUKEE 2)|HEMOGLOBIN M (HYDE PARK)|HEMOGLOBIN M (AKITA)|METHEMOGLOBINEMIA, BETA TYPE|not provided
HBB	P68871	Ala116Pro	1	criteria provided, single submitter	HEMOGLOBIN MADRID|Dominant beta-thalassemia
HBB	P68871	Asn20Ser	1	criteria provided, multiple submitters, no conflicts	HEMOGLOBIN MALAY|BETA-PLUS-THALASSEMIA|Beta-Malay-thalassemia|beta Thalassemia|not provided
HBB	P68871	Leu69Pro	1	criteria provided, single submitter	HEMOGLOBIN MIZUHO|Atypical hemolytic-uremic syndrome
HBB	P68871	Lys9Glu	1	criteria provided, single submitter	HEMOGLOBIN N (TIMONE)|not provided
HBB	P68871	Val135Glu	1	no assertion criteria provided	Hemoglobinopathy
HBB	P68871	His3Gln	0	criteria provided, single submitter	HEMOGLOBIN OKAYAMA|not provided
HBB	P68871	Leu33Pro	1	criteria provided, single submitter	HEMOGLOBIN PERTH|HEMOGLOBIN ABRAHAM LINCOLN|HEMOGLOBIN KOBE|not provided
HBB	P68871	Glu91Asp	1	criteria provided, single submitter	HEMOGLOBIN PIERRE-BENITE|Hemoglobinopathy
HBB	P68871	Val35Phe	1	criteria provided, multiple submitters, no conflicts	Erythrocytosis|Erythrocytosis, familial, 6|not provided|8 conditions
HBB	P68871	Tyr146Cys	1	criteria provided, multiple submitters, no conflicts	HEMOGLOBIN RAINIER|Erythrocytosis, familial, 6|not provided
HBB	P68871	Glu102Gln	1	criteria provided, single submitter	HEMOGLOBIN RUSH|beta Thalassemia
HBB	P68871	Leu92Pro	1	criteria provided, single submitter	HEMOGLOBIN SABINE|not specified
HBB	P68871	Val110Met	1	criteria provided, multiple submitters, no conflicts	HEMOGLOBIN SAN DIEGO|beta Thalassemia|Erythrocytosis, familial, 6|Hemoglobinopathy|not provided
HBB	P68871	Phe43Val	1	no assertion criteria provided	Hemolytic anemia
HBB	P68871	Gln132Pro	1	criteria provided, single submitter	HEMOGLOBIN SHANGHAI|not provided
HBB	P68871	Arg105Thr	0	criteria provided, single submitter	HEMOGLOBIN SHERWOOD FOREST|not specified
HBB	P68871	Leu111Pro	1	criteria provided, multiple submitters, no conflicts	HEMOGLOBIN SHOWA-YAKUSHIJI|BETA-PLUS-THALASSEMIA|Beta-Showa-Yakushiji thalassemia|beta Thalassemia|Hb SS disease|not provided|Beta-thalassemia HBB/LCRB
HBB	P68871	Leu107Pro	1	criteria provided, single submitter	HEMOGLOBIN SOUTHAMPTON|HEMOGLOBIN CASPER|Hemolytic anemia
HBB	P68871	His144Pro	1	criteria provided, single submitter	HEMOGLOBIN SYRACUSE|Erythrocytosis, familial, 6|not provided
HBB	P68871	Asp80Tyr	0	criteria provided, single submitter	HEMOGLOBIN TAMPA|not provided
HBB	P68871	Leu107Gln	1	criteria provided, single submitter	METHEMOGLOBINEMIA, BETA TYPE
HBB	P68871	Ala28Asp	1	criteria provided, single submitter	HEMOGLOBIN VOLGA|HEMOGLOBIN DRENTHE|not provided
HBB	P68871	His98Leu	1	criteria provided, single submitter	HEMOGLOBIN WOOD|Erythrocytosis, familial, 6|not provided
HBB	P68871	His147Pro	1	criteria provided, single submitter	HEMOGLOBIN YORK|Erythrocytosis, familial, 6|Beta-thalassemia HBB/LCRB
HBB	P68871	Asp100Tyr	1	criteria provided, single submitter	HEMOGLOBIN YPSILANTI|Erythrocytosis, familial, 6
HBB	P68871	Asp22Tyr	0	criteria provided, single submitter	HEMOGLOBIN YUSA|not provided
HBB	P68871	His64Arg	1	criteria provided, multiple submitters, no conflicts	HEMOGLOBIN ZURICH|not provided|Hemoglobinopathy|beta Thalassemia
HBB	P68871	Gln128Pro	1	criteria provided, single submitter	|BETA-PLUS-THALASSEMIA, DOMINANT|not specified
HBB	P68871	Met1Arg	1	criteria provided, multiple submitters, no conflicts	Beta zero thalassemia|not provided|beta Thalassemia|Hb SS disease|8 conditions|Beta-thalassemia HBB/LCRB
HBB	P68871	Leu115Met	1	criteria provided, single submitter	HEMOGLOBIN ZENGCHENG|beta Thalassemia
HBB	P68871	Thr88Ile	1	criteria provided, single submitter	not specified|not provided
HBB	P68871	His93Asn	1	no assertion criteria provided	Hemoglobinopathy
HBB	P68871	Met1Ile	1	criteria provided, multiple submitters, no conflicts	Beta zero thalassemia|not specified|not provided|beta Thalassemia|Dominant beta-thalassemia
HBB	P68871	Ala116Asp	1	criteria provided, multiple submitters, no conflicts	Hemoglobinopathy|Dominant beta-thalassemia|not provided
HBB	P68871	Leu33Gln	1	criteria provided, single submitter	not provided
HBB	P68871	Val68Met	1	criteria provided, multiple submitters, no conflicts	HEMOGLOBIN BRISTOL|HEMOGLOBIN ALESHA|not provided|Hemoglobinopathy
HBB	P68871	Ala141Val	1	criteria provided, single submitter	HEMOGLOBIN PUTTELANGE|Hemoglobinopathy
HBB	P68871	Phe46Cys	1	criteria provided, single submitter	HEMOGLOBIN ARTA|8 conditions
HBB	P68871	Glu27Gly	1	no assertion criteria provided	-
HBB	P68871	His144Tyr	0	criteria provided, multiple submitters, no conflicts	not specified|not provided
HBB	P68871	His117Tyr	0	criteria provided, single submitter	HEMOGLOBIN TSUKUMI|not provided
HBB	P68871	His98Asn	1	criteria provided, single submitter	HEMOGLOBIN SANTA CLARA|not provided
FBN1	P35555	Arg1137Pro	1	no assertion criteria provided	MARFAN SYNDROME, SEVERE CLASSIC
FBN1	P35555	Cys2307Ser	1	criteria provided, single submitter	MARFAN SYNDROME, MILD VARIABLE|Marfan syndrome|Familial thoracic aortic aneurysm and aortic dissection;Marfan syndrome
FBN1	P35555	Cys1249Ser	1	criteria provided, single submitter	Marfan syndrome|Familial thoracic aortic aneurysm and aortic dissection
FBN1	P35555	Cys1663Arg	1	criteria provided, single submitter	Marfan syndrome|Familial thoracic aortic aneurysm and aortic dissection;Marfan syndrome
FBN1	P35555	Cys2221Ser	1	criteria provided, single submitter	Marfan syndrome|Familial thoracic aortic aneurysm and aortic dissection;Marfan syndrome
FBN1	P35555	Cys1117Tyr	1	criteria provided, single submitter	Marfan syndrome|Familial thoracic aortic aneurysm and aortic dissection;Marfan syndrome
FBN1	P35555	Cys1242Tyr	1	criteria provided, multiple submitters, no conflicts	Marfan syndrome|Familial thoracic aortic aneurysm and aortic dissection;Marfan syndrome
FBN1	P35555	Cys1074Arg	1	no assertion criteria provided	Neonatal Marfan syndrome
FBN1	P35555	Arg122Cys	1	criteria provided, multiple submitters, no conflicts	Marfan syndrome, atypical|Marfan syndrome|not provided|High palate;Lens subluxation;Aortic dissection;Arachnodactyly|not specified|Familial thoracic aortic aneurysm and aortic dissection;Marfan syndrome|Familial thoracic aortic aneurysm and aortic dissection|8 conditions
FBN1	P35555	Cys1223Tyr	1	criteria provided, single submitter	Marfan syndrome|Cardiovascular phenotype
FBN1	P35555	Asn1131Tyr	1	no assertion criteria provided	Neonatal Marfan syndrome
FBN1	P35555	Cys1265Arg	1	no assertion criteria provided	Marfan syndrome
FBN1	P35555	Arg1170His	0	reviewed by expert panel	Marfan syndrome|not specified|Geleophysic dysplasia|Weill-Marchesani syndrome|Stiff skin syndrome|Acromicric dysplasia|MASS syndrome|Familial thoracic aortic aneurysm and aortic dissection|Ectopia lentis 1, isolated, autosomal dominant|not provided|8 conditions|Ectopia lentis;MASS syndrome;Weill-Marchesani syndrome;Marfan syndrome;Congenital aneurysm of ascending aorta|Marfan syndrome;Familial thoracic aortic aneurysm and aortic dissection|Disproportionate tall stature|FBN1-related disorder
FBN1	P35555	Gly985Glu	1	criteria provided, single submitter	Marfan syndrome, atypical|Familial thoracic aortic aneurysm and aortic dissection
FBN1	P35555	Gly1013Arg	1	no assertion criteria provided	Marfan syndrome
FBN1	P35555	Glu1073Lys	1	criteria provided, multiple submitters, no conflicts	Neonatal Marfan syndrome|not provided|Marfan syndrome|Loeys-Dietz syndrome|Marfan syndrome;Familial thoracic aortic aneurysm and aortic dissection|Familial thoracic aortic aneurysm and aortic dissection
FBN1	P35555	Tyr754Cys	1	criteria provided, multiple submitters, no conflicts	Marfan syndrome|Marfan Syndrome/Loeys-Dietz Syndrome/Familial Thoracic Aortic Aneurysms and Dissections|Familial thoracic aortic aneurysm and aortic dissection;Marfan syndrome|Familial thoracic aortic aneurysm and aortic dissection
FBN1	P35555	Cys1032Tyr	1	criteria provided, single submitter	Neonatal Marfan syndrome|Familial thoracic aortic aneurysm and aortic dissection;Marfan syndrome
FBN1	P35555	Cys1129Tyr	1	criteria provided, single submitter	Marfan syndrome|Familial thoracic aortic aneurysm and aortic dissection;Marfan syndrome
FBN1	P35555	Cys1221Tyr	1	no assertion criteria provided	Marfan syndrome
FBN1	P35555	Cys1086Tyr	1	no assertion criteria provided	Neonatal Marfan syndrome
FBN1	P35555	Arg485Cys	1	reviewed by expert panel	MARFAN SYNDROME, AUTOSOMAL RECESSIVE|not specified|Marfan syndrome|Familial thoracic aortic aneurysm and aortic dissection;Marfan syndrome|Familial thoracic aortic aneurysm and aortic dissection|not provided
FBN1	P35555	Trp1570Cys	1	no assertion criteria provided	Stiff skin syndrome
FBN1	P35555	Cys1564Ser	1	no assertion criteria provided	Stiff skin syndrome
FBN1	P35555	Cys1577Gly	1	criteria provided, single submitter	Stiff skin syndrome|Familial thoracic aortic aneurysm and aortic dissection;Marfan syndrome
MLH1	P40692	Ser44Phe	1	reviewed by expert panel	Colorectal cancer, hereditary nonpolyposis, type 2|Lynch syndrome|not provided|Hereditary cancer-predisposing syndrome
MLH1	P40692	His329Pro	1	reviewed by expert panel	Colorectal cancer, hereditary nonpolyposis, type 2|Lynch syndrome|Hereditary cancer-predisposing syndrome|Hereditary nonpolyposis colorectal neoplasms
MLH1	P40692	Gly67Trp	1	reviewed by expert panel	Colorectal cancer, hereditary nonpolyposis, type 2|Lynch syndrome|Mismatch repair cancer syndrome 1|Hereditary cancer-predisposing syndrome
MLH1	P40692	Glu578Gly	0	reviewed by expert panel	Colorectal cancer, hereditary nonpolyposis, type 2|Lynch syndrome|Hereditary cancer-predisposing syndrome|not specified|Hereditary nonpolyposis colorectal neoplasms|not provided|Muir-Torré syndrome
MLH1	P40692	Thr117Met	1	reviewed by expert panel	Colorectal cancer, hereditary nonpolyposis, type 2|Lynch syndrome|Lynch syndrome 1|not provided|Hereditary nonpolyposis colorectal neoplasms|Hereditary cancer-predisposing syndrome|Endometrial carcinoma|Lynch-like syndrome|Colon cancer|Colorectal cancer, hereditary nonpolyposis, type 2;Muir-Torré syndrome;Mismatch repair cancer syndrome 1|Inherited MMR deficiency (Lynch syndrome)
MLH1	P40692	Asp132His	0	reviewed by expert panel	Colorectal cancer, sporadic, susceptibility to|Lynch syndrome|Hereditary cancer-predisposing syndrome|not specified|not provided|Hereditary nonpolyposis colorectal neoplasms|Colorectal cancer, hereditary nonpolyposis, type 2|Breast and/or ovarian cancer
MLH1	P40692	Pro648Ser	1	reviewed by expert panel	Colorectal cancer, hereditary nonpolyposis, type 2|Lynch syndrome|Hereditary cancer-predisposing syndrome|Hereditary nonpolyposis colorectal neoplasms|not provided|Mismatch repair cancer syndrome 1
MLH1	P40692	Ala681Thr	1	reviewed by expert panel	Colorectal cancer, hereditary nonpolyposis, type 2|Lynch syndrome|Hereditary cancer-predisposing syndrome|not specified|Hereditary nonpolyposis colorectal neoplasms|not provided|Muir-Torré syndrome;Colorectal cancer, hereditary nonpolyposis, type 2;Mismatch repair cancer syndrome 1|Hereditary nonpolyposis colon cancer|Muir-Torré syndrome|Hereditary breast ovarian cancer syndrome|Inherited MMR deficiency (Lynch syndrome)
MLH1	P40692	Gly67Glu	1	reviewed by expert panel	Colorectal cancer, hereditary nonpolyposis, type 2|Lynch syndrome|Hereditary cancer-predisposing syndrome|not provided|Hereditary nonpolyposis colorectal neoplasms
COL1A1	P02452	Gly275Asp	1	no assertion criteria provided	Osteogenesis imperfecta, perinatal lethal
COL1A1	P02452	Gly272Cys	1	criteria provided, multiple submitters, no conflicts	Osteogenesis imperfecta type I|Infantile cortical hyperostosis
COL1A1	P02452	Gly353Cys	1	criteria provided, single submitter	Osteogenesis imperfecta with normal sclerae, dominant form|Osteogenesis imperfecta type I
COL1A1	P02452	Gly569Arg	1	no assertion criteria provided	Osteogenesis imperfecta, perinatal lethal
COL1A1	P02452	Gly704Cys	1	criteria provided, single submitter	Osteogenesis imperfecta type III|Osteogenesis imperfecta with normal sclerae, dominant form
COL1A1	P02452	Gly737Asp	1	no assertion criteria provided	Osteogenesis imperfecta, perinatal lethal
COL1A1	P02452	Gly851Asp	1	no assertion criteria provided	Osteogenesis imperfecta, perinatal lethal
COL1A1	P02452	Gly845Arg	1	criteria provided, multiple submitters, no conflicts	Osteogenesis imperfecta, perinatal lethal|not provided|Osteogenesis imperfecta type I
COL1A1	P02452	Gly869Cys	1	criteria provided, single submitter	Osteogenesis imperfecta, perinatal lethal|not provided
COL1A1	P02452	Gly896Cys	1	no assertion criteria provided	Osteogenesis imperfecta, perinatal lethal
COL1A1	P02452	Gly926Cys	1	no assertion criteria provided	Osteogenesis imperfecta, perinatal lethal
COL1A1	P02452	Gly1010Ser	1	criteria provided, single submitter	Osteogenesis imperfecta with normal sclerae, dominant form
COL1A1	P02452	Gly1022Ser	1	criteria provided, single submitter	Osteogenesis imperfecta type III|COL1A1-related disorder
COL1A1	P02452	Gly1025Arg	1	no assertion criteria provided	Osteogenesis imperfecta, perinatal lethal
COL1A1	P02452	Gly1061Asp	1	no assertion criteria provided	Osteogenesis imperfecta, perinatal lethal
COL1A1	P02452	Gly1082Cys	1	no assertion criteria provided	Osteogenesis imperfecta, perinatal lethal
COL1A1	P02452	Gly1091Ser	1	no assertion criteria provided	Osteogenesis imperfecta, perinatal lethal
COL1A1	P02452	Gly1166Cys	1	no assertion criteria provided	Osteogenesis imperfecta, perinatal lethal
COL1A1	P02452	Gly1187Ser	1	no assertion criteria provided	Osteogenesis imperfecta, perinatal lethal
COL1A1	P02452	Gly356Cys	1	no assertion criteria provided	Osteogenesis imperfecta type I
COL1A1	P02452	Gly719Asp	1	no assertion criteria provided	Osteogenesis imperfecta, perinatal lethal
COL1A1	P02452	Gly332Arg	1	criteria provided, multiple submitters, no conflicts	Osteogenesis imperfecta type III|Osteogenesis imperfecta|not provided|Osteogenesis imperfecta with normal sclerae, dominant form|Osteogenesis imperfecta type I|7 conditions|COL1A1-related disorder
COL1A1	P02452	Gly815Val	1	no assertion criteria provided	Osteogenesis imperfecta, perinatal lethal
COL1A1	P02452	Gly593Cys	1	criteria provided, single submitter	Osteogenesis imperfecta, type III/IV|8 conditions
COL1A1	P02452	Gly263Arg	1	criteria provided, single submitter	Osteogenesis imperfecta|Osteogenesis imperfecta type I
COL1A1	P02452	Gly1184Val	1	no assertion criteria provided	OSTEOGENESIS IMPERFECTA, TYPE IIC
COL1A1	P02452	Gly1151Val	1	criteria provided, single submitter	not provided|Osteogenesis imperfecta, perinatal lethal
COL1A1	P02452	Gly434Val	1	no assertion criteria provided	Osteogenesis imperfecta, perinatal lethal
COL1A1	P02452	Gly221Cys	1	criteria provided, single submitter	Osteogenesis imperfecta type 1, mild|Osteogenesis imperfecta type I
COL1A1	P02452	Gly1079Ser	1	criteria provided, multiple submitters, no conflicts	Osteogenesis imperfecta type I|not provided|COL1A1-related disorder|Osteogenesis imperfecta with normal sclerae, dominant form;Osteogenesis imperfecta type I;Osteogenesis imperfecta, perinatal lethal;Osteogenesis imperfecta type III
COL1A1	P02452	Gly980Val	1	criteria provided, single submitter	Osteogenesis imperfecta, perinatal lethal|not provided
COL1A1	P02452	Gly530Ser	1	criteria provided, multiple submitters, no conflicts	Osteogenesis imperfecta type III|Osteogenesis imperfecta type I|not provided|Osteogenesis imperfecta with normal sclerae, dominant form|autosomal dominant COL1A1-related osteogenesis imperfecta
COL1A1	P02452	Gly743Val	1	no assertion criteria provided	Osteogenesis imperfecta, perinatal lethal
COL1A1	P02452	Gly533Asp	1	no assertion criteria provided	Osteogenesis imperfecta, perinatal lethal
COL1A1	P02452	Gly1040Ser	1	criteria provided, multiple submitters, no conflicts	Osteogenesis imperfecta type III|not provided|Osteogenesis imperfecta type I|Osteogenesis imperfecta, perinatal lethal|autosomal dominant COL1A1-related osteogenesis imperfecta
COL1A1	P02452	Gly839Ser	1	no assertion criteria provided	Osteogenesis imperfecta type III|Osteogenesis imperfecta with normal sclerae, dominant form
COL1A1	P02452	Leu1464Pro	1	criteria provided, multiple submitters, no conflicts	Osteogenesis imperfecta type III|Osteogenesis imperfecta type I|not provided
COL1A1	P02452	Gly191Ala	1	criteria provided, single submitter	Osteogenesis imperfecta type 1, mild|Osteogenesis imperfecta type I
COL1A1	P02452	Trp1312Cys	1	no assertion criteria provided	Osteogenesis imperfecta type 2, thin-bone
COL1A1	P02452	Gly764Val	1	no assertion criteria provided	Osteogenesis imperfecta, perinatal lethal
COL1A1	P02452	Arg1014Cys	1	criteria provided, multiple submitters, no conflicts	Infantile cortical hyperostosis|not provided|Osteogenesis imperfecta type I|7 conditions
COL1A1	P02452	Gly191Asp	1	criteria provided, single submitter	Combined osteogenesis imperfecta and Ehlers-Danlos syndrome 1|Osteogenesis imperfecta type I
COL1A1	P02452	Gly254Glu	1	no assertion criteria provided	Osteogenesis imperfecta type III
BRCA1	P38398	Cys64Gly	1	criteria provided, multiple submitters, no conflicts	Breast-ovarian cancer, familial, susceptibility to, 1|Hereditary breast ovarian cancer syndrome|Hereditary cancer-predisposing syndrome|not provided|not specified
BRCA1	P38398	Cys61Gly	1	reviewed by expert panel	Breast-ovarian cancer, familial, susceptibility to, 1|Hereditary breast ovarian cancer syndrome|Hereditary cancer-predisposing syndrome|not provided|Familial cancer of breast|Breast carcinoma|Breast neoplasm|Ovarian neoplasm|Breast and/or ovarian cancer|BRCA1-related cancer predisposition|Pancreatic cancer, susceptibility to, 4;Fanconi anemia, complementation group S;Breast-ovarian cancer, familial, susceptibility to, 1|Inherited ovarian cancer (without breast cancer)
BRCA1	P38398	Ser1040Asn	0	reviewed by expert panel	Breast-ovarian cancer, familial, susceptibility to, 1|Hereditary breast ovarian cancer syndrome|not provided|not specified|Hereditary cancer-predisposing syndrome|Familial cancer of breast|Pancreatic cancer, susceptibility to, 4;Breast-ovarian cancer, familial, susceptibility to, 1;Familial cancer of breast;Fanconi anemia, complementation group S
BRCA1	P38398	Arg1443Gly	0	reviewed by expert panel	Breast-ovarian cancer, familial, susceptibility to, 1|Hereditary breast ovarian cancer syndrome|Hereditary cancer-predisposing syndrome|not specified|not provided|BRCA1-related disorder|Fanconi anemia, complementation group S
BRCA1	P38398	Arg841Trp	0	reviewed by expert panel	Breast-ovarian cancer, familial, susceptibility to, 1|not provided|Hereditary breast ovarian cancer syndrome|Hereditary cancer-predisposing syndrome|not specified|Familial cancer of breast|Breast and/or ovarian cancer|Pancreatic cancer, susceptibility to, 4;Breast-ovarian cancer, familial, susceptibility to, 1;Familial cancer of breast;Fanconi anemia, complementation group S
BRCA1	P38398	Arg71Gly	1	reviewed by expert panel	Breast-ovarian cancer, familial, susceptibility to, 1|not provided|Hereditary cancer-predisposing syndrome|Hereditary breast ovarian cancer syndrome|Familial cancer of breast|Fanconi anemia, complementation group S;Pancreatic cancer, susceptibility to, 4;Breast-ovarian cancer, familial, susceptibility to, 1;Familial cancer of breast|BRCA1-related disorder|BRCA1-related cancer predisposition
BRCA1	P38398	Met1775Arg	1	reviewed by expert panel	Breast-ovarian cancer, familial, susceptibility to, 1|not provided|Hereditary cancer-predisposing syndrome|Hereditary breast ovarian cancer syndrome|Breast and/or ovarian cancer|BRCA1-related disorder|BRCA1-related cancer predisposition|Inherited breast cancer and ovarian cancer
BRCA1	P38398	Met1775Lys	1	reviewed by expert panel	Breast-ovarian cancer, familial, susceptibility to, 1|Hereditary breast ovarian cancer syndrome|Hereditary cancer-predisposing syndrome
APOE	P02649	Glu21Lys	1	no assertion criteria provided	HYPERLIPOPROTEINEMIA, TYPE III, AND ATHEROSCLEROSIS ASSOCIATED WITH APOE5
APOE	P02649	Lys164Glu	1	no assertion criteria provided	Familial type 3 hyperlipoproteinemia
APOE	P02649	Lys164Gln	1	no assertion criteria provided	Hyperlipoproteinemia, type III, due to APOE2
APOE	P02649	Arg246Cys	1	no assertion criteria provided	APOE2-DUNEDIN|HYPERLIPOPROTEINEMIA, TYPE IV/V, DUE TO APOE2-DUNEDIN
APOE	P02649	Arg152Gln	1	no assertion criteria provided	APOE2 VARIANT
APOE	P02649	Arg292His	1	no assertion criteria provided	APOE4 VARIANT
APOE	P02649	Arg163Pro	1	no assertion criteria provided	Lipoprotein glomerulopathy
APOE	P02649	Arg160Cys	1	criteria provided, single submitter	Familial type 3 hyperlipoproteinemia
MLH1	P40692	Arg265Cys	1	reviewed by expert panel	Colorectal cancer, hereditary nonpolyposis, type 2|not provided|Lynch syndrome|Hereditary cancer-predisposing syndrome|Hereditary nonpolyposis colorectal neoplasms|Carcinoma of colon|Lynch syndrome 1|Muir-Torré syndrome;Mismatch repair cancer syndrome 1;Colorectal cancer, hereditary nonpolyposis, type 2|Hereditary nonpolyposis colon cancer
MLH1	P40692	Leu622His	1	reviewed by expert panel	Colorectal cancer, hereditary nonpolyposis, type 2|Lynch syndrome|Lynch syndrome 1|Hereditary nonpolyposis colorectal neoplasms|Hereditary cancer-predisposing syndrome|not provided
FBN1	P35555	Tyr1699Cys	1	criteria provided, multiple submitters, no conflicts	Geleophysic dysplasia 2|Acromicric dysplasia|Familial thoracic aortic aneurysm and aortic dissection;Marfan syndrome
FBN1	P35555	Gly1762Ser	1	criteria provided, multiple submitters, no conflicts	Geleophysic dysplasia 2|not provided|Familial thoracic aortic aneurysm and aortic dissection;Marfan syndrome|Familial thoracic aortic aneurysm and aortic dissection|FBN1-related disorder
FBN1	P35555	Ala1728Thr	1	no assertion criteria provided	Geleophysic dysplasia 2|Acromicric dysplasia
FBN1	P35555	Ser1750Arg	1	criteria provided, single submitter	Acromicric dysplasia|not provided
BRAF	P15056	Thr241Arg	1	criteria provided, multiple submitters, no conflicts	Noonan syndrome 7|Noonan syndrome 1|Inborn genetic diseases|not provided|RASopathy
BRAF	P15056	Trp531Cys	1	criteria provided, multiple submitters, no conflicts	Noonan syndrome 7|Noonan syndrome 1|RASopathy|not provided
KRAS	P01116	Tyr71His	1	no assertion criteria provided	Cardiofaciocutaneous syndrome 2
CFTR	P13569	Val456Ala	1	reviewed by expert panel	Cystic fibrosis|Bronchiectasis with or without elevated sweat chloride 1;Congenital bilateral aplasia of vas deferens from CFTR mutation;Hereditary pancreatitis;Cystic fibrosis|not provided|Congenital bilateral aplasia of vas deferens from CFTR mutation;Cystic fibrosis|not specified|CFTR-related disorder;Cystic fibrosis|Congenital bilateral aplasia of vas deferens from CFTR mutation|Bronchiectasis with or without elevated sweat chloride 1|CFTR-related disorder
CFTR	P13569	Leu467Pro	1	reviewed by expert panel	Cystic fibrosis|not provided|Cystic fibrosis;Congenital bilateral aplasia of vas deferens from CFTR mutation|CFTR-related disorder|Cystic fibrosis;Congenital bilateral aplasia of vas deferens from CFTR mutation;Hereditary pancreatitis;Bronchiectasis with or without elevated sweat chloride 1|Bronchiectasis with or without elevated sweat chloride 1
CFTR	P13569	Leu558Ser	1	reviewed by expert panel	Cystic fibrosis|not provided|Bronchiectasis with or without elevated sweat chloride 1|Cystic fibrosis diagnostic test|Cystic fibrosis;Congenital bilateral aplasia of vas deferens from CFTR mutation;Hereditary pancreatitis;Bronchiectasis with or without elevated sweat chloride 1|CFTR-related disorder
CFTR	P13569	Ala923Asp	1	criteria provided, single submitter	Cystic fibrosis
CFTR	P13569	Gly970Asp	1	reviewed by expert panel	Cystic fibrosis|Cystic fibrosis;Congenital bilateral aplasia of vas deferens from CFTR mutation|not provided|CFTR-related disorder|Bronchiectasis with or without elevated sweat chloride 1|Cystic fibrosis;Congenital bilateral aplasia of vas deferens from CFTR mutation;Hereditary pancreatitis;Bronchiectasis with or without elevated sweat chloride 1
CFTR	P13569	Gly124Arg	1	criteria provided, single submitter	Cystic fibrosis
CFTR	P13569	Gly1333Trp	1	criteria provided, single submitter	Cystic fibrosis
CFTR	P13569	Ile1427Thr	1	criteria provided, single submitter	Cystic fibrosis
COL1A1	P02452	Gly341Cys	1	criteria provided, single submitter	Osteogenesis imperfecta
COL1A1	P02452	Pro412Arg	1	criteria provided, single submitter	Osteogenesis imperfecta
COL1A1	P02452	Gly515Ala	1	criteria provided, single submitter	Osteogenesis imperfecta
COL1A1	P02452	Gln966Arg	1	criteria provided, single submitter	Osteogenesis imperfecta
FBN1	P35555	Cys89Ser	1	criteria provided, single submitter	Marfan syndrome
FBN1	P35555	Asp893His	1	criteria provided, single submitter	Marfan syndrome
FBN1	P35555	Ala986Thr	0	reviewed by expert panel	Marfan syndrome|not specified|Familial thoracic aortic aneurysm and aortic dissection|Marfan syndrome;Familial thoracic aortic aneurysm and aortic dissection|Stiff skin syndrome|Ectopia lentis 1, isolated, autosomal dominant|Geleophysic dysplasia|Weill-Marchesani syndrome|Acromicric dysplasia|Connective tissue disorder|not provided|8 conditions|FBN1-related disorder
FBN1	P35555	Pro1148Ala	0	criteria provided, multiple submitters, no conflicts	Marfan syndrome|not specified|FNB1 POLYMORPHISM|Familial thoracic aortic aneurysm and aortic dissection;Marfan syndrome|Familial thoracic aortic aneurysm and aortic dissection|Stiff skin syndrome|Geleophysic dysplasia|Acromicric dysplasia|Ectopia lentis 1, isolated, autosomal dominant|Weill-Marchesani syndrome|not provided|Connective tissue disorder
FBN1	P35555	Cys1389Gly	1	criteria provided, single submitter	Marfan syndrome
FBN1	P35555	Cys1562Ser	1	criteria provided, single submitter	Marfan syndrome
FBN1	P35555	Cys186Arg	1	criteria provided, single submitter	Marfan Syndrome/Loeys-Dietz Syndrome/Familial Thoracic Aortic Aneurysms and Dissections
FBN1	P35555	Asp1891His	1	criteria provided, multiple submitters, no conflicts	Marfan syndrome|Familial thoracic aortic aneurysm and aortic dissection;Marfan syndrome
FBN1	P35555	Asp2129Tyr	1	criteria provided, single submitter	Marfan syndrome
FBN1	P35555	Trp217Gly	1	criteria provided, single submitter	Marfan syndrome
FBN1	P35555	His2410Pro	1	criteria provided, single submitter	Marfan syndrome
FBN1	P35555	Arg2576Cys	1	reviewed by expert panel	Marfan syndrome|MARFAN SYNDROME, AUTOSOMAL RECESSIVE|Familial thoracic aortic aneurysm and aortic dissection;Marfan syndrome|not provided|Isolated thoracic aortic aneurysm|Familial thoracic aortic aneurysm and aortic dissection|FBN1-related disorder|Marfan Syndrome/Loeys-Dietz Syndrome/Familial Thoracic Aortic Aneurysms and Dissections
FBN1	P35555	Cys2633Ser	1	criteria provided, single submitter	Marfan syndrome
FBN1	P35555	Ile329Thr	0	reviewed by expert panel	Marfan syndrome|not specified|Weill-Marchesani syndrome|Ectopia lentis 1, isolated, autosomal dominant|Geleophysic dysplasia|Acromicric dysplasia|Familial thoracic aortic aneurysm and aortic dissection|Stiff skin syndrome|Marfan syndrome;Familial thoracic aortic aneurysm and aortic dissection|not provided|Connective tissue disorder
HBB	P68871	Met1Thr	1	criteria provided, multiple submitters, no conflicts	Beta zero thalassemia|BETA-THALASSEMIA, LERMONTOV TYPE|beta Thalassemia|not provided|Beta-thalassemia HBB/LCRB|8 conditions
HBB	P68871	Arg31Lys	1	criteria provided, multiple submitters, no conflicts	beta Thalassemia|not provided|8 conditions|Beta-thalassemia HBB/LCRB
LDLR	P01130	Cys352Tyr	1	reviewed by expert panel	Hypercholesterolemia, familial, 1|not provided|Familial hypercholesterolemia|Cardiovascular phenotype|LDLR-related disorder
LDLR	P01130	Glu408Lys	1	reviewed by expert panel	Hypercholesterolemia, familial, 1|Familial hypercholesterolemia|Homozygous familial hypercholesterolemia|not provided|Hypercholesterolemia|Cardiovascular phenotype
LDLR	P01130	Ala431Pro	1	reviewed by expert panel	Hypercholesterolemia, familial, 1|Familial hypercholesterolemia
LDLR	P01130	Thr726Ile	0	reviewed by expert panel	Hypercholesterolemia, familial, 1|not provided|not specified|Familial hypercholesterolemia|Cardiovascular phenotype
LDLR	P01130	Cys121Tyr	1	criteria provided, multiple submitters, no conflicts	Hypercholesterolemia, familial, 1|Familial hypercholesterolemia|Cardiovascular phenotype|Dyslipidemia
MLH1	P40692	His718Tyr	0	reviewed by expert panel	Lynch syndrome|not specified|not provided|Lynch syndrome 1|Hereditary cancer-predisposing syndrome|Colorectal cancer, hereditary nonpolyposis, type 2|Hereditary nonpolyposis colorectal neoplasms|Carcinoma of colon|Breast and/or ovarian cancer|Muir-Torré syndrome
MLH1	P40692	Ile219Val	0	reviewed by expert panel	Lynch syndrome|not specified|not provided|Hereditary cancer-predisposing syndrome|Lynch syndrome 1|Colorectal cancer, hereditary nonpolyposis, type 2|Hereditary nonpolyposis colorectal neoplasms|Malignant tumor of breast|Muir-Torré syndrome
MSH2	P43246	Val102Ile	0	reviewed by expert panel	Lynch syndrome|Hereditary cancer-predisposing syndrome|not specified|Hereditary nonpolyposis colorectal neoplasms|not provided|Lynch syndrome 1|MSH2-related disorder
MSH2	P43246	Asn127Ser	0	reviewed by expert panel	Lynch syndrome|not specified|Hereditary cancer-predisposing syndrome|Lynch syndrome 1|Hereditary nonpolyposis colorectal neoplasms|not provided|Muir-Torré syndrome;Mismatch repair cancer syndrome 2;Lynch syndrome 1|Breast and/or ovarian cancer|Uterine corpus endometrial carcinoma|Clear cell carcinoma of kidney|Colon adenocarcinoma|Sarcoma|Lung cancer|Gastric cancer|Acute myeloid leukemia|Melanoma|Hepatocellular carcinoma
BRCA1	P38398	Pro346Ser	0	reviewed by expert panel	Breast-ovarian cancer, familial, susceptibility to, 1|not specified|Hereditary cancer-predisposing syndrome|not provided|Hereditary breast ovarian cancer syndrome|Malignant tumor of breast|Familial cancer of breast|Fanconi anemia, complementation group S;Pancreatic cancer, susceptibility to, 4;Breast-ovarian cancer, familial, susceptibility to, 1;Familial cancer of breast
BRCA1	P38398	Asp369Asn	0	reviewed by expert panel	Breast-ovarian cancer, familial, susceptibility to, 1|Hereditary breast ovarian cancer syndrome|Hereditary cancer-predisposing syndrome|Breast and/or ovarian cancer|Malignant tumor of breast|not provided|not specified
BRCA1	P38398	Cys39Tyr	1	criteria provided, multiple submitters, no conflicts	Breast-ovarian cancer, familial, susceptibility to, 1|not provided|Hereditary cancer-predisposing syndrome|Hereditary breast ovarian cancer syndrome|Breast neoplasm|Malignant tumor of urinary bladder
BRCA1	P38398	Arg496Cys	0	reviewed by expert panel	not specified|Breast-ovarian cancer, familial, susceptibility to, 1|Breast and/or ovarian cancer|Hereditary cancer-predisposing syndrome|not provided|Hereditary breast ovarian cancer syndrome|Malignant tumor of breast|Breast-ovarian cancer, familial, susceptibility to, 1;Pancreatic cancer, susceptibility to, 4;Fanconi anemia, complementation group S;Familial cancer of breast|BRCA1-related disorder|BRCA1-related cancer predisposition
BRCA1	P38398	Leu512Phe	0	reviewed by expert panel	Breast-ovarian cancer, familial, susceptibility to, 1|not specified|Hereditary cancer-predisposing syndrome|not provided|Hereditary breast ovarian cancer syndrome|Malignant tumor of breast|BRCA1-related disorder|BRCA1-related cancer predisposition
BRCA1	P38398	Leu52Phe	0	reviewed by expert panel	Breast-ovarian cancer, familial, susceptibility to, 1|Hereditary cancer-predisposing syndrome|not specified|not provided|Hereditary breast ovarian cancer syndrome|Breast and/or ovarian cancer|Ovarian cancer|BRCA1-related cancer predisposition
BRCA1	P38398	Asn550His	0	reviewed by expert panel	Breast-ovarian cancer, familial, susceptibility to, 1|Breast neoplasm|Hereditary cancer-predisposing syndrome|not specified|Hereditary breast ovarian cancer syndrome|not provided|Breast and/or ovarian cancer|Malignant tumor of breast|BRCA1-related cancer predisposition|Inherited prostate cancer
BRCA1	P38398	Leu668Phe	0	reviewed by expert panel	Breast-ovarian cancer, familial, susceptibility to, 1|Hereditary cancer-predisposing syndrome|Hereditary breast ovarian cancer syndrome|not provided|Breast and/or ovarian cancer|Malignant tumor of breast|not specified
BRCA1	P38398	Lys719Glu	0	reviewed by expert panel	Breast-ovarian cancer, familial, susceptibility to, 1|Hereditary cancer-predisposing syndrome|Hereditary breast ovarian cancer syndrome|not provided|not specified|Breast and/or ovarian cancer|BRCA1-related disorder|BRCA1-related cancer predisposition
BRCA1	P38398	Asn723Asp	0	reviewed by expert panel	Breast-ovarian cancer, familial, susceptibility to, 1|Prostate cancer|Hereditary cancer-predisposing syndrome|Hereditary breast ovarian cancer syndrome|not specified|Breast and/or ovarian cancer|Malignant tumor of breast|not provided|BRCA1-related cancer predisposition
BRCA1	P38398	Ser784Leu	0	reviewed by expert panel	Breast-ovarian cancer, familial, susceptibility to, 1|Hereditary cancer-predisposing syndrome|not provided|Hereditary breast ovarian cancer syndrome|not specified|Malignant tumor of breast|BRCA1-related disorder
BRCA1	P38398	Thr826Lys	0	reviewed by expert panel	Hereditary breast ovarian cancer syndrome|Breast-ovarian cancer, familial, susceptibility to, 1|Breast neoplasm|Hereditary cancer-predisposing syndrome|not specified|not provided|Breast and/or ovarian cancer|BRCA1-related disorder|BRCA1-related cancer predisposition
BRCA1	P38398	Lys862Glu	0	reviewed by expert panel	Breast-ovarian cancer, familial, susceptibility to, 1|not specified|Hereditary cancer-predisposing syndrome|not provided|Hereditary breast ovarian cancer syndrome|Malignant tumor of breast|Breast and/or ovarian cancer|BRCA1-related disorder
BRCA1	P38398	Gly890Val	0	reviewed by expert panel	Breast-ovarian cancer, familial, susceptibility to, 1|not specified|Hereditary cancer-predisposing syndrome|Hereditary breast ovarian cancer syndrome|not provided|Malignant tumor of breast
BRCA1	P38398	Lys912Arg	0	criteria provided, multiple submitters, no conflicts	Breast-ovarian cancer, familial, susceptibility to, 1|Hereditary cancer-predisposing syndrome|not provided|Hereditary breast ovarian cancer syndrome|not specified
BRCA1	P38398	Val920Ile	0	reviewed by expert panel	Breast-ovarian cancer, familial, susceptibility to, 1|Hereditary breast ovarian cancer syndrome|Hereditary cancer-predisposing syndrome|not provided|not specified|Breast and/or ovarian cancer|BRCA1-related disorder
BRCA1	P38398	Ile925Leu	0	reviewed by expert panel	Breast-ovarian cancer, familial, susceptibility to, 1|not specified|Hereditary cancer-predisposing syndrome|Familial cancer of breast|Hereditary breast ovarian cancer syndrome|Malignant tumor of breast|not provided|BRCA1-related disorder
BRCA1	P38398	Ala102Gly	0	reviewed by expert panel	Breast-ovarian cancer, familial, susceptibility to, 1|not specified|Hereditary cancer-predisposing syndrome|Hereditary breast ovarian cancer syndrome|not provided|BRCA1-related cancer predisposition
BRCA1	P38398	Arg1028Cys	0	reviewed by expert panel	Breast-ovarian cancer, familial, susceptibility to, 1|Hereditary breast ovarian cancer syndrome|Hereditary cancer-predisposing syndrome|not specified|not provided|BRCA1-related cancer predisposition|Fanconi anemia, complementation group S
BRCA1	P38398	Arg1028His	0	reviewed by expert panel	Breast-ovarian cancer, familial, susceptibility to, 1|Hereditary breast ovarian cancer syndrome|not specified|Hereditary cancer-predisposing syndrome|not provided|Breast-ovarian cancer, familial, susceptibility to, 1;Pancreatic cancer, susceptibility to, 4;Fanconi anemia, complementation group S;Familial cancer of breast|Ovarian cancer
BRCA1	P38398	Ile1044Val	0	reviewed by expert panel	Breast-ovarian cancer, familial, susceptibility to, 1|not specified|Hereditary cancer-predisposing syndrome|not provided|Hereditary breast ovarian cancer syndrome|Malignant tumor of breast
BRCA1	P38398	Lys1109Asn	0	reviewed by expert panel	Breast-ovarian cancer, familial, susceptibility to, 1|Hereditary cancer-predisposing syndrome|Hereditary breast ovarian cancer syndrome|not provided|not specified|BRCA1-related cancer predisposition
BRCA1	P38398	Glu1219Asp	0	reviewed by expert panel	Breast-ovarian cancer, familial, susceptibility to, 1|not specified|Breast neoplasm|Hereditary cancer-predisposing syndrome|Hereditary breast ovarian cancer syndrome|not provided
BRCA1	P38398	Pro1238Leu	0	reviewed by expert panel	Breast-ovarian cancer, familial, susceptibility to, 1|not provided|not specified|Hereditary cancer-predisposing syndrome|Breast and/or ovarian cancer|Hereditary breast ovarian cancer syndrome|Malignant tumor of breast|BRCA1-related cancer predisposition
BRCA1	P38398	Ile1275Val	0	reviewed by expert panel	Breast-ovarian cancer, familial, susceptibility to, 1|not provided|not specified|Hereditary cancer-predisposing syndrome|Hereditary breast ovarian cancer syndrome|BRCA1-related disorder|Fanconi anemia, complementation group S;Breast-ovarian cancer, familial, susceptibility to, 1;Familial cancer of breast
BRCA1	P38398	Ile1405Val	0	criteria provided, multiple submitters, no conflicts	Breast-ovarian cancer, familial, susceptibility to, 1|not specified|Hereditary cancer-predisposing syndrome|not provided|Hereditary breast ovarian cancer syndrome|BRCA1-related cancer predisposition|Familial cancer of breast
BRCA1	P38398	Glu143Lys	0	reviewed by expert panel	Breast-ovarian cancer, familial, susceptibility to, 1|Hereditary cancer-predisposing syndrome|not specified|Hereditary breast ovarian cancer syndrome|Breast and/or ovarian cancer|not provided|Familial cancer of breast|Fanconi anemia, complementation group S;Pancreatic cancer, susceptibility to, 4;Breast-ovarian cancer, familial, susceptibility to, 1;Familial cancer of breast|BRCA1-related disorder|Fanconi anemia, complementation group S;Breast-ovarian cancer, familial, susceptibility to, 1;Familial cancer of breast
BRCA1	P38398	Arg1495Lys	1	criteria provided, multiple submitters, no conflicts	Breast-ovarian cancer, familial, susceptibility to, 1|Hereditary cancer-predisposing syndrome|not provided|Malignant tumor of breast|Hereditary breast ovarian cancer syndrome|Familial cancer of breast
BRCA1	P38398	Arg1495Met	1	criteria provided, multiple submitters, no conflicts	Breast-ovarian cancer, familial, susceptibility to, 1|Hereditary breast ovarian cancer syndrome|Hereditary cancer-predisposing syndrome|not provided|not specified|Familial cancer of breast|Breast and/or ovarian cancer|Breast-ovarian cancer, familial, susceptibility to, 1;Hereditary breast ovarian cancer syndrome|Breast-ovarian cancer, familial, susceptibility to, 1;Pancreatic cancer, susceptibility to, 4;Fanconi anemia, complementation group S
BRCA1	P38398	Ser153Arg	0	criteria provided, multiple submitters, no conflicts	Breast-ovarian cancer, familial, susceptibility to, 1|Hereditary cancer-predisposing syndrome|not provided|Hereditary breast ovarian cancer syndrome|not specified
BRCA1	P38398	Glu1559Lys	1	reviewed by expert panel	Breast-ovarian cancer, familial, susceptibility to, 1|Hereditary cancer-predisposing syndrome|not provided|Hereditary breast ovarian cancer syndrome
BRCA1	P38398	Lys1606Glu	0	reviewed by expert panel	Breast-ovarian cancer, familial, susceptibility to, 1|Hereditary breast ovarian cancer syndrome|Hereditary cancer-predisposing syndrome|not specified|Breast and/or ovarian cancer|not provided|BRCA1-related disorder
BRCA1	P38398	Met1652Thr	0	reviewed by expert panel	Breast-ovarian cancer, familial, susceptibility to, 1|not specified|Hereditary cancer-predisposing syndrome|Hereditary breast ovarian cancer syndrome|not provided|BRCA1-related cancer predisposition
BRCA1	P38398	Leu1664Pro	0	reviewed by expert panel	Breast-ovarian cancer, familial, susceptibility to, 1|Hereditary cancer-predisposing syndrome|not provided|Hereditary breast ovarian cancer syndrome|BRCA1-related cancer predisposition|not specified
BRCA1	P38398	Asp1692His	1	reviewed by expert panel	Breast-ovarian cancer, familial, susceptibility to, 1|Hereditary breast ovarian cancer syndrome|Hereditary cancer-predisposing syndrome|not provided|Ovarian neoplasm|Malignant tumor of breast
BRCA1	P38398	Cys1697Tyr	1	reviewed by expert panel	Breast-ovarian cancer, familial, susceptibility to, 1|Hereditary cancer-predisposing syndrome|Hereditary breast ovarian cancer syndrome|Breast and/or ovarian cancer|Malignant tumor of breast|not provided|BRCA1-related cancer predisposition|Fanconi anemia, complementation group S;Pancreatic cancer, susceptibility to, 4;Breast-ovarian cancer, familial, susceptibility to, 1
BRCA1	P38398	Arg1699Gln	1	reviewed by expert panel	Breast-ovarian cancer, familial, susceptibility to, 1|not provided|Hereditary cancer-predisposing syndrome|Hereditary breast ovarian cancer syndrome|Ovarian neoplasm|Breast and/or ovarian cancer|Familial cancer of breast|Fanconi anemia, complementation group S;Pancreatic cancer, susceptibility to, 4;Breast-ovarian cancer, familial, susceptibility to, 1;Familial cancer of breast|Gastric cancer|BRCA1-related disorder|BRCA1-related cancer predisposition|Breast-ovarian cancer, familial, susceptibility to, 1;Lynch syndrome 1|Fanconi anemia, complementation group S
BRCA1	P38398	Gly1706Glu	1	reviewed by expert panel	Breast-ovarian cancer, familial, susceptibility to, 1|Hereditary breast ovarian cancer syndrome|Hereditary cancer-predisposing syndrome|not provided|Breast and/or ovarian cancer
BRCA1	P38398	Val1736Ala	1	reviewed by expert panel	Breast-ovarian cancer, familial, susceptibility to, 1|not provided|Hereditary cancer-predisposing syndrome|Hereditary breast ovarian cancer syndrome|Fanconi anemia, complementation group S|Fanconi anemia, complementation group S;Breast-ovarian cancer, familial, susceptibility to, 1;Familial cancer of breast
BRCA1	P38398	Gly1748Cys	1	reviewed by expert panel	Breast-ovarian cancer, familial, susceptibility to, 1|Hereditary breast ovarian cancer syndrome|not provided|Hereditary cancer-predisposing syndrome|BRCA1-related cancer predisposition
BRCA1	P38398	Ile1766Ser	1	reviewed by expert panel	Breast-ovarian cancer, familial, susceptibility to, 1|Hereditary breast ovarian cancer syndrome|Hereditary cancer-predisposing syndrome|not provided
BRCA1	P38398	Gly1788Val	1	reviewed by expert panel	Breast-ovarian cancer, familial, susceptibility to, 1|Hereditary breast ovarian cancer syndrome|Hereditary cancer-predisposing syndrome|not provided|not specified
BRCA1	P38398	Tyr179Cys	0	reviewed by expert panel	Breast-ovarian cancer, familial, susceptibility to, 1|Hereditary breast ovarian cancer syndrome|Hereditary cancer-predisposing syndrome|not specified|not provided|Malignant tumor of breast|Breast and/or ovarian cancer|BRCA1-related cancer predisposition|Inherited prostate cancer
BRCA1	P38398	Met18Thr	1	reviewed by expert panel	Breast-ovarian cancer, familial, susceptibility to, 1|Hereditary cancer-predisposing syndrome|not provided|Hereditary breast ovarian cancer syndrome|Inherited ovarian cancer (without breast cancer)
BRCA1	P38398	Trp1837Arg	1	reviewed by expert panel	Breast-ovarian cancer, familial, susceptibility to, 1|Hereditary cancer-predisposing syndrome|not provided|Hereditary breast ovarian cancer syndrome|Fanconi anemia, complementation group S;Breast-ovarian cancer, familial, susceptibility to, 1;Familial cancer of breast
BRCA1	P38398	Ser1841Arg	1	criteria provided, multiple submitters, no conflicts	Breast-ovarian cancer, familial, susceptibility to, 1|not specified|not provided|Breast and/or ovarian cancer|Hereditary breast ovarian cancer syndrome|Inherited breast cancer and ovarian cancer
BRCA1	P38398	Val191Ile	0	reviewed by expert panel	Breast-ovarian cancer, familial, susceptibility to, 1|not specified|Hereditary cancer-predisposing syndrome|not provided|Hereditary breast ovarian cancer syndrome|Malignant tumor of breast|Breast and/or ovarian cancer|Familial cancer of breast|Fanconi anemia, complementation group S;Pancreatic cancer, susceptibility to, 4;Breast-ovarian cancer, familial, susceptibility to, 1;Familial cancer of breast
BRCA1	P38398	Asp214Gly	0	reviewed by expert panel	Breast-ovarian cancer, familial, susceptibility to, 1|Hereditary breast ovarian cancer syndrome|Hereditary cancer-predisposing syndrome|not provided|Breast and/or ovarian cancer|not specified|BRCA1-related disorder
BRCA1	P38398	Thr276Arg	0	reviewed by expert panel	Breast-ovarian cancer, familial, susceptibility to, 1|Hereditary cancer-predisposing syndrome|not specified|not provided|Hereditary breast ovarian cancer syndrome|Familial cancer of breast;Pancreatic cancer, susceptibility to, 4;Fanconi anemia, complementation group S;Breast-ovarian cancer, familial, susceptibility to, 1|Fanconi anemia, complementation group S
BRCA1	P38398	Ser316Gly	0	reviewed by expert panel	Breast-ovarian cancer, familial, susceptibility to, 1|Hereditary breast ovarian cancer syndrome|Hereditary cancer-predisposing syndrome|not specified|Breast and/or ovarian cancer|Malignant tumor of breast|not provided
BRCA2	P51587	Thr3349Ala	0	reviewed by expert panel	Breast-ovarian cancer, familial, susceptibility to, 2|not specified|Hereditary cancer-predisposing syndrome|Breast neoplasm|not provided|Hereditary breast ovarian cancer syndrome|Breast-ovarian cancer, familial, susceptibility to, 2;Familial cancer of breast
BRCA2	P51587	Tyr42Cys	0	reviewed by expert panel	not provided|not specified|Breast-ovarian cancer, familial, susceptibility to, 2|Hereditary cancer-predisposing syndrome|Hereditary breast ovarian cancer syndrome|Familial cancer of breast|Breast and/or ovarian cancer|Fanconi anemia complementation group D1|BRCA2-related cancer predisposition
BRCA2	P51587	Glu462Gly	0	reviewed by expert panel	Breast-ovarian cancer, familial, susceptibility to, 2|Hereditary cancer-predisposing syndrome|Hereditary breast ovarian cancer syndrome|not specified|not provided|Familial cancer of breast
BRCA2	P51587	Ile505Val	0	criteria provided, multiple submitters, no conflicts	Breast-ovarian cancer, familial, susceptibility to, 2|Hereditary cancer-predisposing syndrome|Hereditary breast ovarian cancer syndrome|not provided|not specified
BRCA2	P51587	Asn56Thr	0	reviewed by expert panel	Breast-ovarian cancer, familial, susceptibility to, 2|not provided|Hereditary cancer-predisposing syndrome|Hereditary breast ovarian cancer syndrome|not specified|BRCA2-related cancer predisposition
BRCA2	P51587	Thr582Pro	0	reviewed by expert panel	Breast-ovarian cancer, familial, susceptibility to, 2|Hereditary cancer-predisposing syndrome|not specified|not provided|Hereditary breast ovarian cancer syndrome|Malignant tumor of breast|Familial cancer of breast|BRCA2-related disorder
BRCA2	P51587	Lys604Glu	0	reviewed by expert panel	Breast-ovarian cancer, familial, susceptibility to, 2|Hereditary cancer-predisposing syndrome|not specified|not provided|Hereditary breast ovarian cancer syndrome|Malignant tumor of breast|BRCA2-related cancer predisposition
BRCA2	P51587	Ala622Val	0	reviewed by expert panel	Breast-ovarian cancer, familial, susceptibility to, 2|Hereditary breast ovarian cancer syndrome|Hereditary cancer-predisposing syndrome|not specified|Pancreatic cancer, susceptibility to, 2
BRCA2	P51587	Thr630Ile	0	reviewed by expert panel	Breast-ovarian cancer, familial, susceptibility to, 2|not provided|Hereditary cancer-predisposing syndrome|not specified|Breast and/or ovarian cancer|Hereditary breast ovarian cancer syndrome|Fanconi anemia complementation group D1|BRCA2-related disorder
BRCA2	P51587	Pro655Arg	0	reviewed by expert panel	not provided|Hereditary breast ovarian cancer syndrome|Breast-ovarian cancer, familial, susceptibility to, 2|Hereditary cancer-predisposing syndrome|not specified|Breast and/or ovarian cancer|8 conditions
BRCA2	P51587	Asp935His	0	reviewed by expert panel	Breast-ovarian cancer, familial, susceptibility to, 2|Hereditary cancer-predisposing syndrome|not provided|not specified|Hereditary breast ovarian cancer syndrome|Fanconi anemia complementation group D1|Breast and/or ovarian cancer|Malignant tumor of breast|BRCA2-related disorder
BRCA2	P51587	Leu1019Val	0	reviewed by expert panel	Breast-ovarian cancer, familial, susceptibility to, 2|not specified|Breast neoplasm|Hereditary cancer-predisposing syndrome|not provided|Breast and/or ovarian cancer|Hereditary breast ovarian cancer syndrome|Malignant tumor of breast
BRCA2	P51587	Asn1102Tyr	0	reviewed by expert panel	Breast-ovarian cancer, familial, susceptibility to, 2|Hereditary cancer-predisposing syndrome|not specified|not provided|Hereditary breast ovarian cancer syndrome|BRCA2-related disorder|BRCA2-related cancer predisposition
BRCA2	P51587	Asn1228Asp	0	reviewed by expert panel	Breast-ovarian cancer, familial, susceptibility to, 2|Hereditary breast ovarian cancer syndrome|Hereditary cancer-predisposing syndrome|not specified|not provided
BRCA2	P51587	Cys1290Tyr	0	reviewed by expert panel	Breast-ovarian cancer, familial, susceptibility to, 2|Hereditary cancer-predisposing syndrome|not specified|Hereditary breast ovarian cancer syndrome|Fanconi anemia complementation group D1|not provided|Familial cancer of breast|Breast and/or ovarian cancer|BRCA2-related cancer predisposition
BRCA2	P51587	Val1306Ile	0	reviewed by expert panel	Breast-ovarian cancer, familial, susceptibility to, 2|not specified|Hereditary cancer-predisposing syndrome|Hereditary breast ovarian cancer syndrome|not provided
BRCA2	P51587	Met1Ile	1	criteria provided, multiple submitters, no conflicts	Breast-ovarian cancer, familial, susceptibility to, 2|Hereditary breast ovarian cancer syndrome|Breast and/or ovarian cancer|Hereditary cancer-predisposing syndrome
BRCA2	P51587	Cys1365Tyr	0	reviewed by expert panel	Breast-ovarian cancer, familial, susceptibility to, 2|Hereditary breast ovarian cancer syndrome|not specified|Hereditary cancer-predisposing syndrome|Breast and/or ovarian cancer|not provided|BRCA2-related disorder|Familial cancer of breast;Breast-ovarian cancer, familial, susceptibility to, 2
BRCA2	P51587	Gln1396Arg	0	reviewed by expert panel	Breast-ovarian cancer, familial, susceptibility to, 2|Hereditary breast ovarian cancer syndrome|not specified|Hereditary cancer-predisposing syndrome|not provided|Breast and/or ovarian cancer|Malignant tumor of breast|BRCA2-related cancer predisposition
BRCA2	P51587	Gly1529Arg	0	reviewed by expert panel	Hereditary breast ovarian cancer syndrome|Breast-ovarian cancer, familial, susceptibility to, 2|Breast and/or ovarian cancer|Hereditary cancer-predisposing syndrome|not specified|Fanconi anemia complementation group D1|not provided|BRCA2-related disorder|Lung cancer
BRCA2	P51587	Lys1690Asn	0	reviewed by expert panel	Hereditary breast ovarian cancer syndrome|not specified|Breast-ovarian cancer, familial, susceptibility to, 2|Hereditary cancer-predisposing syndrome|not provided|Breast and/or ovarian cancer|Malignant tumor of breast|Chordoma|8 conditions
BRCA2	P51587	Ser1733Phe	0	reviewed by expert panel	Breast-ovarian cancer, familial, susceptibility to, 2|Hereditary breast ovarian cancer syndrome|not provided|not specified|Hereditary cancer-predisposing syndrome|Fanconi anemia complementation group D1|Breast and/or ovarian cancer|Malignant tumor of breast|8 conditions|BRCA2-related disorder|BRCA2-related cancer predisposition|Familial cancer of breast|Inherited prostate cancer
BRCA2	P51587	Gly1771Asp	0	reviewed by expert panel	Breast-ovarian cancer, familial, susceptibility to, 2|not provided|Hereditary breast ovarian cancer syndrome|not specified|Hereditary cancer-predisposing syndrome|Breast and/or ovarian cancer|Fanconi anemia complementation group D1|Familial cancer of breast
BRCA2	P51587	Ile1851Ser	0	reviewed by expert panel	Breast-ovarian cancer, familial, susceptibility to, 2|not provided|not specified|Hereditary cancer-predisposing syndrome|Hereditary breast ovarian cancer syndrome|Breast and/or ovarian cancer|BRCA2-related disorder
BRCA2	P51587	Asn1878Lys	0	reviewed by expert panel	Breast-ovarian cancer, familial, susceptibility to, 2|Hereditary cancer-predisposing syndrome|not specified|not provided|Breast and/or ovarian cancer|Hereditary breast ovarian cancer syndrome|Malignant tumor of breast|BRCA2-related disorder
BRCA2	P51587	Asp189Gly	1	reviewed by expert panel	Breast-ovarian cancer, familial, susceptibility to, 2|Hereditary breast ovarian cancer syndrome|Hereditary cancer-predisposing syndrome|not provided|BRCA2-related cancer predisposition
BRCA2	P51587	Leu1904Val	0	reviewed by expert panel	Breast-ovarian cancer, familial, susceptibility to, 2|not specified|Breast neoplasm|Hereditary cancer-predisposing syndrome|not provided|Hereditary breast ovarian cancer syndrome
BRCA2	P51587	Asp1923Ala	0	reviewed by expert panel	Breast-ovarian cancer, familial, susceptibility to, 2|not specified|Hereditary cancer-predisposing syndrome|Hereditary breast ovarian cancer syndrome|Breast and/or ovarian cancer|Malignant tumor of breast|not provided|BRCA2-related disorder|BRCA2-related cancer predisposition|Inherited prostate cancer
BRCA2	P51587	Ile1929Val	0	reviewed by expert panel	Breast-ovarian cancer, familial, susceptibility to, 2|Hereditary breast ovarian cancer syndrome|not specified|Hereditary cancer-predisposing syndrome|Fanconi anemia complementation group D1|Familial cancer of breast|8 conditions|not provided|Breast and/or ovarian cancer
BRCA2	P51587	Asn2048Ile	0	reviewed by expert panel	Breast-ovarian cancer, familial, susceptibility to, 2|Hereditary cancer-predisposing syndrome|not specified|not provided|Hereditary breast ovarian cancer syndrome|BRCA2-related disorder
BRCA2	P51587	His2074Asn	0	reviewed by expert panel	Breast-ovarian cancer, familial, susceptibility to, 2|not specified|Hereditary breast ovarian cancer syndrome|Hereditary cancer-predisposing syndrome|Breast and/or ovarian cancer|Malignant tumor of breast|not provided|Familial cancer of breast
BRCA2	P51587	Thr2097Met	0	reviewed by expert panel	Breast-ovarian cancer, familial, susceptibility to, 2|Hereditary breast ovarian cancer syndrome|Hereditary cancer-predisposing syndrome|not specified|not provided|BRCA2-related disorder|BRCA2-related cancer predisposition
BRCA2	P51587	Arg2108His	0	reviewed by expert panel	Breast-ovarian cancer, familial, susceptibility to, 2|Hereditary breast ovarian cancer syndrome|Breast neoplasm|Hereditary cancer-predisposing syndrome|not specified|Fanconi anemia complementation group D1|not provided|Breast and/or ovarian cancer|BRCA2-related disorder
BRCA2	P51587	Asn2113Ser	0	reviewed by expert panel	Breast-ovarian cancer, familial, susceptibility to, 2|not provided|not specified|Hereditary cancer-predisposing syndrome|Hereditary breast ovarian cancer syndrome|Malignant tumor of breast|Breast and/or ovarian cancer
BRCA2	P51587	Phe221Leu	0	reviewed by expert panel	Breast-ovarian cancer, familial, susceptibility to, 2|Hereditary cancer-predisposing syndrome|not provided|not specified|Hereditary breast ovarian cancer syndrome|Familial cancer of breast|BRCA2-related cancer predisposition
BRCA2	P51587	Thr2250Ala	0	reviewed by expert panel	Breast-ovarian cancer, familial, susceptibility to, 2|not specified|Hereditary cancer-predisposing syndrome|Hereditary breast ovarian cancer syndrome|Breast and/or ovarian cancer|not provided
BRCA2	P51587	Ile2285Val	0	reviewed by expert panel	Breast-ovarian cancer, familial, susceptibility to, 2|not provided|Hereditary breast ovarian cancer syndrome|Hereditary cancer-predisposing syndrome|not specified|Breast and/or ovarian cancer|Familial cancer of breast
BRCA2	P51587	Arg2336His	1	reviewed by expert panel	Fanconi anemia complementation group D1|Breast-ovarian cancer, familial, susceptibility to, 2|Hereditary breast ovarian cancer syndrome|not provided|Hereditary cancer-predisposing syndrome|Familial cancer of breast|Breast and/or ovarian cancer|8 conditions|BRCA2-related disorder|Inherited breast cancer and ovarian cancer|Neoplasm|Familial prostate cancer
BRCA2	P51587	Gln2384Lys	0	reviewed by expert panel	Breast-ovarian cancer, familial, susceptibility to, 2|Hereditary breast ovarian cancer syndrome|not specified|Breast neoplasm|Hereditary cancer-predisposing syndrome|Fanconi anemia complementation group D1|not provided|Breast and/or ovarian cancer|Malignant tumor of breast|Familial cancer of breast
BRCA2	P51587	Thr2515Ile	0	reviewed by expert panel	Breast-ovarian cancer, familial, susceptibility to, 2|not provided|Hereditary breast ovarian cancer syndrome|not specified|Hereditary cancer-predisposing syndrome|Fanconi anemia complementation group D1|Breast and/or ovarian cancer|BRCA2-related cancer predisposition
BRCA2	P51587	Trp2626Cys	1	reviewed by expert panel	Breast-ovarian cancer, familial, susceptibility to, 2|Hereditary breast ovarian cancer syndrome|Hereditary cancer-predisposing syndrome|not provided|Malignant tumor of breast|Breast and/or ovarian cancer|Familial cancer of breast|8 conditions|Uterine corpus cancer|Breast-ovarian cancer, familial, susceptibility to, 1|BRCA2-related cancer predisposition
BRCA2	P51587	Arg2659Gly	1	reviewed by expert panel	Breast-ovarian cancer, familial, susceptibility to, 2|Hereditary cancer-predisposing syndrome|not provided|Hereditary breast ovarian cancer syndrome|Familial cancer of breast
BRCA2	P51587	Arg2659Lys	1	criteria provided, multiple submitters, no conflicts	Breast-ovarian cancer, familial, susceptibility to, 2|Hereditary breast ovarian cancer syndrome|Hereditary cancer-predisposing syndrome|not provided|Ovarian neoplasm|Breast-ovarian cancer, familial, susceptibility to, 2;Hereditary breast ovarian cancer syndrome|Malignant tumor of breast|Familial cancer of breast|BRCA2-related disorder
BRCA2	P51587	Asp2665Gly	0	reviewed by expert panel	Breast-ovarian cancer, familial, susceptibility to, 2|Hereditary breast ovarian cancer syndrome|Hereditary cancer-predisposing syndrome|not specified|not provided|Breast and/or ovarian cancer|Fanconi anemia complementation group D1|Malignant tumor of breast|BRCA2-related disorder
BRCA2	P51587	Ile2672Val	0	criteria provided, multiple submitters, no conflicts	Breast-ovarian cancer, familial, susceptibility to, 2|Hereditary cancer-predisposing syndrome|Hereditary breast ovarian cancer syndrome|not provided|BRCA2-related disorder|not specified
BRCA2	P51587	Asp2723Gly	1	reviewed by expert panel	Breast-ovarian cancer, familial, susceptibility to, 2|Hereditary cancer-predisposing syndrome|not provided|Hereditary breast ovarian cancer syndrome|Breast and/or ovarian cancer|Gastric cancer|Familial cancer of breast|8 conditions|Familial cancer of breast;Breast-ovarian cancer, familial, susceptibility to, 2
BRCA2	P51587	Lys2729Asn	0	reviewed by expert panel	Fanconi anemia complementation group D1|Hereditary breast ovarian cancer syndrome|Breast-ovarian cancer, familial, susceptibility to, 2|not specified|Hereditary cancer-predisposing syndrome|Breast and/or ovarian cancer|Malignant tumor of breast|Familial cancer of breast|not provided
BRCA2	P51587	Asn277Lys	0	reviewed by expert panel	Breast-ovarian cancer, familial, susceptibility to, 2|not specified|Hereditary cancer-predisposing syndrome|not provided|Breast and/or ovarian cancer|Hereditary breast ovarian cancer syndrome|Malignant tumor of breast|BRCA2-related cancer predisposition
BRCA2	P51587	Gly2793Glu	1	reviewed by expert panel	Breast-ovarian cancer, familial, susceptibility to, 2|Hereditary breast ovarian cancer syndrome|Hereditary cancer-predisposing syndrome|not provided|Familial cancer of breast|BRCA2-related cancer predisposition
BRCA2	P51587	Gly2793Val	1	reviewed by expert panel	Breast-ovarian cancer, familial, susceptibility to, 2|Hereditary cancer-predisposing syndrome|Hereditary breast ovarian cancer syndrome|BRCA2-related cancer predisposition
BRCA2	P51587	Gly2901Asp	0	reviewed by expert panel	Breast-ovarian cancer, familial, susceptibility to, 2|Hereditary cancer-predisposing syndrome|not provided|Hereditary breast ovarian cancer syndrome|not specified|Familial cancer of breast|Ovarian cancer|BRCA2-related disorder|Familial cancer of breast;Breast-ovarian cancer, familial, susceptibility to, 2|BRCA2-related cancer predisposition
BRCA2	P51587	Ser2922Gly	0	reviewed by expert panel	Breast-ovarian cancer, familial, susceptibility to, 2|Malignant tumor of breast|Hereditary cancer-predisposing syndrome|Hereditary breast ovarian cancer syndrome|not provided|not specified
BRCA2	P51587	Arg2973Cys	0	reviewed by expert panel	Breast-ovarian cancer, familial, susceptibility to, 2|not provided|Hereditary cancer-predisposing syndrome|not specified|Breast and/or ovarian cancer|Hereditary breast ovarian cancer syndrome
BRCA2	P51587	Tyr3006Asp	1	reviewed by expert panel	Breast-ovarian cancer, familial, susceptibility to, 2|Hereditary cancer-predisposing syndrome|Hereditary breast ovarian cancer syndrome|not provided|Familial cancer of breast|BRCA2-related cancer predisposition
BRCA2	P51587	Thr3013Ile	0	reviewed by expert panel	Breast-ovarian cancer, familial, susceptibility to, 2|not provided|Hereditary breast ovarian cancer syndrome|Hereditary cancer-predisposing syndrome|Breast neoplasm|Fanconi anemia complementation group D1|not specified|Breast and/or ovarian cancer|Familial cancer of breast|BRCA2-related cancer predisposition
BRCA2	P51587	Val3079Ile	0	reviewed by expert panel	Breast-ovarian cancer, familial, susceptibility to, 2|not specified|Hereditary breast ovarian cancer syndrome|Hereditary cancer-predisposing syndrome|not provided|Breast and/or ovarian cancer|Fanconi anemia complementation group D1|Malignant tumor of breast|Familial cancer of breast
BRCA2	P51587	Tyr3098His	0	reviewed by expert panel	Breast-ovarian cancer, familial, susceptibility to, 2|not specified|Hereditary cancer-predisposing syndrome|not provided|Breast and/or ovarian cancer|Hereditary breast ovarian cancer syndrome|Malignant tumor of breast|BRCA2-related cancer predisposition
BRCA2	P51587	Asn3124Ile	1	reviewed by expert panel	Breast-ovarian cancer, familial, susceptibility to, 2|Hereditary breast ovarian cancer syndrome|Hereditary cancer-predisposing syndrome|not provided|Familial cancer of breast|Breast-ovarian cancer, familial, susceptibility to, 1|Breast and/or ovarian cancer|Malignant tumor of breast|BRCA2-related cancer predisposition|Inherited breast cancer and ovarian cancer
BRCA2	P51587	Asn3174Lys	0	criteria provided, single submitter	Breast-ovarian cancer, familial, susceptibility to, 2|Hereditary cancer-predisposing syndrome
BRCA2	P51587	Cys3198Arg	0	reviewed by expert panel	Breast-ovarian cancer, familial, susceptibility to, 2|Hereditary breast ovarian cancer syndrome|Hereditary cancer-predisposing syndrome|not specified|not provided|Fanconi anemia complementation group D1|BRCA2-related disorder|Familial prostate cancer
CFTR	P13569	Met1101Lys	1	reviewed by expert panel	Cystic fibrosis|not provided|not specified|Cystic fibrosis;Congenital bilateral aplasia of vas deferens from CFTR mutation|CFTR-related disorder|Cystic fibrosis;Congenital bilateral aplasia of vas deferens from CFTR mutation;Hereditary pancreatitis;Bronchiectasis with or without elevated sweat chloride 1|Bronchiectasis with or without elevated sweat chloride 1
PTEN	P60484	Thr167Asn	1	reviewed by expert panel	Macrocephaly-autism syndrome|PTEN hamartoma tumor syndrome
PTEN	P60484	Thr131Ile	1	reviewed by expert panel	Macrocephaly-autism syndrome|PTEN hamartoma tumor syndrome|Diffuse pediatric-type high-grade glioma, H3-wildtype and IDH-wildtype
BRAF	P15056	Asp22Asn	0	reviewed by expert panel	not specified|RASopathy|not provided|Cardiomyopathy|Noonan syndrome and Noonan-related syndrome|Cardiovascular phenotype|BRAF-related disorder
BRAF	P15056	Thr244Pro	1	reviewed by expert panel	not provided|Cardio-facio-cutaneous syndrome|RASopathy|Embryonal rhabdomyosarcoma
BRAF	P15056	Leu245Phe	1	reviewed by expert panel	not provided|Cardio-facio-cutaneous syndrome|LEOPARD syndrome 3|RASopathy|Lung carcinoma;Noonan syndrome 1;LEOPARD syndrome 3;Noonan syndrome 7;Cardiofaciocutaneous syndrome 1|Noonan syndrome and Noonan-related syndrome
BRAF	P15056	Leu245Phe	1	reviewed by expert panel	not provided|Cardio-facio-cutaneous syndrome|Noonan syndrome with multiple lentigines|RASopathy|Noonan syndrome and Noonan-related syndrome|Neurodevelopmental delay|Noonan syndrome 7
BRAF	P15056	Phe247Ser	1	reviewed by expert panel	Noonan syndrome and Noonan-related syndrome|not provided|RASopathy
BRAF	P15056	Gly464Ala	1	criteria provided, single submitter	Cardio-facio-cutaneous syndrome|Cardiofaciocutaneous syndrome 1
BRAF	P15056	Val471Ile	1	criteria provided, multiple submitters, no conflicts	not provided|RASopathy
BRAF	P15056	Leu485Ser	1	reviewed by expert panel	not provided|Cardio-facio-cutaneous syndrome|RASopathy|Noonan syndrome and Noonan-related syndrome|7 conditions|Cardiofaciocutaneous syndrome 1
BRAF	P15056	Lys499Asn	1	criteria provided, single submitter	Cardiofaciocutaneous syndrome 1
BRAF	P15056	Glu501Ala	1	criteria provided, multiple submitters, no conflicts	not provided|RASopathy|Cardiofaciocutaneous syndrome 1|Noonan syndrome|BRAF-related disorder
BRAF	P15056	Leu505Phe	1	criteria provided, multiple submitters, no conflicts	not provided|Noonan syndrome|RASopathy
BRAF	P15056	Trp531Leu	1	criteria provided, single submitter	Cardiofaciocutaneous syndrome 1
BRAF	P15056	Cys532Tyr	1	reviewed by expert panel	not provided|Cardio-facio-cutaneous syndrome|RASopathy
BRAF	P15056	Phe583Leu	1	criteria provided, single submitter	Cardiofaciocutaneous syndrome 1
BRAF	P15056	Gly596Val	1	reviewed by expert panel	RASopathy|not provided|Cardio-facio-cutaneous syndrome|Cardio-facio-cutaneous syndrome;Noonan syndrome|Cardiofaciocutaneous syndrome 1|Inborn genetic diseases|BRAF-related disorder
BRAF	P15056	Thr599Ile	1	reviewed by expert panel	not provided|Noonan syndrome|RASopathy|Cardiofaciocutaneous syndrome 1|BRAF-related disorder
BRAF	P15056	Val600Gly	1	reviewed by expert panel	Cardio-facio-cutaneous syndrome|RASopathy|not provided|Thyroid cancer, nonmedullary, 1|Melanoma
BRAF	P15056	Gln709Arg	1	criteria provided, single submitter	Cardiofaciocutaneous syndrome 1
KRAS	P01116	Gln22Glu	1	criteria provided, single submitter	RASopathy
KRAS	P01116	Gln22Arg	1	reviewed by expert panel	RASopathy|Noonan syndrome|not provided|not specified|Cardiofaciocutaneous syndrome 2;Noonan syndrome 3|Noonan syndrome 3|12 conditions
KRAS	P01116	Gln22Leu	1	criteria provided, single submitter	not provided
KRAS	P01116	Pro34Leu	1	reviewed by expert panel	Noonan syndrome|not provided|RASopathy|Noonan syndrome 3|Noonan syndrome 1|Cardiovascular phenotype
KRAS	P01116	Asp119Asn	1	criteria provided, multiple submitters, no conflicts	not provided|Acute myeloid leukemia;Autoimmune lymphoproliferative syndrome type 4;Cardiofaciocutaneous syndrome 2;Noonan syndrome 3|Noonan syndrome 3|KRAS-related RASopathy
BRAF	P15056	Lys601Gln	1	criteria provided, multiple submitters, no conflicts	not provided|Cardio-facio-cutaneous syndrome;Noonan syndrome|RASopathy|6 conditions|BRAF-related disorder
COL1A1	P02452	Ala1387Val	1	no assertion criteria provided	Osteogenesis imperfecta, perinatal lethal
BRCA2	P51587	Ile3412Val	0	reviewed by expert panel	not provided|not specified|Breast-ovarian cancer, familial, susceptibility to, 2|Hereditary cancer-predisposing syndrome|Hereditary breast ovarian cancer syndrome|Fanconi anemia complementation group D1|Breast neoplasm|Familial cancer of breast|Breast and/or ovarian cancer|Malignant tumor of breast|8 conditions|BRCA2-related cancer predisposition
BRCA2	P51587	Ser384Phe	0	reviewed by expert panel	not provided|Hereditary breast ovarian cancer syndrome|Breast-ovarian cancer, familial, susceptibility to, 2|not specified|Breast neoplasm|Hereditary cancer-predisposing syndrome|Breast and/or ovarian cancer|Fanconi anemia complementation group D1|8 conditions|BRCA2-related cancer predisposition|Familial cancer of breast
BRCA2	P51587	Ile505Thr	0	reviewed by expert panel	not provided|Hereditary breast ovarian cancer syndrome|Breast-ovarian cancer, familial, susceptibility to, 2|Hereditary cancer-predisposing syndrome|Breast neoplasm|not specified|Fanconi anemia complementation group D1|Breast and/or ovarian cancer|BRCA2-related cancer predisposition
BRCA2	P51587	Thr598Ala	0	reviewed by expert panel	not provided|Hereditary breast ovarian cancer syndrome|Familial cancer of breast|Breast-ovarian cancer, familial, susceptibility to, 2|not specified|Hereditary cancer-predisposing syndrome|Breast neoplasm|Breast and/or ovarian cancer|Fanconi anemia complementation group D1
BRCA2	P51587	Met784Val	0	reviewed by expert panel	not provided|Breast-ovarian cancer, familial, susceptibility to, 2|not specified|Hereditary cancer-predisposing syndrome|Hereditary breast ovarian cancer syndrome|Fanconi anemia complementation group D1|Breast neoplasm|Malignant tumor of breast|Familial cancer of breast|Ovarian cancer
BRCA2	P51587	Asn991Asp	0	reviewed by expert panel	not provided|not specified|Hereditary cancer-predisposing syndrome|Breast-ovarian cancer, familial, susceptibility to, 2|Hereditary breast ovarian cancer syndrome|Fanconi anemia complementation group D1|Familial cancer of breast|Breast carcinoma|8 conditions
BRCA2	P51587	Ser1172Leu	0	reviewed by expert panel	not provided|Hereditary breast ovarian cancer syndrome|not specified|Breast-ovarian cancer, familial, susceptibility to, 2|Hereditary cancer-predisposing syndrome|Fanconi anemia complementation group D1|Breast and/or ovarian cancer|BRCA2-related disorder
BRCA2	P51587	Gly1194Asp	0	reviewed by expert panel	not provided|Breast-ovarian cancer, familial, susceptibility to, 2|Hereditary cancer-predisposing syndrome|not specified|Breast and/or ovarian cancer|Hereditary breast ovarian cancer syndrome|Fanconi anemia complementation group D1|BRCA2-related disorder
BRCA2	P51587	Asp1420Tyr	0	reviewed by expert panel	not provided|Hereditary breast ovarian cancer syndrome|not specified|Breast-ovarian cancer, familial, susceptibility to, 2|Hereditary cancer-predisposing syndrome|Breast and/or ovarian cancer|Malignant tumor of breast|Familial cancer of breast
BRCA2	P51587	Lys1531Asn	0	criteria provided, single submitter	not provided|Hereditary cancer-predisposing syndrome
BRCA2	P51587	Glu1593Asp	0	reviewed by expert panel	not provided|Breast-ovarian cancer, familial, susceptibility to, 2|not specified|Hereditary cancer-predisposing syndrome|Hereditary breast ovarian cancer syndrome|Malignant tumor of breast|Chordoma|BRCA2-related disorder
BRCA2	P51587	Asp1911Val	0	criteria provided, single submitter	not provided|Hereditary cancer-predisposing syndrome
BRCA2	P51587	Thr1915Met	0	reviewed by expert panel	not provided|Hereditary breast ovarian cancer syndrome|not specified|Breast-ovarian cancer, familial, susceptibility to, 2|Hereditary cancer-predisposing syndrome|Breast neoplasm|Familial cancer of breast|Fanconi anemia complementation group D1
BRCA2	P51587	Arg2034Cys	0	reviewed by expert panel	not provided|Hereditary breast ovarian cancer syndrome|Breast-ovarian cancer, familial, susceptibility to, 2|not specified|Hereditary cancer-predisposing syndrome|Familial cancer of breast|Breast and/or ovarian cancer|BRCA2-related cancer predisposition
BRCA2	P51587	Arg2108Cys	0	reviewed by expert panel	not provided|Hereditary breast ovarian cancer syndrome|not specified|Hereditary cancer-predisposing syndrome|Breast-ovarian cancer, familial, susceptibility to, 2|Fanconi anemia complementation group D1|Breast and/or ovarian cancer|Familial cancer of breast|BRCA2-related cancer predisposition
BRCA2	P51587	His2116Arg	0	reviewed by expert panel	not provided|Breast-ovarian cancer, familial, susceptibility to, 2|not specified|Hereditary breast ovarian cancer syndrome|Breast and/or ovarian cancer|Hereditary cancer-predisposing syndrome|Fanconi anemia complementation group D1|Familial cancer of breast
BRCA2	P51587	His2440Arg	0	reviewed by expert panel	not provided|Breast-ovarian cancer, familial, susceptibility to, 2|not specified|Hereditary cancer-predisposing syndrome|Hereditary breast ovarian cancer syndrome|Fanconi anemia complementation group D1|Familial cancer of breast|Breast and/or ovarian cancer|Malignant tumor of breast|8 conditions|BRCA2-related cancer predisposition
BRCA2	P51587	Ala2717Ser	0	reviewed by expert panel	not provided|Hereditary breast ovarian cancer syndrome|Breast-ovarian cancer, familial, susceptibility to, 2|not specified|Hereditary cancer-predisposing syndrome|Fanconi anemia complementation group D1|Breast and/or ovarian cancer|Malignant tumor of breast|BRCA2-related cancer predisposition|BRCA2-related disorder
BRCA2	P51587	Val2728Ile	0	reviewed by expert panel	not provided|Hereditary breast ovarian cancer syndrome|Breast-ovarian cancer, familial, susceptibility to, 2|not specified|Hereditary cancer-predisposing syndrome|Breast neoplasm|Fanconi anemia complementation group D1|Malignant tumor of breast|Breast and/or ovarian cancer|8 conditions|BRCA2-related disorder
BRCA2	P51587	Asn289His	0	reviewed by expert panel	not provided|not specified|Breast-ovarian cancer, familial, susceptibility to, 2|Hereditary cancer-predisposing syndrome|Fanconi anemia complementation group D1|Hereditary breast ovarian cancer syndrome|Familial cancer of breast|Breast carcinoma|8 conditions
BRCA2	P51587	Ile2944Phe	0	reviewed by expert panel	not provided|Hereditary breast ovarian cancer syndrome|Breast-ovarian cancer, familial, susceptibility to, 2|not specified|Hereditary cancer-predisposing syndrome|Fanconi anemia complementation group D1|Familial cancer of breast|Breast neoplasm|8 conditions|BRCA2-related cancer predisposition
BRCA2	P51587	Ala2951Thr	0	reviewed by expert panel	not provided|Hereditary breast ovarian cancer syndrome|Breast-ovarian cancer, familial, susceptibility to, 2|not specified|Hereditary cancer-predisposing syndrome|Fanconi anemia complementation group D1|Familial cancer of breast|Breast and/or ovarian cancer|Malignant tumor of breast|Ovarian cancer|BRCA2-related cancer predisposition
BRCA2	P51587	Val3244Ile	0	reviewed by expert panel	not provided|Breast-ovarian cancer, familial, susceptibility to, 2|not specified|Hereditary cancer-predisposing syndrome|Hereditary breast ovarian cancer syndrome|Fanconi anemia complementation group D1|Familial cancer of breast|Breast and/or ovarian cancer|Malignant tumor of breast|8 conditions|BRCA2-related cancer predisposition
MLH1	P40692	Val384Asp	0	reviewed by expert panel	not provided|Lynch syndrome|not specified|Lynch syndrome 1|Hereditary cancer-predisposing syndrome|Colorectal cancer, hereditary nonpolyposis, type 2|Colorectal cancer, hereditary nonpolyposis, type 2;Mismatch repair cancer syndrome 1;Muir-Torré syndrome|Hereditary nonpolyposis colorectal neoplasms|Bile duct cancer|Breast and/or ovarian cancer
MLH1	P40692	Ser406Asn	0	reviewed by expert panel	not provided|Lynch syndrome|not specified|Hereditary cancer-predisposing syndrome|Colorectal cancer, hereditary nonpolyposis, type 2|Hereditary nonpolyposis colorectal neoplasms|Carcinoma of colon|Breast and/or ovarian cancer|Colorectal cancer, hereditary nonpolyposis, type 2;Mismatch repair cancer syndrome 1;Muir-Torré syndrome|Muir-Torré syndrome
MLH1	P40692	Pro581Leu	0	reviewed by expert panel	not provided|Hereditary cancer-predisposing syndrome|Lynch syndrome|not specified|Colorectal cancer, hereditary nonpolyposis, type 2|Hereditary nonpolyposis colorectal neoplasms|MLH1-related disorder|Muir-Torré syndrome
MLH1	P40692	Pro603Arg	0	reviewed by expert panel	not provided|Lynch syndrome|Hereditary cancer-predisposing syndrome|not specified|Colorectal cancer, hereditary nonpolyposis, type 2|Hereditary nonpolyposis colorectal neoplasms|Malignant tumor of breast|MLH1-related disorder|Muir-Torré syndrome
MLH1	P40692	Ile655Val	0	reviewed by expert panel	not provided|Lynch syndrome|Endometrial carcinoma|not specified|Hereditary cancer-predisposing syndrome|Colorectal cancer, hereditary nonpolyposis, type 2|Hereditary nonpolyposis colorectal neoplasms|Colorectal cancer, hereditary nonpolyposis, type 2;Mismatch repair cancer syndrome 1;Muir-Torré syndrome|Muir-Torré syndrome
MLH1	P40692	Val716Met	0	reviewed by expert panel	not provided|Lynch syndrome|Hereditary cancer-predisposing syndrome|not specified|Colorectal cancer, hereditary nonpolyposis, type 2|Hereditary nonpolyposis colorectal neoplasms|Malignant tumor of breast|Breast and/or ovarian cancer
MLH1	P40692	Val213Met	0	reviewed by expert panel	not provided|Lynch syndrome|not specified|Hereditary cancer-predisposing syndrome|Hereditary nonpolyposis colorectal neoplasms|Colorectal cancer, hereditary nonpolyposis, type 2|Malignant tumor of breast|Breast and/or ovarian cancer|Muir-Torré syndrome
MSH2	P43246	Leu390Phe	0	reviewed by expert panel	not provided|Lynch syndrome|not specified|Hereditary cancer-predisposing syndrome|Lynch syndrome 1|Hereditary nonpolyposis colorectal neoplasms|Carcinoma of colon|Breast and/or ovarian cancer
MSH2	P43246	Ile577Thr	0	reviewed by expert panel	not provided|Hereditary cancer-predisposing syndrome|Lynch syndrome|not specified|Lynch syndrome 1|Hereditary nonpolyposis colorectal neoplasms|Breast and/or ovarian cancer|Hereditary nonpolyposis colon cancer|MSH2-related disorder
MSH2	P43246	Ala2Thr	0	reviewed by expert panel	not provided|Lynch syndrome 1|Hereditary cancer-predisposing syndrome|not specified|Lynch syndrome|Hereditary nonpolyposis colorectal neoplasms|Breast carcinoma|Malignant tumor of breast|Breast and/or ovarian cancer|MSH2-related disorder
MSH2	P43246	Ala272Val	0	reviewed by expert panel	not provided|Hereditary cancer-predisposing syndrome|Lynch syndrome|Colorectal cancer, non-polyposis|not specified|Lynch syndrome 1|Hereditary nonpolyposis colorectal neoplasms|Malignant tumor of breast|Breast and/or ovarian cancer|MSH2-related disorder
MSH2	P43246	Gly315Val	0	reviewed by expert panel	not provided|Hereditary cancer-predisposing syndrome|Lynch syndrome|Hereditary nonpolyposis colorectal neoplasms|Malignant tumor of breast|not specified|MSH2-related disorder|Lynch syndrome 1|Ovarian serous cystadenocarcinoma
PTEN	P60484	Ala79Thr	0	reviewed by expert panel	not provided|Hereditary cancer-predisposing syndrome|PTEN hamartoma tumor syndrome|Cowden syndrome 1|Macrocephaly-autism syndrome|Carcinoma of colon|Intellectual disability|not specified|Cowden syndrome 1;Glioma susceptibility 2;Prostate cancer;Familial meningioma;Macrocephaly-autism syndrome|PTEN-related disorder|Breast and/or ovarian cancer
BRCA1	P38398	Gln356Arg	0	reviewed by expert panel	not provided|Hereditary breast ovarian cancer syndrome|Breast-ovarian cancer, familial, susceptibility to, 1|not specified|Hereditary cancer-predisposing syndrome|Breast ductal adenocarcinoma|Familial cancer of breast|Malignant tumor of breast|Fanconi anemia, complementation group S;Pancreatic cancer, susceptibility to, 4;Breast-ovarian cancer, familial, susceptibility to, 1;Familial cancer of breast
BRCA1	P38398	Asp411Glu	0	reviewed by expert panel	not provided|Breast-ovarian cancer, familial, susceptibility to, 1|Hereditary cancer-predisposing syndrome|not specified|Hereditary breast ovarian cancer syndrome|Malignant tumor of breast|BRCA1-related cancer predisposition
BRCA1	P38398	Arg496His	0	reviewed by expert panel	not provided|Hereditary breast ovarian cancer syndrome|Breast-ovarian cancer, familial, susceptibility to, 1|not specified|Hereditary cancer-predisposing syndrome|Malignant tumor of breast|Breast and/or ovarian cancer|BRCA1-related cancer predisposition
BRCA1	P38398	Glu597Lys	0	reviewed by expert panel	not provided|not specified|Breast-ovarian cancer, familial, susceptibility to, 1|Hereditary cancer-predisposing syndrome|Hereditary breast ovarian cancer syndrome|Malignant tumor of breast|Breast and/or ovarian cancer|BRCA1-related cancer predisposition|BRCA1-related disorder
BRCA1	P38398	Asp693Asn	0	reviewed by expert panel	not provided|Hereditary breast ovarian cancer syndrome|Breast-ovarian cancer, familial, susceptibility to, 1|Hereditary cancer-predisposing syndrome|not specified|Familial cancer of breast|Fanconi anemia, complementation group S;Pancreatic cancer, susceptibility to, 4;Breast-ovarian cancer, familial, susceptibility to, 1;Familial cancer of breast|BRCA1-related cancer predisposition
BRCA1	P38398	Val772Ala	0	reviewed by expert panel	not provided|Breast-ovarian cancer, familial, susceptibility to, 1|Breast neoplasm|Hereditary cancer-predisposing syndrome|not specified|Hereditary breast ovarian cancer syndrome|Breast and/or ovarian cancer|Malignant tumor of breast|BRCA1-related disorder|BRCA1-related cancer predisposition
BRCA1	P38398	Lys820Glu	0	reviewed by expert panel	not provided|Hereditary breast ovarian cancer syndrome|not specified|Breast-ovarian cancer, familial, susceptibility to, 1|Hereditary cancer-predisposing syndrome|Breast and/or ovarian cancer|Breast-ovarian cancer, familial, susceptibility to, 1;Fanconi anemia, complementation group S;Pancreatic cancer, susceptibility to, 4;Familial cancer of breast
BRCA1	P38398	Arg866Cys	0	reviewed by expert panel	not provided|Breast-ovarian cancer, familial, susceptibility to, 1|not specified|Hereditary cancer-predisposing syndrome|Familial cancer of breast|Breast and/or ovarian cancer|Hereditary breast ovarian cancer syndrome|Breast-ovarian cancer, familial, susceptibility to, 1;Fanconi anemia, complementation group S;Pancreatic cancer, susceptibility to, 4;Familial cancer of breast
BRCA1	P38398	Pro871Leu	0	reviewed by expert panel	not provided|Breast-ovarian cancer, familial, susceptibility to, 1|Familial cancer of breast|not specified|Hereditary cancer-predisposing syndrome|Hereditary breast ovarian cancer syndrome|Breast carcinoma|Fanconi anemia, complementation group S;Pancreatic cancer, susceptibility to, 4;Breast-ovarian cancer, familial, susceptibility to, 1;Familial cancer of breast|BRCA1-related cancer predisposition
BRCA1	P38398	Met1008Ile	0	reviewed by expert panel	Hereditary breast ovarian cancer syndrome|Breast-ovarian cancer, familial, susceptibility to, 1|not specified|Hereditary cancer-predisposing syndrome|Familial cancer of breast;Breast-ovarian cancer, familial, susceptibility to, 1;Fanconi anemia, complementation group S;Pancreatic cancer, susceptibility to, 4|Breast and/or ovarian cancer|BRCA1-related cancer predisposition|Inherited prostate cancer|Inherited breast cancer and ovarian cancer|not provided
BRCA1	P38398	Glu1038Gly	0	reviewed by expert panel	not provided|Familial cancer of breast|not specified|Breast-ovarian cancer, familial, susceptibility to, 1|Hereditary cancer-predisposing syndrome|Hereditary breast ovarian cancer syndrome|Fanconi anemia, complementation group S;Pancreatic cancer, susceptibility to, 4;Breast-ovarian cancer, familial, susceptibility to, 1;Familial cancer of breast|Breast carcinoma|Malignant tumor of breast|BRCA1-related cancer predisposition
BRCA1	P38398	Pro1099Leu	0	reviewed by expert panel	not provided|not specified|Breast-ovarian cancer, familial, susceptibility to, 1|Hereditary cancer-predisposing syndrome|Hereditary breast ovarian cancer syndrome|Breast and/or ovarian cancer|Pancreatic cancer, susceptibility to, 4;Familial cancer of breast;Breast-ovarian cancer, familial, susceptibility to, 1;Fanconi anemia, complementation group S|BRCA1-related disorder|Inherited breast cancer and ovarian cancer
BRCA1	P38398	Ser1140Gly	0	reviewed by expert panel	not provided|Hereditary breast ovarian cancer syndrome|not specified|Breast-ovarian cancer, familial, susceptibility to, 1|Hereditary cancer-predisposing syndrome|Familial cancer of breast|Fanconi anemia, complementation group S;Pancreatic cancer, susceptibility to, 4;Breast-ovarian cancer, familial, susceptibility to, 1;Familial cancer of breast|Breast and/or ovarian cancer|BRCA1-related cancer predisposition
BRCA1	P38398	Lys1183Arg	0	reviewed by expert panel	not provided|Hereditary breast ovarian cancer syndrome|not specified|Breast-ovarian cancer, familial, susceptibility to, 1|Hereditary cancer-predisposing syndrome|Familial cancer of breast|Breast carcinoma|Fanconi anemia, complementation group S;Pancreatic cancer, susceptibility to, 4;Breast-ovarian cancer, familial, susceptibility to, 1;Familial cancer of breast|BRCA1-related cancer predisposition
BRCA1	P38398	Leu1261Phe	0	criteria provided, single submitter	not provided|Hereditary cancer-predisposing syndrome|Breast-ovarian cancer, familial, susceptibility to, 1
BRCA1	P38398	Arg1347Gly	0	reviewed by expert panel	not provided|Hereditary breast ovarian cancer syndrome|Breast-ovarian cancer, familial, susceptibility to, 1|not specified|Hereditary cancer-predisposing syndrome|Familial cancer of breast|Breast and/or ovarian cancer|BRCA1-related cancer predisposition
BRCA1	P38398	Pro142His	0	reviewed by expert panel	not provided|Breast-ovarian cancer, familial, susceptibility to, 1|Hereditary cancer-predisposing syndrome|not specified|Hereditary breast ovarian cancer syndrome|Malignant tumor of breast
BRCA1	P38398	Arg1507Thr	0	reviewed by expert panel	not provided|Hereditary breast ovarian cancer syndrome|Hereditary cancer-predisposing syndrome|Breast-ovarian cancer, familial, susceptibility to, 1|not specified|Breast and/or ovarian cancer|BRCA1-related cancer predisposition
BRCA1	P38398	Ser1512Ile	0	reviewed by expert panel	not provided|Hereditary breast ovarian cancer syndrome|not specified|Breast-ovarian cancer, familial, susceptibility to, 1|Hereditary cancer-predisposing syndrome|Breast-ovarian cancer, familial, susceptibility to, 1;Pancreatic cancer, susceptibility to, 4;Fanconi anemia, complementation group S;Familial cancer of breast|BRCA1-related cancer predisposition|Inherited breast cancer and ovarian cancer
BRCA1	P38398	Ser1613Gly	0	reviewed by expert panel	not provided|Familial cancer of breast|not specified|Breast-ovarian cancer, familial, susceptibility to, 1|Hereditary breast ovarian cancer syndrome|Hereditary cancer-predisposing syndrome|Breast carcinoma|Malignant tumor of breast|Fanconi anemia, complementation group S;Pancreatic cancer, susceptibility to, 4;Breast-ovarian cancer, familial, susceptibility to, 1;Familial cancer of breast|BRCA1-related cancer predisposition
BRCA1	P38398	Met1628Thr	0	reviewed by expert panel	not provided|Breast-ovarian cancer, familial, susceptibility to, 1|Breast neoplasm|not specified|Hereditary cancer-predisposing syndrome|Hereditary breast ovarian cancer syndrome|Malignant tumor of breast|Breast-ovarian cancer, familial, susceptibility to, 1;Fanconi anemia, complementation group S;Pancreatic cancer, susceptibility to, 4;Familial cancer of breast|BRCA1-related disorder|Breast-ovarian cancer, familial, susceptibility to, 1;Fanconi anemia, complementation group S;Familial cancer of breast
BRCA1	P38398	Met1652Ile	0	reviewed by expert panel	not provided|Hereditary breast ovarian cancer syndrome|Breast-ovarian cancer, familial, susceptibility to, 1|not specified|Hereditary cancer-predisposing syndrome|Familial cancer of breast|Malignant tumor of breast|BRCA1-related cancer predisposition
BRCA1	P38398	His1860Pro	0	no assertion criteria provided	not provided
BRCA1	P38398	Leu246Val	0	reviewed by expert panel	not provided|Breast-ovarian cancer, familial, susceptibility to, 1|Hereditary breast ovarian cancer syndrome|not specified|Hereditary cancer-predisposing syndrome|Breast and/or ovarian cancer|Malignant tumor of breast|Breast-ovarian cancer, familial, susceptibility to, 1;Fanconi anemia, complementation group S;Pancreatic cancer, susceptibility to, 4;Familial cancer of breast|BRCA1-related cancer predisposition
FBN1	P35555	Arg62Cys	1	criteria provided, multiple submitters, no conflicts	Marfan syndrome|not provided|Marfan syndrome;Familial thoracic aortic aneurysm and aortic dissection|Familial thoracic aortic aneurysm and aortic dissection|Familial ectopia lentis|8 conditions
FBN1	P35555	Cys781Arg	1	criteria provided, multiple submitters, no conflicts	Marfan syndrome|not provided|Familial thoracic aortic aneurysm and aortic dissection
FBN1	P35555	Cys816Ser	1	criteria provided, single submitter	Marfan syndrome
FBN1	P35555	Cys816Trp	1	criteria provided, single submitter	Marfan syndrome
FBN1	P35555	Cys830Gly	1	criteria provided, single submitter	Marfan syndrome
FBN1	P35555	Cys100Phe	1	criteria provided, single submitter	Marfan syndrome
FBN1	P35555	Thr1020Ala	0	reviewed by expert panel	Marfan syndrome|not specified|not provided|Familial thoracic aortic aneurysm and aortic dissection|Marfan syndrome;Familial thoracic aortic aneurysm and aortic dissection|FBN1-related disorder
FBN1	P35555	Asn1131Ser	1	criteria provided, single submitter	Marfan syndrome
FBN1	P35555	Pro1141Leu	0	reviewed by expert panel	not specified|Marfan syndrome;Familial thoracic aortic aneurysm and aortic dissection|Familial thoracic aortic aneurysm and aortic dissection|Marfan syndrome|Stiff skin syndrome|Ectopia lentis 1, isolated, autosomal dominant|Weill-Marchesani syndrome|Acromicric dysplasia|Geleophysic dysplasia|Developmental cataract|not provided
FBN1	P35555	Asp1197Asn	1	reviewed by expert panel	not specified|Familial thoracic aortic aneurysm and aortic dissection|Familial thoracic aortic aneurysm and aortic dissection;Marfan syndrome|Ectopia lentis 1, isolated, autosomal dominant|Marfan syndrome
FBN1	P35555	Cys123Tyr	1	criteria provided, multiple submitters, no conflicts	Marfan syndrome|Marfan syndrome;Familial thoracic aortic aneurysm and aortic dissection|8 conditions|FBN1-related disorder
FBN1	P35555	Cys1296Arg	1	criteria provided, multiple submitters, no conflicts	Marfan syndrome|not provided|Familial thoracic aortic aneurysm and aortic dissection;Marfan syndrome
FBN1	P35555	Cys1350Ser	1	criteria provided, single submitter	Marfan syndrome
FBN1	P35555	Tyr1387Cys	1	criteria provided, single submitter	Marfan syndrome
FBN1	P35555	Cys1408Arg	1	criteria provided, multiple submitters, no conflicts	Marfan syndrome|Marfan syndrome;Familial thoracic aortic aneurysm and aortic dissection|not provided|Familial thoracic aortic aneurysm and aortic dissection|Geleophysic dysplasia 2;Ectopia lentis 1, isolated, autosomal dominant;Stiff skin syndrome;Familial thoracic aortic aneurysm and aortic dissection
FBN1	P35555	Cys1456Tyr	1	criteria provided, multiple submitters, no conflicts	Marfan syndrome|Familial thoracic aortic aneurysm and aortic dissection|Familial thoracic aortic aneurysm and aortic dissection;Marfan syndrome
FBN1	P35555	Arg1469Pro	1	criteria provided, single submitter	Marfan syndrome|Familial thoracic aortic aneurysm and aortic dissection
FBN1	P35555	Thr1547Ile	0	reviewed by expert panel	not specified|Marfan syndrome|Familial thoracic aortic aneurysm and aortic dissection|Marfan syndrome;Familial thoracic aortic aneurysm and aortic dissection|not provided|FBN1-related disorder
FBN1	P35555	Cys166Ser	1	criteria provided, single submitter	Marfan syndrome
FBN1	P35555	Cys177Arg	1	criteria provided, single submitter	Marfan syndrome
FBN1	P35555	Gly1838Cys	1	criteria provided, multiple submitters, no conflicts	Marfan syndrome|Marfan Syndrome/Loeys-Dietz Syndrome/Familial Thoracic Aortic Aneurysms and Dissections|Familial thoracic aortic aneurysm and aortic dissection
FBN1	P35555	Asn1907Asp	1	criteria provided, multiple submitters, no conflicts	Familial thoracic aortic aneurysm and aortic dissection;Marfan syndrome|Marfan syndrome
FBN1	P35555	Asn1907Lys	1	criteria provided, single submitter	Marfan syndrome
FBN1	P35555	Cys1916Tyr	1	reviewed by expert panel	Marfan syndrome|not specified|Familial thoracic aortic aneurysm and aortic dissection;Marfan syndrome
FBN1	P35555	Tyr2149Cys	1	reviewed by expert panel	Familial thoracic aortic aneurysm and aortic dissection;Marfan syndrome|Marfan syndrome|Familial thoracic aortic aneurysm and aortic dissection
FBN1	P35555	Cys2210Trp	1	criteria provided, single submitter	Marfan syndrome
FBN1	P35555	Cys2307Tyr	1	criteria provided, single submitter	Marfan syndrome
FBN1	P35555	Cys2365Tyr	1	criteria provided, single submitter	Marfan syndrome
FBN1	P35555	Glu2527Ala	1	criteria provided, single submitter	Marfan syndrome
FBN1	P35555	Cys2631Tyr	1	reviewed by expert panel	not specified|Marfan syndrome|Familial thoracic aortic aneurysm and aortic dissection;Marfan syndrome
FBN1	P35555	Tyr2793Cys	1	reviewed by expert panel	Marfan syndrome|Familial thoracic aortic aneurysm and aortic dissection;Marfan syndrome|not specified|Familial thoracic aortic aneurysm and aortic dissection
FBN1	P35555	Gln2867Pro	1	criteria provided, single submitter	Marfan syndrome
MLH1	P40692	Val326Ala	0	reviewed by expert panel	not specified|Lynch syndrome|Hereditary cancer-predisposing syndrome|Lynch syndrome 1|Colorectal cancer, non-polyposis|not provided|Hereditary nonpolyposis colorectal neoplasms|Colorectal cancer, hereditary nonpolyposis, type 2|Breast and/or ovarian cancer|Muir-Torré syndrome|Colorectal cancer, hereditary nonpolyposis, type 2;Muir-Torré syndrome|Inherited prostate cancer
TP53	P04637	Ala347Asp	1	reviewed by expert panel	not specified|not provided|Li-Fraumeni syndrome|Hereditary cancer-predisposing syndrome|Li-Fraumeni syndrome 1
TP53	P04637	Pro47Ser	0	reviewed by expert panel	not specified|Hereditary cancer-predisposing syndrome|Li-Fraumeni syndrome 1|not provided|Li-Fraumeni syndrome|Malignant tumor of breast|Hereditary breast ovarian cancer syndrome|12 conditions|Breast and/or ovarian cancer|Cervical cancer
VHL	P40337	Ser65Trp	1	reviewed by expert panel	Von Hippel-Lindau syndrome|not provided|Von Hippel-Lindau syndrome;Chuvash polycythemia|Hereditary cancer-predisposing syndrome
VHL	P40337	Cys162Phe	1	criteria provided, multiple submitters, no conflicts	Von Hippel-Lindau syndrome|Von Hippel-Lindau syndrome;Chuvash polycythemia
BRAF	P15056	Gly469Val	1	criteria provided, single submitter	Non-small cell lung carcinoma|Low grade glioma
BRAF	P15056	Thr470Arg	1	criteria provided, multiple submitters, no conflicts	Noonan syndrome|not provided
BRAF	P15056	Glu501Gln	1	criteria provided, single submitter	Cardio-facio-cutaneous syndrome
BRAF	P15056	His574Tyr	1	criteria provided, single submitter	Cardio-facio-cutaneous syndrome|not provided
BRAF	P15056	Asp594Asn	1	criteria provided, single submitter	Non-small cell lung carcinoma|Lung adenocarcinoma|Prostate cancer, hereditary, 1|Pilocytic astrocytoma
BRAF	P15056	Val600Met	1	criteria provided, single submitter	Non-small cell lung carcinoma|not provided
BRAF	P15056	Val600Leu	1	criteria provided, single submitter	Non-small cell lung carcinoma|Myoepithelial tumor
BRAF	P15056	Lys601Thr	1	criteria provided, multiple submitters, no conflicts	Noonan syndrome;Cardio-facio-cutaneous syndrome|Cardiofaciocutaneous syndrome 1|RASopathy|not provided
BRAF	P15056	Thr241Lys	1	reviewed by expert panel	Noonan syndrome|RASopathy
BRAF	P15056	Phe247Val	1	reviewed by expert panel	not specified|not provided|Noonan syndrome;Cardio-facio-cutaneous syndrome|Noonan syndrome and Noonan-related syndrome|RASopathy
BRAF	P15056	Gly265Arg	1	reviewed by expert panel	Noonan syndrome|RASopathy
BRAF	P15056	Ala31Gly	0	reviewed by expert panel	not specified|RASopathy|Noonan syndrome and Noonan-related syndrome|not provided|Cardiovascular phenotype
BRAF	P15056	Ser323Leu	0	reviewed by expert panel	not specified|RASopathy|not provided|Noonan syndrome and Noonan-related syndrome|BRAF-related disorder
KRAS	P01116	Gln61Leu	1	criteria provided, single submitter	Non-small cell lung carcinoma|Multiple myeloma|Neoplasm|Germinoma|Medullary thyroid carcinoma
KRAS	P01116	Gln61His	1	criteria provided, single submitter	Non-small cell lung carcinoma|Cerebral arteriovenous malformation|Vascular malformation
KRAS	P01116	Gly13Val	1	criteria provided, single submitter	Non-small cell lung carcinoma|not provided
KRAS	P01116	Val152Phe	1	criteria provided, single submitter	Noonan syndrome
EGFR	P00533	Gly719Ala	1	criteria provided, single submitter	Non-small cell lung carcinoma|Neoplasm
EGFR	P00533	Ser768Ile	1	criteria provided, single submitter	Non-small cell lung carcinoma|Neoplasm
EGFR	P00533	Val834Leu	1	criteria provided, single submitter	Non-small cell lung carcinoma|Lung adenocarcinoma
CFTR	P13569	Ser364Pro	1	criteria provided, multiple submitters, no conflicts	Cystic fibrosis|CFTR-related disorder
BRCA2	P51587	Thr3374Ile	0	reviewed by expert panel	Breast-ovarian cancer, familial, susceptibility to, 2|not specified|Hereditary cancer-predisposing syndrome|Hereditary breast ovarian cancer syndrome|not provided|Breast and/or ovarian cancer|BRCA2-related disorder
BRCA2	P51587	Gln347Arg	0	reviewed by expert panel	Breast-ovarian cancer, familial, susceptibility to, 2|Hereditary cancer-predisposing syndrome|not specified|not provided|Hereditary breast ovarian cancer syndrome|Malignant tumor of breast
BRCA2	P51587	Pro375Ser	0	reviewed by expert panel	Breast-ovarian cancer, familial, susceptibility to, 2|Hereditary cancer-predisposing syndrome|not specified|Hereditary breast ovarian cancer syndrome|not provided
BRCA2	P51587	Glu394Ala	0	reviewed by expert panel	Hereditary breast ovarian cancer syndrome|Breast-ovarian cancer, familial, susceptibility to, 2|Hereditary cancer-predisposing syndrome|not specified|Breast and/or ovarian cancer|not provided
BRCA2	P51587	Pro41Ser	0	reviewed by expert panel	Hereditary breast ovarian cancer syndrome|Breast-ovarian cancer, familial, susceptibility to, 2|Hereditary cancer-predisposing syndrome|not provided|Ovarian cancer|not specified|Familial cancer of breast|BRCA2-related cancer predisposition
BRCA2	P51587	Leu452Ile	0	reviewed by expert panel	Breast-ovarian cancer, familial, susceptibility to, 2|not specified|Hereditary cancer-predisposing syndrome|Hereditary breast ovarian cancer syndrome|not provided
BRCA2	P51587	Gln499Arg	0	criteria provided, single submitter	Familial cancer of breast|Hereditary cancer-predisposing syndrome
BRCA2	P51587	Cys554Trp	0	reviewed by expert panel	not specified|Breast-ovarian cancer, familial, susceptibility to, 2|Carcinoma of male breast|Hereditary cancer-predisposing syndrome|Hereditary breast ovarian cancer syndrome|Breast and/or ovarian cancer|not provided|BRCA2-related disorder
BRCA2	P51587	Asn560Asp	0	criteria provided, single submitter	Breast-ovarian cancer, familial, susceptibility to, 2|Hereditary cancer-predisposing syndrome
BRCA2	P51587	Asp596His	0	reviewed by expert panel	Hereditary breast ovarian cancer syndrome|Breast-ovarian cancer, familial, susceptibility to, 2|not specified|Hereditary cancer-predisposing syndrome|Breast neoplasm|Fanconi anemia complementation group D1|not provided|Breast and/or ovarian cancer|Malignant tumor of breast|8 conditions
BRCA2	P51587	Tyr600His	0	reviewed by expert panel	Hereditary breast ovarian cancer syndrome|Breast-ovarian cancer, familial, susceptibility to, 2|not specified|Hereditary cancer-predisposing syndrome|not provided|Malignant tumor of breast|BRCA2-related cancer predisposition
BRCA2	P51587	Gly602Arg	0	reviewed by expert panel	Breast-ovarian cancer, familial, susceptibility to, 2|Hereditary cancer-predisposing syndrome|not specified|Hereditary breast ovarian cancer syndrome|not provided
BRCA2	P51587	Ala618Pro	0	criteria provided, single submitter	Breast-ovarian cancer, familial, susceptibility to, 2|Hereditary cancer-predisposing syndrome
BRCA2	P51587	Asp707Tyr	0	criteria provided, single submitter	Breast-ovarian cancer, familial, susceptibility to, 2|Hereditary cancer-predisposing syndrome
BRCA2	P51587	Ala737Ser	0	criteria provided, single submitter	Breast-ovarian cancer, familial, susceptibility to, 2|Hereditary cancer-predisposing syndrome
BRCA2	P51587	Val741Leu	0	criteria provided, single submitter	Breast-ovarian cancer, familial, susceptibility to, 2|Hereditary cancer-predisposing syndrome
BRCA2	P51587	Ala75Pro	0	reviewed by expert panel	Hereditary breast ovarian cancer syndrome|Breast-ovarian cancer, familial, susceptibility to, 2|not specified|Breast neoplasm|Hereditary cancer-predisposing syndrome|Familial cancer of breast|not provided|Breast and/or ovarian cancer|Inherited breast cancer and ovarian cancer
BRCA2	P51587	Leu759Phe	0	criteria provided, single submitter	Breast-ovarian cancer, familial, susceptibility to, 2|Hereditary cancer-predisposing syndrome
BRCA2	P51587	Asp806His	0	reviewed by expert panel	not specified|Breast-ovarian cancer, familial, susceptibility to, 2|Hereditary cancer-predisposing syndrome|not provided|Breast and/or ovarian cancer|Hereditary breast ovarian cancer syndrome|Fanconi anemia complementation group D1|Malignant tumor of breast|BRCA2-related disorder|Inherited breast cancer and ovarian cancer
BRCA2	P51587	Tyr828Cys	0	criteria provided, single submitter	Breast-ovarian cancer, familial, susceptibility to, 2|Hereditary cancer-predisposing syndrome
BRCA2	P51587	Pro835Ser	0	criteria provided, single submitter	Breast-ovarian cancer, familial, susceptibility to, 2|Hereditary cancer-predisposing syndrome
BRCA2	P51587	Val894Ile	0	reviewed by expert panel	Breast-ovarian cancer, familial, susceptibility to, 2|not specified|Hereditary cancer-predisposing syndrome|not provided|Hereditary breast ovarian cancer syndrome|Malignant tumor of breast|Breast and/or ovarian cancer
BRCA2	P51587	Asn900Asp	0	reviewed by expert panel	Hereditary breast ovarian cancer syndrome|Breast-ovarian cancer, familial, susceptibility to, 2|Hereditary cancer-predisposing syndrome|not provided|not specified|BRCA2-related disorder|Inherited breast cancer and ovarian cancer
BRCA2	P51587	Leu929Ser	0	reviewed by expert panel	Breast-ovarian cancer, familial, susceptibility to, 2|not specified|Hereditary cancer-predisposing syndrome|Hereditary breast ovarian cancer syndrome|Fanconi anemia complementation group D1|not provided|Malignant tumor of breast|Breast and/or ovarian cancer
BRCA2	P51587	Ser958Gly	0	criteria provided, multiple submitters, no conflicts	Breast-ovarian cancer, familial, susceptibility to, 2|Hereditary cancer-predisposing syndrome|Hereditary breast ovarian cancer syndrome
BRCA2	P51587	Asn987Ile	0	reviewed by expert panel	Breast-ovarian cancer, familial, susceptibility to, 2|not specified|Hereditary cancer-predisposing syndrome|Hereditary breast ovarian cancer syndrome|Fanconi anemia complementation group D1|not provided|Malignant tumor of breast|Breast and/or ovarian cancer
BRCA2	P51587	Tyr989Asp	0	criteria provided, single submitter	Breast-ovarian cancer, familial, susceptibility to, 2|Hereditary cancer-predisposing syndrome
BRCA2	P51587	Leu996Arg	0	reviewed by expert panel	not specified|Breast-ovarian cancer, familial, susceptibility to, 2|Hereditary cancer-predisposing syndrome|Hereditary breast ovarian cancer syndrome|Fanconi anemia complementation group D1|not provided
BRCA2	P51587	Met1Arg	1	criteria provided, multiple submitters, no conflicts	Hereditary breast ovarian cancer syndrome|Breast-ovarian cancer, familial, susceptibility to, 2|Hereditary cancer-predisposing syndrome|not provided
BRCA2	P51587	Ser1041Asn	0	criteria provided, single submitter	Breast-ovarian cancer, familial, susceptibility to, 2|Hereditary cancer-predisposing syndrome
BRCA2	P51587	Cys1044Trp	0	criteria provided, single submitter	Breast-ovarian cancer, familial, susceptibility to, 2|Hereditary cancer-predisposing syndrome
BRCA2	P51587	Asn108His	0	reviewed by expert panel	Breast-ovarian cancer, familial, susceptibility to, 2|Hereditary cancer-predisposing syndrome|not specified|not provided|Hereditary breast ovarian cancer syndrome|BRCA2-related disorder|Familial cancer of breast;Breast-ovarian cancer, familial, susceptibility to, 2
BRCA2	P51587	Tyr1135His	0	criteria provided, single submitter	Breast-ovarian cancer, familial, susceptibility to, 2|Hereditary cancer-predisposing syndrome
BRCA2	P51587	Arg1190Trp	0	reviewed by expert panel	Breast-ovarian cancer, familial, susceptibility to, 2|not specified|Hereditary cancer-predisposing syndrome|not provided|Hereditary breast ovarian cancer syndrome|Breast and/or ovarian cancer|BRCA2-related disorder|BRCA2-related cancer predisposition
BRCA2	P51587	Phe1192Cys	0	reviewed by expert panel	Breast-ovarian cancer, familial, susceptibility to, 2|Hereditary cancer-predisposing syndrome|not specified|not provided|Hereditary breast ovarian cancer syndrome
BRCA2	P51587	Asp1280Val	0	reviewed by expert panel	not specified|Breast-ovarian cancer, familial, susceptibility to, 2|Hereditary cancer-predisposing syndrome|not provided|Hereditary breast ovarian cancer syndrome|BRCA2-related cancer predisposition
BRCA2	P51587	Val1283Gly	0	criteria provided, single submitter	Breast-ovarian cancer, familial, susceptibility to, 2|Hereditary cancer-predisposing syndrome
BRCA2	P51587	Thr1302Asn	0	criteria provided, single submitter	Breast-ovarian cancer, familial, susceptibility to, 2|Hereditary cancer-predisposing syndrome
BRCA2	P51587	Arg1315Lys	0	criteria provided, single submitter	Breast-ovarian cancer, familial, susceptibility to, 2|Hereditary cancer-predisposing syndrome
BRCA2	P51587	Met1Ile	1	reviewed by expert panel	Hereditary breast ovarian cancer syndrome|Breast-ovarian cancer, familial, susceptibility to, 2|Hereditary cancer-predisposing syndrome|Breast and/or ovarian cancer|not provided
BRCA2	P51587	Ile1349Thr	0	reviewed by expert panel	not specified|Breast-ovarian cancer, familial, susceptibility to, 2|Hereditary cancer-predisposing syndrome|not provided|Hereditary breast ovarian cancer syndrome|BRCA2-related cancer predisposition
BRCA2	P51587	Thr1354Met	0	reviewed by expert panel	Breast-ovarian cancer, familial, susceptibility to, 2|not specified|Breast neoplasm|Hereditary cancer-predisposing syndrome|Hereditary breast ovarian cancer syndrome|not provided|Breast and/or ovarian cancer|Inherited breast cancer and ovarian cancer
BRCA2	P51587	Ile1364Leu	0	reviewed by expert panel	Hereditary breast ovarian cancer syndrome|not specified|Breast-ovarian cancer, familial, susceptibility to, 2|Hereditary cancer-predisposing syndrome|Fanconi anemia complementation group D1|Familial cancer of breast|not provided|Breast and/or ovarian cancer
BRCA2	P51587	Thr1388Asn	0	criteria provided, single submitter	Breast-ovarian cancer, familial, susceptibility to, 2|Hereditary cancer-predisposing syndrome
BRCA2	P51587	Thr1414Met	0	reviewed by expert panel	Breast-ovarian cancer, familial, susceptibility to, 2|not specified|Hereditary cancer-predisposing syndrome|Hereditary breast ovarian cancer syndrome|Fanconi anemia complementation group D1|not provided|Malignant tumor of breast|BRCA2-related cancer predisposition|Familial cancer of breast
BRCA2	P51587	Ser1424Cys	0	reviewed by expert panel	Hereditary breast ovarian cancer syndrome|Breast-ovarian cancer, familial, susceptibility to, 2|Hereditary cancer-predisposing syndrome|not provided|not specified|Breast and/or ovarian cancer|BRCA2-related disorder
BRCA2	P51587	Gln147Arg	0	reviewed by expert panel	Breast-ovarian cancer, familial, susceptibility to, 2|Hereditary breast ovarian cancer syndrome|not specified|Hereditary cancer-predisposing syndrome|Fanconi anemia complementation group D1|Malignant tumor of pancreas|not provided|Malignant tumor of breast|Familial cancer of breast|Ovarian cancer|Breast and/or ovarian cancer
BRCA2	P51587	Leu1522Phe	0	criteria provided, single submitter	Familial cancer of breast|Hereditary cancer-predisposing syndrome
BRCA2	P51587	Phe1524Val	0	reviewed by expert panel	not specified|Breast-ovarian cancer, familial, susceptibility to, 2|Hereditary cancer-predisposing syndrome|not provided|Breast and/or ovarian cancer|Hereditary breast ovarian cancer syndrome|BRCA2-related disorder
BRCA2	P51587	Cys1573Tyr	0	criteria provided, multiple submitters, no conflicts	Breast-ovarian cancer, familial, susceptibility to, 2|Hereditary cancer-predisposing syndrome|not specified|not provided|Hereditary breast ovarian cancer syndrome
BRCA2	P51587	Ala1668Gly	0	criteria provided, single submitter	Breast-ovarian cancer, familial, susceptibility to, 2|Hereditary cancer-predisposing syndrome
BRCA2	P51587	Pro168Thr	0	reviewed by expert panel	not specified|Breast-ovarian cancer, familial, susceptibility to, 2|Hereditary cancer-predisposing syndrome|not provided|Hereditary breast ovarian cancer syndrome|BRCA2-related disorder
BRCA2	P51587	Arg18His	0	reviewed by expert panel	Hereditary breast ovarian cancer syndrome|Breast-ovarian cancer, familial, susceptibility to, 2|Hereditary cancer-predisposing syndrome|not specified|not provided
BRCA2	P51587	Pro1819Ser	0	reviewed by expert panel	Breast-ovarian cancer, familial, susceptibility to, 2|Hereditary cancer-predisposing syndrome|Breast carcinoma|not provided|Hereditary breast ovarian cancer syndrome|Fanconi anemia complementation group D1|not specified|See cases|Breast and/or ovarian cancer|Familial cancer of breast
BRCA2	P51587	Lys1823Gln	0	criteria provided, single submitter	Breast-ovarian cancer, familial, susceptibility to, 2|Hereditary cancer-predisposing syndrome
BRCA2	P51587	Asn1880Lys	0	reviewed by expert panel	Hereditary breast ovarian cancer syndrome|Breast-ovarian cancer, familial, susceptibility to, 2|not specified|Hereditary cancer-predisposing syndrome|Breast neoplasm|Fanconi anemia complementation group D1|Breast and/or ovarian cancer|not provided
BRCA2	P51587	Glu1895Gln	0	criteria provided, single submitter	Familial cancer of breast|Hereditary cancer-predisposing syndrome
BRCA2	P51587	His1918Tyr	0	reviewed by expert panel	not provided|Breast-ovarian cancer, familial, susceptibility to, 2|Hereditary cancer-predisposing syndrome|not specified|Hereditary breast ovarian cancer syndrome|Fanconi anemia complementation group D1|BRCA2-related disorder
BRCA2	P51587	His1918Arg	0	reviewed by expert panel	Breast-ovarian cancer, familial, susceptibility to, 2|Hereditary cancer-predisposing syndrome|not provided|Hereditary breast ovarian cancer syndrome|Malignant tumor of breast|not specified
BRCA2	P51587	Ser2006Arg	0	criteria provided, single submitter	Familial cancer of breast|Hereditary cancer-predisposing syndrome
BRCA2	P51587	Val211Ile	1	criteria provided, multiple submitters, no conflicts	Breast-ovarian cancer, familial, susceptibility to, 2|Hereditary cancer-predisposing syndrome|not provided|Hereditary breast ovarian cancer syndrome|Breast and/or ovarian cancer|Familial cancer of breast
BRCA2	P51587	Lys2128Asn	0	criteria provided, single submitter	Familial cancer of breast|Hereditary cancer-predisposing syndrome
BRCA2	P51587	Ser2152Tyr	0	reviewed by expert panel	Breast-ovarian cancer, familial, susceptibility to, 2|Hereditary cancer-predisposing syndrome|not provided|Hereditary breast ovarian cancer syndrome|Breast and/or ovarian cancer|not specified
BRCA2	P51587	His2178Tyr	0	criteria provided, single submitter	Breast-ovarian cancer, familial, susceptibility to, 2|Hereditary cancer-predisposing syndrome
BRCA2	P51587	Asp2312Val	0	reviewed by expert panel	Hereditary breast ovarian cancer syndrome|Breast-ovarian cancer, familial, susceptibility to, 2|Hereditary cancer-predisposing syndrome|not specified|Fanconi anemia complementation group D1|not provided|8 conditions|BRCA2-related cancer predisposition|Inherited ovarian cancer (without breast cancer)
BRCA2	P51587	Ile2315Leu	0	criteria provided, multiple submitters, no conflicts	Breast-ovarian cancer, familial, susceptibility to, 2|Hereditary cancer-predisposing syndrome|not provided|Hereditary breast ovarian cancer syndrome|not specified
BRCA2	P51587	Arg2318Gln	0	reviewed by expert panel	Breast-ovarian cancer, familial, susceptibility to, 2|Hereditary cancer-predisposing syndrome|not specified|Breast and/or ovarian cancer|not provided|Malignant tumor of breast|Hereditary breast ovarian cancer syndrome|BRCA2-related disorder
BRCA2	P51587	Lys2339Asn	0	reviewed by expert panel	not specified|Breast-ovarian cancer, familial, susceptibility to, 2|Hereditary cancer-predisposing syndrome|Hereditary breast ovarian cancer syndrome|Fanconi anemia complementation group D1|Familial cancer of breast|not provided|Breast and/or ovarian cancer|Malignant tumor of breast|8 conditions|BRCA2-related cancer predisposition
BRCA2	P51587	Gly2353Arg	0	reviewed by expert panel	Breast-ovarian cancer, familial, susceptibility to, 2|not specified|Hereditary cancer-predisposing syndrome|Hereditary breast ovarian cancer syndrome|Fanconi anemia complementation group D1|not provided|Breast and/or ovarian cancer
BRCA2	P51587	Lys2411Thr	0	reviewed by expert panel	Breast-ovarian cancer, familial, susceptibility to, 2|Hereditary cancer-predisposing syndrome|not provided|Hereditary breast ovarian cancer syndrome|not specified|BRCA2-related disorder
BRCA2	P51587	Asn2436Ile	0	reviewed by expert panel	Hereditary breast ovarian cancer syndrome|Breast-ovarian cancer, familial, susceptibility to, 2|Hereditary cancer-predisposing syndrome|not specified|Malignant tumor of breast|not provided
BRCA2	P51587	Lys2472Thr	0	reviewed by expert panel	Breast-ovarian cancer, familial, susceptibility to, 2|Hereditary cancer-predisposing syndrome|Hereditary breast ovarian cancer syndrome|not provided|BRCA2-related cancer predisposition
BRCA2	P51587	Arg2502His	0	reviewed by expert panel	not specified|Breast-ovarian cancer, familial, susceptibility to, 2|Hereditary cancer-predisposing syndrome|not provided|Hereditary breast ovarian cancer syndrome|BRCA2-related cancer predisposition
BRCA2	P51587	Leu2512Phe	0	reviewed by expert panel	Breast-ovarian cancer, familial, susceptibility to, 2|Hereditary cancer-predisposing syndrome|not specified|Hereditary breast ovarian cancer syndrome|Malignant tumor of breast|not provided|Breast and/or ovarian cancer|Familial cancer of breast|BRCA2-related disorder
BRCA2	P51587	Thr2542Arg	0	criteria provided, single submitter	Breast-ovarian cancer, familial, susceptibility to, 2|Hereditary cancer-predisposing syndrome
BRCA2	P51587	Gly2585Arg	1	reviewed by expert panel	Breast-ovarian cancer, familial, susceptibility to, 2|not provided|Hereditary cancer-predisposing syndrome|Hereditary breast ovarian cancer syndrome|BRCA2-related cancer predisposition
BRCA2	P51587	Arg2602Thr	1	criteria provided, single submitter	Breast-ovarian cancer, familial, susceptibility to, 2
BRCA2	P51587	Thr2607Pro	1	reviewed by expert panel	Hereditary breast ovarian cancer syndrome|Breast-ovarian cancer, familial, susceptibility to, 2|Hereditary cancer-predisposing syndrome|BRCA2-related cancer predisposition
BRCA2	P51587	Ile2627Phe	1	reviewed by expert panel	Hereditary breast ovarian cancer syndrome|Breast-ovarian cancer, familial, susceptibility to, 2|Hereditary cancer-predisposing syndrome|not provided|8 conditions|not specified|Familial cancer of breast|BRCA2-related cancer predisposition|8 conditions|Inherited breast cancer and ovarian cancer
BRCA2	P51587	Arg2659Thr	1	reviewed by expert panel	Breast-ovarian cancer, familial, susceptibility to, 2|Hereditary cancer-predisposing syndrome
BRCA2	P51587	Glu2663Val	1	reviewed by expert panel	Breast-ovarian cancer, familial, susceptibility to, 2|Hereditary cancer-predisposing syndrome|Hereditary breast ovarian cancer syndrome|not provided|8 conditions|not specified|Breast and/or ovarian cancer|Familial cancer of breast|Inherited ovarian cancer (without breast cancer)|Inherited breast cancer and ovarian cancer
BRCA2	P51587	Ile2675Val	1	reviewed by expert panel	Hereditary breast ovarian cancer syndrome|Hereditary cancer-predisposing syndrome|Breast-ovarian cancer, familial, susceptibility to, 2|not provided|8 conditions|Familial cancer of breast|Gastric cancer|BRCA2-related cancer predisposition
BRCA2	P51587	Leu2721His	1	reviewed by expert panel	Breast-ovarian cancer, familial, susceptibility to, 2|Hereditary cancer-predisposing syndrome|Hereditary breast ovarian cancer syndrome|not provided|BRCA2-related cancer predisposition
BRCA2	P51587	Asp2723His	1	reviewed by expert panel	Hereditary breast ovarian cancer syndrome|not provided|Breast-ovarian cancer, familial, susceptibility to, 2|Hereditary cancer-predisposing syndrome|8 conditions|Breast and/or ovarian cancer|Malignant tumor of breast|Carcinoma of pancreas|Familial cancer of breast|BRCA2-related disorder|Inherited breast cancer and ovarian cancer|Breast-ovarian cancer, familial, susceptibility to, 1
BRCA2	P51587	Asp2723Ala	1	reviewed by expert panel	Hereditary breast ovarian cancer syndrome|Breast-ovarian cancer, familial, susceptibility to, 2|not provided|Hereditary cancer-predisposing syndrome|BRCA2-related cancer predisposition
BRCA2	P51587	Gly2748Asp	1	reviewed by expert panel	Hereditary breast ovarian cancer syndrome|Breast-ovarian cancer, familial, susceptibility to, 2|Hereditary cancer-predisposing syndrome|not provided|Gastric cancer|Familial cancer of breast
BRCA2	P51587	Ala2770Thr	0	reviewed by expert panel	Hereditary cancer-predisposing syndrome|Breast-ovarian cancer, familial, susceptibility to, 2|Hereditary breast ovarian cancer syndrome
BRCA2	P51587	Trp2788Arg	1	reviewed by expert panel	Breast-ovarian cancer, familial, susceptibility to, 2|Hereditary cancer-predisposing syndrome|Hereditary breast ovarian cancer syndrome|not provided|BRCA2-related cancer predisposition
BRCA2	P51587	Leu2792Pro	1	reviewed by expert panel	Breast-ovarian cancer, familial, susceptibility to, 2|Hereditary cancer-predisposing syndrome|Hereditary breast ovarian cancer syndrome|not provided|BRCA2-related cancer predisposition
BRCA2	P51587	Ser2835Pro	0	reviewed by expert panel	Breast-ovarian cancer, familial, susceptibility to, 2|not specified|Hereditary cancer-predisposing syndrome|Hereditary breast ovarian cancer syndrome|not provided|Breast and/or ovarian cancer|Fanconi anemia complementation group D1|8 conditions|Familial cancer of breast|BRCA2-related cancer predisposition
BRCA2	P51587	Arg2842His	0	reviewed by expert panel	not specified|Breast-ovarian cancer, familial, susceptibility to, 2|Hereditary cancer-predisposing syndrome|not provided|Hereditary breast ovarian cancer syndrome|Malignant tumor of breast
BRCA2	P51587	Ser286Pro	0	criteria provided, multiple submitters, no conflicts	not specified|Breast-ovarian cancer, familial, susceptibility to, 2|Hereditary cancer-predisposing syndrome|not provided|Hereditary breast ovarian cancer syndrome
BRCA2	P51587	Val2969Met	0	reviewed by expert panel	Breast-ovarian cancer, familial, susceptibility to, 2|Hereditary cancer-predisposing syndrome|not specified|Hereditary breast ovarian cancer syndrome|Malignant tumor of breast|Fanconi anemia complementation group D1|not provided|Breast and/or ovarian cancer
BRCA2	P51587	Arg3052Trp	1	reviewed by expert panel	Hereditary breast ovarian cancer syndrome|Breast-ovarian cancer, familial, susceptibility to, 2|Hereditary cancer-predisposing syndrome|Breast-ovarian cancer, familial, susceptibility to, 1|not provided|Familial cancer of breast|Breast and/or ovarian cancer|Malignant tumor of breast|BRCA2-related cancer predisposition|Pancreatic cancer, susceptibility to, 2
BRCA2	P51587	Lys3059Glu	0	reviewed by expert panel	Breast-ovarian cancer, familial, susceptibility to, 2|Hereditary cancer-predisposing syndrome|not specified|not provided|Hereditary breast ovarian cancer syndrome|Malignant tumor of breast|BRCA2-related disorder
BRCA2	P51587	Trp31Arg	1	criteria provided, multiple submitters, no conflicts	Breast-ovarian cancer, familial, susceptibility to, 2|Hereditary breast ovarian cancer syndrome|Hereditary cancer-predisposing syndrome
BRCA2	P51587	Gly3076Glu	1	reviewed by expert panel	Breast-ovarian cancer, familial, susceptibility to, 2|not provided|Hereditary cancer-predisposing syndrome|Hereditary breast ovarian cancer syndrome|Breast-ovarian cancer, familial, susceptibility to, 1|BRCA2-related cancer predisposition
BRCA2	P51587	Asp3095Glu	1	criteria provided, multiple submitters, no conflicts	Hereditary breast ovarian cancer syndrome|Breast-ovarian cancer, familial, susceptibility to, 2|not provided|Hereditary cancer-predisposing syndrome|Familial cancer of breast|BRCA2-related cancer predisposition
BRCA2	P51587	Leu3125His	1	reviewed by expert panel	Breast-ovarian cancer, familial, susceptibility to, 2|Hereditary breast ovarian cancer syndrome|Hereditary cancer-predisposing syndrome|BRCA2-related cancer predisposition
BRCA2	P51587	Asp3170Gly	0	reviewed by expert panel	Breast-ovarian cancer, familial, susceptibility to, 2|Hereditary cancer-predisposing syndrome|not specified|Breast and/or ovarian cancer|Malignant tumor of breast|Hereditary breast ovarian cancer syndrome|not provided|BRCA2-related disorder
BRCA2	P51587	Leu3180Phe	0	reviewed by expert panel	Breast-ovarian cancer, familial, susceptibility to, 2|Hereditary cancer-predisposing syndrome|not provided|8 conditions|Hereditary breast ovarian cancer syndrome|Ovarian cancer|Breast and/or ovarian cancer|BRCA2-related cancer predisposition
BRCA2	P51587	Ser326Arg	0	reviewed by expert panel	Hereditary breast ovarian cancer syndrome|Breast-ovarian cancer, familial, susceptibility to, 2|not specified|Breast neoplasm|Hereditary cancer-predisposing syndrome|Fanconi anemia complementation group D1|not provided|Breast and/or ovarian cancer|Familial cancer of breast|BRCA2-related cancer predisposition|Inherited ovarian cancer (without breast cancer)|Inherited breast cancer and ovarian cancer
BRCA2	P51587	Pro3292Leu	0	reviewed by expert panel	not specified|Breast-ovarian cancer, familial, susceptibility to, 2|Hereditary cancer-predisposing syndrome|Hereditary breast ovarian cancer syndrome|Fanconi anemia complementation group D1|not provided|Malignant tumor of breast|Familial cancer of breast
CFTR	P13569	Arg334Leu	1	reviewed by expert panel	Cystic fibrosis|not provided|CFTR-related disorder;Cystic fibrosis|CFTR-related disorder|Bronchiectasis with or without elevated sweat chloride 1
CFTR	P13569	Ile336Lys	1	reviewed by expert panel	Cystic fibrosis|not provided|Cystic fibrosis;Congenital bilateral aplasia of vas deferens from CFTR mutation|CFTR-related disorder|Bronchiectasis with or without elevated sweat chloride 1
CFTR	P13569	Ser341Pro	1	reviewed by expert panel	Cystic fibrosis|not provided|Cystic fibrosis;Congenital bilateral aplasia of vas deferens from CFTR mutation|Bronchiectasis with or without elevated sweat chloride 1;Hereditary pancreatitis;Cystic fibrosis;Congenital bilateral aplasia of vas deferens from CFTR mutation|Bronchiectasis with or without elevated sweat chloride 1|CFTR-related disorder
CFTR	P13569	Leu346Pro	1	reviewed by expert panel	Cystic fibrosis|CFTR-related disorder
CFTR	P13569	Glu403Asp	1	criteria provided, multiple submitters, no conflicts	Cystic fibrosis
CFTR	P13569	Asp44Gly	1	criteria provided, single submitter	Cystic fibrosis
CFTR	P13569	Ala46Asp	1	reviewed by expert panel	Cystic fibrosis
CFTR	P13569	Cys491Arg	1	criteria provided, single submitter	CFTR-related disorder;Cystic fibrosis
CFTR	P13569	Gln493Arg	1	criteria provided, multiple submitters, no conflicts	Cystic fibrosis|CFTR-related disorder
CFTR	P13569	Ser50Pro	1	criteria provided, multiple submitters, no conflicts	Cystic fibrosis
CFTR	P13569	Ile502Thr	1	reviewed by expert panel	Cystic fibrosis|Bronchiectasis with or without elevated sweat chloride 1|CFTR-related disorder
CFTR	P13569	Asp513Gly	1	reviewed by expert panel	Cystic fibrosis|CFTR-related disorder;Cystic fibrosis|Bronchiectasis with or without elevated sweat chloride 1|CFTR-related disorder
CFTR	P13569	Arg560Ser	1	reviewed by expert panel	Cystic fibrosis|not provided
CFTR	P13569	Tyr563Asp	1	reviewed by expert panel	Cystic fibrosis|CFTR-related disorder
CFTR	P13569	Trp57Gly	1	reviewed by expert panel	Cystic fibrosis|not provided|Bronchiectasis with or without elevated sweat chloride 1|CFTR-related disorder
CFTR	P13569	Tyr569Asp	1	reviewed by expert panel	Cystic fibrosis|not specified|Cystic fibrosis;Congenital bilateral aplasia of vas deferens from CFTR mutation|not provided|CFTR-related disorder|Bronchiectasis with or without elevated sweat chloride 1|Bronchiectasis with or without elevated sweat chloride 1;Hereditary pancreatitis;Cystic fibrosis;Congenital bilateral aplasia of vas deferens from CFTR mutation|Cystic fibrosis diagnostic test
CFTR	P13569	Tyr569Cys	1	criteria provided, multiple submitters, no conflicts	Cystic fibrosis|CFTR-related disorder
CFTR	P13569	Asp572Asn	1	criteria provided, multiple submitters, no conflicts	Cystic fibrosis|CFTR-related disorder
CFTR	P13569	Pro574Ser	1	criteria provided, single submitter	Cystic fibrosis
CFTR	P13569	Asp58Asn	1	criteria provided, single submitter	Cystic fibrosis|Congenital bilateral aplasia of vas deferens from CFTR mutation
CFTR	P13569	Glu60Lys	1	reviewed by expert panel	Cystic fibrosis|Bronchiectasis with or without elevated sweat chloride 1|CFTR-related disorder
CFTR	P13569	Ile601Phe	1	reviewed by expert panel	Cystic fibrosis|CFTR-related disorder;Cystic fibrosis|CFTR-related disorder
CFTR	P13569	Ile601Thr	1	criteria provided, multiple submitters, no conflicts	Cystic fibrosis|CFTR-related disorder
CFTR	P13569	His609Arg	1	reviewed by expert panel	Cystic fibrosis|not specified|CFTR-related disorder;Cystic fibrosis|not provided|Bronchiectasis with or without elevated sweat chloride 1|Bronchiectasis with or without elevated sweat chloride 1;Hereditary pancreatitis;Cystic fibrosis;Congenital bilateral aplasia of vas deferens from CFTR mutation|CFTR-related disorder
CFTR	P13569	Ala613Thr	1	reviewed by expert panel	Cystic fibrosis|CFTR-related disorder|Bronchiectasis with or without elevated sweat chloride 1|Bronchiectasis with or without elevated sweat chloride 1;Hereditary pancreatitis;Cystic fibrosis;Congenital bilateral aplasia of vas deferens from CFTR mutation
CFTR	P13569	His620Pro	1	criteria provided, single submitter	Cystic fibrosis|CFTR-related disorder
CFTR	P13569	Gly628Arg	1	reviewed by expert panel	Cystic fibrosis
CFTR	P13569	Gly628Arg	1	reviewed by expert panel	Cystic fibrosis|not provided|CFTR-related disorder|Bronchiectasis with or without elevated sweat chloride 1;Hereditary pancreatitis;Cystic fibrosis;Congenital bilateral aplasia of vas deferens from CFTR mutation
CFTR	P13569	Met1Val	1	reviewed by expert panel	Cystic fibrosis|not provided|CFTR-related disorder
CFTR	P13569	Phe693Leu	0	criteria provided, single submitter	Cystic fibrosis
CFTR	P13569	Ala72Asp	1	criteria provided, single submitter	CFTR-related disorder
CFTR	P13569	Glu822Lys	1	criteria provided, single submitter	Cystic fibrosis
CFTR	P13569	Gly85Val	1	criteria provided, multiple submitters, no conflicts	Cystic fibrosis|CFTR-related disorder
CFTR	P13569	Leu927Pro	1	reviewed by expert panel	Cystic fibrosis|CFTR-related disorder
CFTR	P13569	Gly970Arg	1	reviewed by expert panel	Cystic fibrosis|CFTR-related disorder
CFTR	P13569	Asp979Val	1	reviewed by expert panel	Cystic fibrosis|CFTR-related disorder;Cystic fibrosis
CFTR	P13569	Gln98Arg	1	reviewed by expert panel	not specified|Cystic fibrosis|Bronchiectasis with or without elevated sweat chloride 1;Hereditary pancreatitis;Cystic fibrosis;Congenital bilateral aplasia of vas deferens from CFTR mutation|Cystic fibrosis;Congenital bilateral aplasia of vas deferens from CFTR mutation|CFTR-related disorder|not provided|Bronchiectasis with or without elevated sweat chloride 1
CFTR	P13569	Pro99Leu	1	reviewed by expert panel	Cystic fibrosis|CFTR-related disorder;Cystic fibrosis|CFTR-related disorder
CFTR	P13569	Met1Lys	1	criteria provided, single submitter	Cystic fibrosis
CFTR	P13569	Met1Thr	1	criteria provided, multiple submitters, no conflicts	Cystic fibrosis|CFTR-related disorder|Cystic fibrosis;Congenital bilateral aplasia of vas deferens from CFTR mutation|Bronchiectasis with or without elevated sweat chloride 1;Hereditary pancreatitis;Cystic fibrosis;Congenital bilateral aplasia of vas deferens from CFTR mutation|not provided
CFTR	P13569	Ala1006Glu	1	reviewed by expert panel	Cystic fibrosis|Cystic fibrosis;Congenital bilateral aplasia of vas deferens from CFTR mutation|not provided|CFTR-related disorder
CFTR	P13569	Leu102Pro	1	criteria provided, multiple submitters, no conflicts	Cystic fibrosis|CFTR-related disorder
CFTR	P13569	Thr1036Asn	1	reviewed by expert panel	Cystic fibrosis|Cystic fibrosis;Congenital bilateral aplasia of vas deferens from CFTR mutation|not provided|Bronchiectasis with or without elevated sweat chloride 1|CFTR-related disorder
CFTR	P13569	His1054Asp	1	reviewed by expert panel	Cystic fibrosis|not specified|CFTR-related disorder|Bronchiectasis with or without elevated sweat chloride 1
CFTR	P13569	Gly1061Arg	1	reviewed by expert panel	Cystic fibrosis|not provided|Cystic fibrosis;Congenital bilateral aplasia of vas deferens from CFTR mutation|not specified|Bronchiectasis with or without elevated sweat chloride 1|CFTR-related disorder
CFTR	P13569	Arg1066Ser	1	criteria provided, single submitter	Cystic fibrosis
CFTR	P13569	Ala1067Pro	1	criteria provided, single submitter	Cystic fibrosis
CFTR	P13569	Arg1070Pro	1	criteria provided, single submitter	Cystic fibrosis
CFTR	P13569	Leu1077Pro	1	reviewed by expert panel	Cystic fibrosis|Cystic fibrosis;Congenital bilateral aplasia of vas deferens from CFTR mutation|not provided|CFTR-related disorder|Bronchiectasis with or without elevated sweat chloride 1|Bronchiectasis with or without elevated sweat chloride 1;Hereditary pancreatitis;Cystic fibrosis;Congenital bilateral aplasia of vas deferens from CFTR mutation
CFTR	P13569	Tyr109Asn	1	criteria provided, multiple submitters, no conflicts	Cystic fibrosis|CFTR-related disorder|Bronchiectasis with or without elevated sweat chloride 1;Hereditary pancreatitis;Cystic fibrosis;Congenital bilateral aplasia of vas deferens from CFTR mutation
CFTR	P13569	Leu1093Pro	1	criteria provided, single submitter	Cystic fibrosis|CFTR-related disorder
CFTR	P13569	Trp1098Arg	1	reviewed by expert panel	Cystic fibrosis|not provided|Bronchiectasis with or without elevated sweat chloride 1;Hereditary pancreatitis;Cystic fibrosis;Congenital bilateral aplasia of vas deferens from CFTR mutation|CFTR-related disorder
CFTR	P13569	Trp1098Cys	1	reviewed by expert panel	Cystic fibrosis|CFTR-related disorder;Cystic fibrosis|not provided
CFTR	P13569	Met1101Arg	1	reviewed by expert panel	not specified|Cystic fibrosis|Bronchiectasis with or without elevated sweat chloride 1
CFTR	P13569	Ser1118Phe	1	reviewed by expert panel	Cystic fibrosis|not provided|CFTR-related disorder;Cystic fibrosis|Bronchiectasis with or without elevated sweat chloride 1|CFTR-related disorder|Bronchiectasis with or without elevated sweat chloride 1;Hereditary pancreatitis;Cystic fibrosis;Congenital bilateral aplasia of vas deferens from CFTR mutation
CFTR	P13569	Gly1123Arg	1	criteria provided, single submitter	Cystic fibrosis|CFTR-related disorder
CFTR	P13569	Met1140Lys	1	criteria provided, single submitter	Cystic fibrosis|Pseudomonas aeruginosa, susceptibility to chronic infection by, in cystic fibrosis
CFTR	P13569	Glu116Lys	1	reviewed by expert panel	Cystic fibrosis|not provided|CFTR-related disorder;Cystic fibrosis|Bronchiectasis with or without elevated sweat chloride 1;Hereditary pancreatitis;Cystic fibrosis;Congenital bilateral aplasia of vas deferens from CFTR mutation|CFTR-related disorder
CFTR	P13569	Ser1159Pro	1	reviewed by expert panel	Cystic fibrosis|Bronchiectasis with or without elevated sweat chloride 1|CFTR-related disorder
CFTR	P13569	Ser1159Phe	1	reviewed by expert panel	Cystic fibrosis|CFTR-related disorder
CFTR	P13569	Arg117Pro	1	reviewed by expert panel	Cystic fibrosis|not provided|CFTR-related disorder
CFTR	P13569	Val1240Gly	1	reviewed by expert panel	Cystic fibrosis|CFTR-related disorder
CFTR	P13569	Gly1244Arg	1	criteria provided, single submitter	Cystic fibrosis
CFTR	P13569	Gly1247Arg	1	criteria provided, single submitter	CFTR-related disorder
CFTR	P13569	Gly1249Arg	1	reviewed by expert panel	Cystic fibrosis|CFTR-related disorder
CFTR	P13569	Gly126Asp	1	reviewed by expert panel	Cystic fibrosis|Cystic fibrosis;Congenital bilateral aplasia of vas deferens from CFTR mutation|CFTR-related disorder;Cystic fibrosis|CFTR-related disorder|Bronchiectasis with or without elevated sweat chloride 1|not provided|Bronchiectasis with or without elevated sweat chloride 1;Hereditary pancreatitis;Cystic fibrosis;Congenital bilateral aplasia of vas deferens from CFTR mutation
CFTR	P13569	Trp1282Arg	1	criteria provided, multiple submitters, no conflicts	Cystic fibrosis|Bronchiectasis with or without elevated sweat chloride 1
CFTR	P13569	Trp1282Gly	1	criteria provided, multiple submitters, no conflicts	Cystic fibrosis
CFTR	P13569	Ser13Phe	1	reviewed by expert panel	Cystic fibrosis|not provided|Cystic fibrosis;Congenital bilateral aplasia of vas deferens from CFTR mutation|Bronchiectasis with or without elevated sweat chloride 1|CFTR-related disorder
CFTR	P13569	Leu1324Pro	1	reviewed by expert panel	Cystic fibrosis|CFTR-related disorder
CFTR	P13569	Met1Ile	1	criteria provided, multiple submitters, no conflicts	Cystic fibrosis
CFTR	P13569	Leu1335Pro	1	reviewed by expert panel	Cystic fibrosis|CFTR-related disorder|Bronchiectasis with or without elevated sweat chloride 1|Bronchiectasis with or without elevated sweat chloride 1;Hereditary pancreatitis;Cystic fibrosis;Congenital bilateral aplasia of vas deferens from CFTR mutation
CFTR	P13569	His1375Pro	1	reviewed by expert panel	Cystic fibrosis|CFTR-related disorder
CFTR	P13569	His139Arg	1	reviewed by expert panel	Cystic fibrosis|Bronchiectasis with or without elevated sweat chloride 1|CFTR-related disorder|not provided
CFTR	P13569	Leu145His	1	criteria provided, multiple submitters, no conflicts	Bronchiectasis with or without elevated sweat chloride 1|Cystic fibrosis
CFTR	P13569	Gly149Arg	1	criteria provided, multiple submitters, no conflicts	Cystic fibrosis|Bronchiectasis with or without elevated sweat chloride 1;Hereditary pancreatitis;Cystic fibrosis;Congenital bilateral aplasia of vas deferens from CFTR mutation
CFTR	P13569	Tyr161Asp	1	reviewed by expert panel	Cystic fibrosis|not provided|CFTR-related disorder
CFTR	P13569	Leu165Ser	1	reviewed by expert panel	Cystic fibrosis|CFTR-related disorder|not provided|Bronchiectasis with or without elevated sweat chloride 1;Hereditary pancreatitis;Cystic fibrosis;Congenital bilateral aplasia of vas deferens from CFTR mutation
CFTR	P13569	Lys166Glu	1	criteria provided, single submitter	Cystic fibrosis|CFTR-related disorder
CFTR	P13569	Asp192Gly	1	reviewed by expert panel	Cystic fibrosis|Bronchiectasis with or without elevated sweat chloride 1;Hereditary pancreatitis;Cystic fibrosis;Congenital bilateral aplasia of vas deferens from CFTR mutation|CFTR-related disorder
CFTR	P13569	Trp19Cys	1	criteria provided, single submitter	Cystic fibrosis
CFTR	P13569	His199Tyr	1	reviewed by expert panel	Cystic fibrosis|Bronchiectasis with or without elevated sweat chloride 1;Hereditary pancreatitis;Cystic fibrosis;Congenital bilateral aplasia of vas deferens from CFTR mutation|not provided|Cystic fibrosis;Congenital bilateral aplasia of vas deferens from CFTR mutation|CFTR-related disorder
CFTR	P13569	His199Arg	1	criteria provided, multiple submitters, no conflicts	Cystic fibrosis|CFTR-related disorder
CFTR	P13569	His199Gln	1	criteria provided, single submitter	Cystic fibrosis|CFTR-related disorder
CFTR	P13569	Pro205Ser	1	reviewed by expert panel	Cystic fibrosis|not provided|Cystic fibrosis;Congenital bilateral aplasia of vas deferens from CFTR mutation|CFTR-related disorder|Bronchiectasis with or without elevated sweat chloride 1|Bronchiectasis with or without elevated sweat chloride 1;Hereditary pancreatitis;Cystic fibrosis;Congenital bilateral aplasia of vas deferens from CFTR mutation
CFTR	P13569	Leu227Arg	1	reviewed by expert panel	Cystic fibrosis|CFTR-related disorder|Cystic fibrosis;Congenital bilateral aplasia of vas deferens from CFTR mutation
CFTR	P13569	Val232Asp	1	reviewed by expert panel	Cystic fibrosis|not provided|not specified|CFTR-related disorder;Cystic fibrosis|Cystic fibrosis;Congenital bilateral aplasia of vas deferens from CFTR mutation|CFTR-related disorder|Bronchiectasis with or without elevated sweat chloride 1;Hereditary pancreatitis;Cystic fibrosis;Congenital bilateral aplasia of vas deferens from CFTR mutation|Bronchiectasis with or without elevated sweat chloride 1
CFTR	P13569	Gly27Arg	1	reviewed by expert panel	Cystic fibrosis|CFTR-related disorder
CFTR	P13569	Gly27Glu	1	criteria provided, single submitter	Cystic fibrosis|Bronchiectasis with or without elevated sweat chloride 1
BRCA1	P38398	Pro334Leu	0	reviewed by expert panel	Breast-ovarian cancer, familial, susceptibility to, 1|Hereditary cancer-predisposing syndrome|not provided|Hereditary breast ovarian cancer syndrome|BRCA1-related disorder
BRCA1	P38398	Lys355Arg	0	criteria provided, single submitter	Breast-ovarian cancer, familial, susceptibility to, 1|Hereditary cancer-predisposing syndrome
BRCA1	P38398	Thr37Lys	1	reviewed by expert panel	Breast-ovarian cancer, familial, susceptibility to, 1|Familial cancer of breast;Pancreatic cancer, susceptibility to, 4;Fanconi anemia, complementation group S;Breast-ovarian cancer, familial, susceptibility to, 1|Hereditary breast ovarian cancer syndrome|Hereditary cancer-predisposing syndrome
BRCA1	P38398	Asn376Ser	0	criteria provided, single submitter	Breast-ovarian cancer, familial, susceptibility to, 1|Hereditary cancer-predisposing syndrome
BRCA1	P38398	Ser377Asn	0	criteria provided, single submitter	Breast-ovarian cancer, familial, susceptibility to, 1|Hereditary cancer-predisposing syndrome
BRCA1	P38398	Cys39Arg	1	reviewed by expert panel	Breast-ovarian cancer, familial, susceptibility to, 1|Hereditary breast ovarian cancer syndrome|Hereditary cancer-predisposing syndrome|not provided|Breast and/or ovarian cancer
BRCA1	P38398	Ser403Phe	0	criteria provided, single submitter	Breast-ovarian cancer, familial, susceptibility to, 1|Hereditary cancer-predisposing syndrome
BRCA1	P38398	His41Arg	1	reviewed by expert panel	Hereditary breast ovarian cancer syndrome|Breast-ovarian cancer, familial, susceptibility to, 1|not provided|Hereditary cancer-predisposing syndrome
BRCA1	P38398	Glu421Lys	0	criteria provided, single submitter	Breast-ovarian cancer, familial, susceptibility to, 1|Hereditary cancer-predisposing syndrome
BRCA1	P38398	Cys44Ser	1	reviewed by expert panel	Breast-ovarian cancer, familial, susceptibility to, 1|Hereditary cancer-predisposing syndrome|not provided|Hereditary breast ovarian cancer syndrome
BRCA1	P38398	Cys44Arg	1	criteria provided, single submitter	Familial cancer of breast|Breast-ovarian cancer, familial, susceptibility to, 1|Hereditary breast ovarian cancer syndrome
BRCA1	P38398	Cys44Tyr	1	reviewed by expert panel	Breast-ovarian cancer, familial, susceptibility to, 1|not provided|Hereditary cancer-predisposing syndrome|Hereditary breast ovarian cancer syndrome|Malignant germ cell tumor
BRCA1	P38398	Cys44Phe	1	reviewed by expert panel	Breast-ovarian cancer, familial, susceptibility to, 1|Hereditary cancer-predisposing syndrome|not provided|Hereditary breast ovarian cancer syndrome|Breast and/or ovarian cancer|Pancreatic cancer, susceptibility to, 4;Familial cancer of breast;Breast-ovarian cancer, familial, susceptibility to, 1;Fanconi anemia, complementation group S|Familial cancer of breast;Breast-ovarian cancer, familial, susceptibility to, 1;Fanconi anemia, complementation group S
BRCA1	P38398	Phe461Leu	0	reviewed by expert panel	Breast-ovarian cancer, familial, susceptibility to, 1|Hereditary cancer-predisposing syndrome|not provided|not specified|Hereditary breast ovarian cancer syndrome|BRCA1-related disorder
BRCA1	P38398	Tyr465Asp	0	criteria provided, single submitter	Familial cancer of breast|Hereditary cancer-predisposing syndrome
BRCA1	P38398	Cys47Gly	1	criteria provided, single submitter	Breast-ovarian cancer, familial, susceptibility to, 1|Hereditary breast ovarian cancer syndrome
BRCA1	P38398	Cys47Tyr	1	reviewed by expert panel	Breast-ovarian cancer, familial, susceptibility to, 1|Hereditary breast ovarian cancer syndrome|Hereditary cancer-predisposing syndrome|not provided
BRCA1	P38398	Asn473Ser	0	reviewed by expert panel	Hereditary breast ovarian cancer syndrome|Breast-ovarian cancer, familial, susceptibility to, 1|not specified|Hereditary cancer-predisposing syndrome|not provided|BRCA1-related cancer predisposition
BRCA1	P38398	Asn473Ile	0	reviewed by expert panel	Breast-ovarian cancer, familial, susceptibility to, 1|Hereditary cancer-predisposing syndrome|not provided|not specified|Hereditary breast ovarian cancer syndrome
BRCA1	P38398	Phe486Leu	0	reviewed by expert panel	Breast-ovarian cancer, familial, susceptibility to, 1|not specified|Hereditary cancer-predisposing syndrome|Hereditary breast ovarian cancer syndrome|not provided|Breast and/or ovarian cancer|BRCA1-related cancer predisposition|Inherited prostate cancer
BRCA1	P38398	Phe486Leu	0	criteria provided, single submitter	Breast-ovarian cancer, familial, susceptibility to, 1|Hereditary cancer-predisposing syndrome
BRCA1	P38398	Arg504His	0	reviewed by expert panel	Breast-ovarian cancer, familial, susceptibility to, 1|not specified|Breast and/or ovarian cancer|Hereditary cancer-predisposing syndrome|not provided|Hereditary breast ovarian cancer syndrome|Fanconi anemia, complementation group S
BRCA1	P38398	Asp522Asn	0	criteria provided, single submitter	Breast-ovarian cancer, familial, susceptibility to, 1|Hereditary cancer-predisposing syndrome
BRCA1	P38398	Thr539Met	0	reviewed by expert panel	Breast-ovarian cancer, familial, susceptibility to, 1|not specified|Hereditary cancer-predisposing syndrome|Hereditary breast ovarian cancer syndrome|not provided|Breast and/or ovarian cancer|BRCA1-related disorder|Familial cancer of breast;Breast-ovarian cancer, familial, susceptibility to, 1;Fanconi anemia, complementation group S
BRCA1	P38398	Gly552Val	0	criteria provided, single submitter	Familial cancer of breast|Hereditary cancer-predisposing syndrome
BRCA1	P38398	Pro568Leu	0	reviewed by expert panel	Breast-ovarian cancer, familial, susceptibility to, 1|Hereditary cancer-predisposing syndrome|not specified|not provided|Hereditary breast ovarian cancer syndrome
BRCA1	P38398	Ile600Met	0	criteria provided, single submitter	Breast-ovarian cancer, familial, susceptibility to, 1|Hereditary cancer-predisposing syndrome
BRCA1	P38398	Cys61Ser	1	criteria provided, multiple submitters, no conflicts	Breast-ovarian cancer, familial, susceptibility to, 1
BRCA1	P38398	Cys61Tyr	1	criteria provided, multiple submitters, no conflicts	Breast-ovarian cancer, familial, susceptibility to, 1|not provided|Hereditary breast ovarian cancer syndrome|Hereditary cancer-predisposing syndrome
BRCA1	P38398	Arg612Gly	0	reviewed by expert panel	Hereditary breast ovarian cancer syndrome|Breast-ovarian cancer, familial, susceptibility to, 1|Hereditary cancer-predisposing syndrome|not provided|not specified
BRCA1	P38398	Ala622Val	0	reviewed by expert panel	not specified|Breast-ovarian cancer, familial, susceptibility to, 1|Hereditary cancer-predisposing syndrome|Breast neoplasm|Hereditary breast ovarian cancer syndrome|Breast and/or ovarian cancer|not provided|BRCA1-related disorder
BRCA1	P38398	Pro633Thr	0	criteria provided, single submitter	Breast-ovarian cancer, familial, susceptibility to, 1|Hereditary cancer-predisposing syndrome
BRCA1	P38398	Pro634Arg	0	criteria provided, single submitter	Breast-ovarian cancer, familial, susceptibility to, 1|Hereditary cancer-predisposing syndrome
BRCA1	P38398	Cys64Arg	1	criteria provided, multiple submitters, no conflicts	Breast-ovarian cancer, familial, susceptibility to, 1|Hereditary cancer-predisposing syndrome|not specified|Hereditary breast ovarian cancer syndrome|not provided|Familial cancer of breast|Gastric cancer
BRCA1	P38398	Cys64Tyr	1	reviewed by expert panel	Hereditary breast ovarian cancer syndrome|Breast-ovarian cancer, familial, susceptibility to, 1|Hereditary cancer-predisposing syndrome|not provided|Pancreatic cancer, susceptibility to, 4|BRCA1-related cancer predisposition|Inherited prostate cancer
BRCA1	P38398	Asp642His	0	reviewed by expert panel	Hereditary breast ovarian cancer syndrome|Breast-ovarian cancer, familial, susceptibility to, 1|Hereditary cancer-predisposing syndrome|not specified|not provided
BRCA1	P38398	Ser643Gly	0	reviewed by expert panel	Breast-ovarian cancer, familial, susceptibility to, 1|not provided|Hereditary cancer-predisposing syndrome|Hereditary breast ovarian cancer syndrome
BRCA1	P38398	Cys644Trp	0	criteria provided, single submitter	Familial cancer of breast|Hereditary cancer-predisposing syndrome
BRCA1	P38398	Lys654Glu	0	criteria provided, single submitter	Familial cancer of breast|Hereditary cancer-predisposing syndrome
BRCA1	P38398	Tyr655Asp	0	criteria provided, single submitter	Breast-ovarian cancer, familial, susceptibility to, 1|Hereditary cancer-predisposing syndrome
BRCA1	P38398	Asp67Tyr	0	reviewed by expert panel	not specified|Breast-ovarian cancer, familial, susceptibility to, 1|Breast and/or ovarian cancer|Hereditary cancer-predisposing syndrome|Hereditary breast ovarian cancer syndrome|not provided|Malignant tumor of breast|Familial cancer of breast;Pancreatic cancer, susceptibility to, 4;Fanconi anemia, complementation group S;Breast-ovarian cancer, familial, susceptibility to, 1
BRCA1	P38398	Asp695Tyr	0	reviewed by expert panel	Hereditary breast ovarian cancer syndrome|Breast-ovarian cancer, familial, susceptibility to, 1|Hereditary cancer-predisposing syndrome|not specified|Malignant tumor of breast|not provided|NICE approved PARP inhibitor treatment
BRCA1	P38398	Arg71Lys	1	criteria provided, multiple submitters, no conflicts	Breast-ovarian cancer, familial, susceptibility to, 1|not provided|Hereditary cancer-predisposing syndrome|Hereditary breast ovarian cancer syndrome|Pancreatic cancer, susceptibility to, 4;Fanconi anemia, complementation group S;Breast-ovarian cancer, familial, susceptibility to, 1
BRCA1	P38398	Pro727Leu	0	reviewed by expert panel	Breast-ovarian cancer, familial, susceptibility to, 1|Hereditary cancer-predisposing syndrome|not provided|not specified|Hereditary breast ovarian cancer syndrome
BRCA1	P38398	Arg762Ser	0	reviewed by expert panel	not provided|Breast-ovarian cancer, familial, susceptibility to, 1|Hereditary cancer-predisposing syndrome|Breast neoplasm|Hereditary breast ovarian cancer syndrome|Malignant tumor of breast|not specified|Familial cancer of breast|Familial cancer of breast;Pancreatic cancer, susceptibility to, 4;Fanconi anemia, complementation group S;Breast-ovarian cancer, familial, susceptibility to, 1|BRCA1-related disorder
BRCA1	P38398	Gln804His	0	reviewed by expert panel	not specified|Breast-ovarian cancer, familial, susceptibility to, 1|Hereditary cancer-predisposing syndrome|not provided|Hereditary breast ovarian cancer syndrome|BRCA1-related disorder
BRCA1	P38398	Cys805Arg	0	criteria provided, single submitter	Familial cancer of breast|Hereditary cancer-predisposing syndrome
BRCA1	P38398	Asn810Tyr	0	reviewed by expert panel	not specified|Breast-ovarian cancer, familial, susceptibility to, 1|Hereditary cancer-predisposing syndrome|Hereditary breast ovarian cancer syndrome|not provided|Breast and/or ovarian cancer
BRCA1	P38398	Asp825Val	0	criteria provided, single submitter	Breast-ovarian cancer, familial, susceptibility to, 1|Hereditary cancer-predisposing syndrome
BRCA1	P38398	Tyr856His	0	reviewed by expert panel	Hereditary breast ovarian cancer syndrome|Breast-ovarian cancer, familial, susceptibility to, 1|Breast neoplasm|not specified|Hereditary cancer-predisposing syndrome|Familial cancer of breast|Breast and/or ovarian cancer|Malignant tumor of breast|not provided|Breast-ovarian cancer, familial, susceptibility to, 1;Pancreatic cancer, susceptibility to, 4;Fanconi anemia, complementation group S;Familial cancer of breast|BRCA1-related cancer predisposition|Breast-ovarian cancer, familial, susceptibility to, 1;Fanconi anemia, complementation group S;Familial cancer of breast
BRCA1	P38398	Arg866His	0	reviewed by expert panel	Hereditary breast ovarian cancer syndrome|Breast-ovarian cancer, familial, susceptibility to, 1|Hereditary cancer-predisposing syndrome|not provided|not specified|Breast and/or ovarian cancer
BRCA1	P38398	Leu892Ser	0	criteria provided, single submitter	Familial cancer of breast|Hereditary cancer-predisposing syndrome
BRCA1	P38398	Asp96Asn	1	reviewed by expert panel	Breast-ovarian cancer, familial, susceptibility to, 1|Hereditary cancer-predisposing syndrome|Hereditary breast ovarian cancer syndrome|BRCA1-related cancer predisposition
BRCA1	P38398	Gly960Asp	0	criteria provided, single submitter	Familial cancer of breast|Hereditary cancer-predisposing syndrome
BRCA1	P38398	Glu962Lys	0	reviewed by expert panel	not provided|Breast-ovarian cancer, familial, susceptibility to, 1|Hereditary breast ovarian cancer syndrome|Hereditary cancer-predisposing syndrome|not specified
BRCA1	P38398	Thr967Ser	0	criteria provided, single submitter	Breast-ovarian cancer, familial, susceptibility to, 1|Hereditary cancer-predisposing syndrome
BRCA1	P38398	His971Asn	0	criteria provided, single submitter	Breast-ovarian cancer, familial, susceptibility to, 1|Hereditary cancer-predisposing syndrome
BRCA1	P38398	Arg979Cys	0	criteria provided, multiple submitters, no conflicts	Hereditary breast ovarian cancer syndrome|Breast-ovarian cancer, familial, susceptibility to, 1|Hereditary cancer-predisposing syndrome|not specified|Fanconi anemia, complementation group S|not provided
BRCA1	P38398	Met1Thr	1	criteria provided, multiple submitters, no conflicts	Breast-ovarian cancer, familial, susceptibility to, 1|Hereditary cancer-predisposing syndrome|Hereditary breast ovarian cancer syndrome
BRCA1	P38398	Met1Arg	1	criteria provided, multiple submitters, no conflicts	Breast-ovarian cancer, familial, susceptibility to, 1|Hereditary cancer-predisposing syndrome|Hereditary breast ovarian cancer syndrome
BRCA1	P38398	Met1008Val	0	reviewed by expert panel	Breast-ovarian cancer, familial, susceptibility to, 1|not specified|Prostate cancer|Hereditary cancer-predisposing syndrome|Hereditary breast ovarian cancer syndrome|Malignant tumor of breast|not provided
BRCA1	P38398	Ser1024Arg	0	criteria provided, single submitter	Familial cancer of breast|Hereditary cancer-predisposing syndrome
BRCA1	P38398	Val1047Ala	0	criteria provided, single submitter	Familial cancer of breast|Hereditary cancer-predisposing syndrome
BRCA1	P38398	Gly1048Val	0	reviewed by expert panel	Breast-ovarian cancer, familial, susceptibility to, 1|Hereditary cancer-predisposing syndrome|not provided|Hereditary breast ovarian cancer syndrome|BRCA1-related cancer predisposition|not specified
BRCA1	P38398	Tyr105Cys	0	reviewed by expert panel	Hereditary breast ovarian cancer syndrome|Breast-ovarian cancer, familial, susceptibility to, 1|not specified|Breast neoplasm|Hereditary cancer-predisposing syndrome|Endometrial carcinoma|not provided|Inherited ovarian cancer (without breast cancer)|Breast and/or ovarian cancer
BRCA1	P38398	Arg1076Ser	0	criteria provided, single submitter	Familial cancer of breast|Hereditary cancer-predisposing syndrome
BRCA1	P38398	Ser1101Asn	0	reviewed by expert panel	not specified|Breast-ovarian cancer, familial, susceptibility to, 1|Hereditary cancer-predisposing syndrome|not provided|Hereditary breast ovarian cancer syndrome
BRCA1	P38398	Ser1139Ile	0	reviewed by expert panel	Hereditary breast ovarian cancer syndrome|Breast-ovarian cancer, familial, susceptibility to, 1|Hereditary cancer-predisposing syndrome|not provided|not specified|BRCA1-related disorder
BRCA1	P38398	Gln1144His	0	criteria provided, single submitter	Breast-ovarian cancer, familial, susceptibility to, 1|Hereditary cancer-predisposing syndrome
BRCA1	P38398	Pro1150Ser	0	reviewed by expert panel	Breast-ovarian cancer, familial, susceptibility to, 1|Hereditary cancer-predisposing syndrome|Breast neoplasm|not specified|not provided|Hereditary breast ovarian cancer syndrome|Familial cancer of breast|Ovarian cancer|BRCA1-related disorder|BRCA1-related cancer predisposition
BRCA1	P38398	Asp1155His	0	reviewed by expert panel	Breast-ovarian cancer, familial, susceptibility to, 1|Hereditary cancer-predisposing syndrome|Hereditary breast ovarian cancer syndrome
BRCA1	P38398	Val1176Asp	0	criteria provided, single submitter	Breast-ovarian cancer, familial, susceptibility to, 1|Hereditary cancer-predisposing syndrome
BRCA1	P38398	Val1181Ile	0	reviewed by expert panel	Breast-ovarian cancer, familial, susceptibility to, 1|Hereditary breast ovarian cancer syndrome|Hereditary cancer-predisposing syndrome|not provided|not specified|BRCA1-related disorder
BRCA1	P38398	Val1181Ala	0	criteria provided, single submitter	Breast-ovarian cancer, familial, susceptibility to, 1|Hereditary cancer-predisposing syndrome
BRCA1	P38398	Gln1200His	0	reviewed by expert panel	Breast-ovarian cancer, familial, susceptibility to, 1|Hereditary cancer-predisposing syndrome|not specified|not provided|Hereditary breast ovarian cancer syndrome|Breast and/or ovarian cancer|BRCA1-related disorder
BRCA1	P38398	Arg1203Gln	0	reviewed by expert panel	Hereditary breast ovarian cancer syndrome|Breast-ovarian cancer, familial, susceptibility to, 1|Hereditary cancer-predisposing syndrome|not specified|not provided|BRCA1-related disorder|Fanconi anemia, complementation group S
BRCA1	P38398	Gly1205Arg	0	criteria provided, single submitter	Familial cancer of breast|Hereditary cancer-predisposing syndrome
BRCA1	P38398	Glu1214Lys	0	reviewed by expert panel	Breast-ovarian cancer, familial, susceptibility to, 1|Hereditary cancer-predisposing syndrome|not specified|not provided|Hereditary breast ovarian cancer syndrome|Malignant tumor of breast
BRCA1	P38398	Ser1218Cys	0	criteria provided, single submitter	Breast-ovarian cancer, familial, susceptibility to, 1|Hereditary cancer-predisposing syndrome
BRCA1	P38398	Lys1233Arg	0	criteria provided, single submitter	Breast-ovarian cancer, familial, susceptibility to, 1|Hereditary cancer-predisposing syndrome
BRCA1	P38398	Asn1236Lys	0	reviewed by expert panel	Hereditary breast ovarian cancer syndrome|Breast-ovarian cancer, familial, susceptibility to, 1|not specified|Breast and/or ovarian cancer|Hereditary cancer-predisposing syndrome|not provided|Malignant tumor of breast|Pancreatic cancer, susceptibility to, 4;Familial cancer of breast;Breast-ovarian cancer, familial, susceptibility to, 1;Fanconi anemia, complementation group S
BRCA1	P38398	Ile124Val	0	reviewed by expert panel	Breast-ovarian cancer, familial, susceptibility to, 1|Hereditary cancer-predisposing syndrome|Hereditary breast ovarian cancer syndrome|BRCA1-related disorder|Familial cancer of breast;Fanconi anemia, complementation group S;Breast-ovarian cancer, familial, susceptibility to, 1
BRCA1	P38398	Ser1241Cys	0	criteria provided, single submitter	Familial cancer of breast|Hereditary cancer-predisposing syndrome
BRCA1	P38398	Thr1242Ala	0	reviewed by expert panel	Hereditary breast ovarian cancer syndrome|Breast-ovarian cancer, familial, susceptibility to, 1|Hereditary cancer-predisposing syndrome|not provided|not specified
BRCA1	P38398	Val1247Ile	0	reviewed by expert panel	not specified|Breast-ovarian cancer, familial, susceptibility to, 1|Hereditary cancer-predisposing syndrome|Hereditary breast ovarian cancer syndrome|not provided|Familial cancer of breast|BRCA1-related disorder
BRCA1	P38398	Glu1250Lys	0	reviewed by expert panel	Breast-ovarian cancer, familial, susceptibility to, 1|not specified|Breast neoplasm|Hereditary cancer-predisposing syndrome|Hereditary breast ovarian cancer syndrome|Breast and/or ovarian cancer|Malignant tumor of breast|not provided|BRCA1-related cancer predisposition
BRCA1	P38398	Ser1253Tyr	0	criteria provided, single submitter	Familial cancer of breast|Hereditary cancer-predisposing syndrome
BRCA1	P38398	Ser1266Thr	0	reviewed by expert panel	not specified|Breast-ovarian cancer, familial, susceptibility to, 1|Hereditary cancer-predisposing syndrome|Hereditary breast ovarian cancer syndrome|not provided|BRCA1-related disorder
BRCA1	P38398	Ala1277Pro	0	criteria provided, single submitter	Familial cancer of breast|Hereditary cancer-predisposing syndrome
BRCA1	P38398	His1283Arg	0	criteria provided, multiple submitters, no conflicts	Breast-ovarian cancer, familial, susceptibility to, 1|Hereditary cancer-predisposing syndrome|not specified|not provided|Malignant tumor of breast|Hereditary breast ovarian cancer syndrome
BRCA1	P38398	His1284Arg	0	criteria provided, single submitter	Breast-ovarian cancer, familial, susceptibility to, 1|Hereditary cancer-predisposing syndrome
BRCA1	P38398	Asn132Lys	0	reviewed by expert panel	Breast-ovarian cancer, familial, susceptibility to, 1|Hereditary cancer-predisposing syndrome|not specified|not provided|Hereditary breast ovarian cancer syndrome|Malignant tumor of breast
BRCA1	P38398	Arg133Cys	0	reviewed by expert panel	Breast-ovarian cancer, familial, susceptibility to, 1|not specified|not provided|Hereditary cancer-predisposing syndrome|Hereditary breast ovarian cancer syndrome|BRCA1-related cancer predisposition
BRCA1	P38398	Met1Ile	1	reviewed by expert panel	Hereditary breast ovarian cancer syndrome|Breast-ovarian cancer, familial, susceptibility to, 1|Hereditary cancer-predisposing syndrome|Familial cancer of breast;Pancreatic cancer, susceptibility to, 4;Fanconi anemia, complementation group S;Breast-ovarian cancer, familial, susceptibility to, 1|not provided
BRCA1	P38398	Asp1337Glu	0	criteria provided, single submitter	Breast-ovarian cancer, familial, susceptibility to, 1|Hereditary cancer-predisposing syndrome
BRCA1	P38398	Thr1349Met	0	reviewed by expert panel	not specified|Breast-ovarian cancer, familial, susceptibility to, 1|Hereditary breast ovarian cancer syndrome|Hereditary cancer-predisposing syndrome|not provided|Breast and/or ovarian cancer|BRCA1-related disorder
BRCA1	P38398	Met1361Leu	0	reviewed by expert panel	Hereditary breast ovarian cancer syndrome|Breast-ovarian cancer, familial, susceptibility to, 1|Hereditary cancer-predisposing syndrome|not specified|not provided
BRCA1	P38398	Val1378Ile	0	reviewed by expert panel	not specified|Breast-ovarian cancer, familial, susceptibility to, 1|Hereditary cancer-predisposing syndrome|Hereditary breast ovarian cancer syndrome|not provided|Breast and/or ovarian cancer|Malignant tumor of breast|BRCA1-related cancer predisposition
BRCA1	P38398	His1402Tyr	0	reviewed by expert panel	not provided|Breast-ovarian cancer, familial, susceptibility to, 1|Hereditary cancer-predisposing syndrome|not specified|Hereditary breast ovarian cancer syndrome|BRCA1-related disorder|BRCA1-related cancer predisposition
BRCA1	P38398	Met1411Thr	1	criteria provided, multiple submitters, no conflicts	Breast-ovarian cancer, familial, susceptibility to, 1|Hereditary cancer-predisposing syndrome|Hereditary breast ovarian cancer syndrome|not provided
BRCA1	P38398	Glu1419Gln	0	reviewed by expert panel	Breast-ovarian cancer, familial, susceptibility to, 1|Hereditary cancer-predisposing syndrome|not provided|Breast and/or ovarian cancer|Hereditary breast ovarian cancer syndrome
BRCA1	P38398	Ile1432Leu	0	criteria provided, single submitter	Breast-ovarian cancer, familial, susceptibility to, 1|Hereditary cancer-predisposing syndrome
BRCA1	P38398	Asn1468His	0	reviewed by expert panel	Breast-ovarian cancer, familial, susceptibility to, 1|Hereditary cancer-predisposing syndrome|not specified|not provided|Hereditary breast ovarian cancer syndrome|BRCA1-related disorder|BRCA1-related cancer predisposition
BRCA1	P38398	Val1534Met	0	reviewed by expert panel	not specified|Breast-ovarian cancer, familial, susceptibility to, 1|Hereditary cancer-predisposing syndrome|Hereditary breast ovarian cancer syndrome|not provided|Breast and/or ovarian cancer
BRCA1	P38398	Asp1546Asn	0	reviewed by expert panel	Hereditary breast ovarian cancer syndrome|Breast-ovarian cancer, familial, susceptibility to, 1|not specified|Hereditary cancer-predisposing syndrome|Breast and/or ovarian cancer|Malignant tumor of breast|not provided|BRCA1-related cancer predisposition|Familial cancer of breast;Breast-ovarian cancer, familial, susceptibility to, 1;Fanconi anemia, complementation group S
BRCA1	P38398	Asp1546Tyr	0	reviewed by expert panel	Breast-ovarian cancer, familial, susceptibility to, 1|Hereditary cancer-predisposing syndrome|not specified|Hereditary breast ovarian cancer syndrome
BRCA1	P38398	Gln155Glu	0	reviewed by expert panel	Breast-ovarian cancer, familial, susceptibility to, 1|Hereditary cancer-predisposing syndrome|not provided|Hereditary breast ovarian cancer syndrome|Malignant tumor of breast|Breast and/or ovarian cancer
BRCA1	P38398	Leu1564Pro	0	reviewed by expert panel	Breast-ovarian cancer, familial, susceptibility to, 1|not specified|Breast neoplasm|Hereditary cancer-predisposing syndrome|not provided|Hereditary breast ovarian cancer syndrome|Familial cancer of breast;Fanconi anemia, complementation group S;Breast-ovarian cancer, familial, susceptibility to, 1;Pancreatic cancer, susceptibility to, 4|BRCA1-related disorder|BRCA1-related cancer predisposition
BRCA1	P38398	Ala1584Ser	0	criteria provided, multiple submitters, no conflicts	Hereditary breast ovarian cancer syndrome|Breast-ovarian cancer, familial, susceptibility to, 1|Hereditary cancer-predisposing syndrome|not specified|BRCA1-related cancer predisposition
BRCA1	P38398	Ile1593Leu	0	no assertion criteria provided	Familial cancer of breast|Breast-ovarian cancer, familial, susceptibility to, 1
BRCA1	P38398	Pro1614Ser	0	reviewed by expert panel	not specified|Breast-ovarian cancer, familial, susceptibility to, 1|Hereditary cancer-predisposing syndrome|Hereditary breast ovarian cancer syndrome|not provided|Breast and/or ovarian cancer
BRCA1	P38398	Pro1637Leu	0	reviewed by expert panel	not specified|Breast-ovarian cancer, familial, susceptibility to, 1|Hereditary cancer-predisposing syndrome|not provided|Hereditary breast ovarian cancer syndrome|Malignant tumor of breast|BRCA1-related disorder
BRCA1	P38398	Ala1641Thr	0	criteria provided, single submitter	Breast-ovarian cancer, familial, susceptibility to, 1|Hereditary cancer-predisposing syndrome
BRCA1	P38398	Phe1662Ser	0	reviewed by expert panel	Breast-ovarian cancer, familial, susceptibility to, 1|Hereditary cancer-predisposing syndrome|not specified|Hereditary breast ovarian cancer syndrome|not provided
BRCA1	P38398	Glu1682Lys	0	reviewed by expert panel	Breast-ovarian cancer, familial, susceptibility to, 1|not specified|Hereditary cancer-predisposing syndrome|Hereditary breast ovarian cancer syndrome
BRCA1	P38398	Glu1682Val	1	criteria provided, single submitter	Breast-ovarian cancer, familial, susceptibility to, 1|Hereditary cancer-predisposing syndrome
BRCA1	P38398	Thr1685Ala	1	reviewed by expert panel	Hereditary breast ovarian cancer syndrome|Breast-ovarian cancer, familial, susceptibility to, 1|Hereditary cancer-predisposing syndrome|not provided
BRCA1	P38398	Thr1685Ile	1	reviewed by expert panel	Breast-ovarian cancer, familial, susceptibility to, 1|Hereditary cancer-predisposing syndrome|Hereditary breast ovarian cancer syndrome|not provided|Inherited prostate cancer
BRCA1	P38398	Thr1691Arg	1	criteria provided, multiple submitters, no conflicts	Familial cancer of breast|Breast-ovarian cancer, familial, susceptibility to, 1|Hereditary cancer-predisposing syndrome
BRCA1	P38398	Asp1692Tyr	1	criteria provided, single submitter	Breast-ovarian cancer, familial, susceptibility to, 1
BRCA1	P38398	Asp1692Val	1	reviewed by expert panel	Hereditary breast ovarian cancer syndrome|Breast-ovarian cancer, familial, susceptibility to, 1|not specified|Hereditary cancer-predisposing syndrome|not provided|BRCA1-related cancer predisposition
BRCA1	P38398	Cys1697Arg	1	reviewed by expert panel	Breast-ovarian cancer, familial, susceptibility to, 1|Hereditary cancer-predisposing syndrome|not provided|Malignant tumor of breast|Hereditary breast ovarian cancer syndrome|BRCA1-related cancer predisposition
BRCA1	P38398	Arg170Trp	0	reviewed by expert panel	Hereditary breast ovarian cancer syndrome|Breast-ovarian cancer, familial, susceptibility to, 1|Hereditary cancer-predisposing syndrome|not provided|not specified
BRCA1	P38398	Arg1699Trp	1	reviewed by expert panel	Hereditary breast ovarian cancer syndrome|Breast-ovarian cancer, familial, susceptibility to, 1|Breast and colorectal cancer|Hereditary cancer-predisposing syndrome|not provided|Fanconi anemia complementation group A|Ovarian cancer|Familial cancer of breast|Fanconi anemia, complementation group S|Malignant tumor of breast|Endometrial carcinoma|BRCA1-related cancer predisposition
BRCA1	P38398	Arg1699Leu	1	criteria provided, multiple submitters, no conflicts	Breast-ovarian cancer, familial, susceptibility to, 1|Hereditary breast ovarian cancer syndrome
BRCA1	P38398	Thr1700Ala	1	reviewed by expert panel	not provided|Breast-ovarian cancer, familial, susceptibility to, 1|Hereditary breast ovarian cancer syndrome|Hereditary cancer-predisposing syndrome|BRCA1-related cancer predisposition
BRCA1	P38398	Gly1706Ala	0	reviewed by expert panel	not specified|Breast-ovarian cancer, familial, susceptibility to, 1|Hereditary cancer-predisposing syndrome|not provided|Hereditary breast ovarian cancer syndrome|Malignant tumor of breast
BRCA1	P38398	Ala1708Glu	1	reviewed by expert panel	not provided|Breast-ovarian cancer, familial, susceptibility to, 1|Hereditary cancer-predisposing syndrome|Hereditary breast ovarian cancer syndrome|Familial cancer of breast|Breast neoplasm|Breast carcinoma|Breast and/or ovarian cancer|BRCA1-related disorder|BRCA1-related cancer predisposition
BRCA1	P38398	Val1713Ala	1	reviewed by expert panel	Hereditary breast ovarian cancer syndrome|Breast-ovarian cancer, familial, susceptibility to, 1|not provided|Hereditary cancer-predisposing syndrome|BRCA1-related cancer predisposition|Fanconi anemia, complementation group S
BRCA1	P38398	Ser1715Arg	1	reviewed by expert panel	Breast-ovarian cancer, familial, susceptibility to, 1|not provided|Hereditary breast ovarian cancer syndrome|Hereditary cancer-predisposing syndrome
BRCA1	P38398	Ser1715Cys	1	reviewed by expert panel	Breast-ovarian cancer, familial, susceptibility to, 1|Hereditary cancer-predisposing syndrome|not provided|Hereditary breast ovarian cancer syndrome|BRCA1-related cancer predisposition
BRCA1	P38398	Ser1715Asn	1	reviewed by expert panel	Breast-ovarian cancer, familial, susceptibility to, 1|not provided|Hereditary cancer-predisposing syndrome|Hereditary breast ovarian cancer syndrome
BRCA1	P38398	Ser1715Arg	1	criteria provided, single submitter	Breast-ovarian cancer, familial, susceptibility to, 1
BRCA1	P38398	Thr1720Ala	0	reviewed by expert panel	Breast-ovarian cancer, familial, susceptibility to, 1|Hereditary cancer-predisposing syndrome|not specified|Hereditary breast ovarian cancer syndrome|Malignant tumor of breast|Breast and/or ovarian cancer|not provided|BRCA1-related disorder
BRCA1	P38398	Asp1733Gly	0	reviewed by expert panel	Hereditary cancer-predisposing syndrome|Breast-ovarian cancer, familial, susceptibility to, 1|not specified|not provided|Hereditary breast ovarian cancer syndrome|BRCA1-related disorder
BRCA1	P38398	Phe1734Ser	1	criteria provided, single submitter	Familial cancer of breast|Breast-ovarian cancer, familial, susceptibility to, 1|Hereditary cancer-predisposing syndrome
BRCA1	P38398	Gly1738Arg	1	reviewed by expert panel	Breast-ovarian cancer, familial, susceptibility to, 1|Hereditary breast ovarian cancer syndrome|Hereditary cancer-predisposing syndrome|not provided|Familial cancer of breast
BRCA1	P38398	Asp1739Glu	1	criteria provided, single submitter	Breast-ovarian cancer, familial, susceptibility to, 1|Hereditary cancer-predisposing syndrome
BRCA1	P38398	Pro1749Arg	1	criteria provided, single submitter	Breast-ovarian cancer, familial, susceptibility to, 1|not provided
BRCA1	P38398	Arg1751Gln	0	reviewed by expert panel	Breast-ovarian cancer, familial, susceptibility to, 1|Breast and/or ovarian cancer|Hereditary cancer-predisposing syndrome|not specified|not provided|Hereditary breast ovarian cancer syndrome|Malignant tumor of breast
BRCA1	P38398	Arg1751Pro	1	reviewed by expert panel	Breast-ovarian cancer, familial, susceptibility to, 1|Hereditary cancer-predisposing syndrome|not provided|Hereditary breast ovarian cancer syndrome|BRCA1-related cancer predisposition|Fanconi anemia, complementation group S
BRCA1	P38398	Arg1753Thr	1	reviewed by expert panel	Familial cancer of breast|not provided|Breast-ovarian cancer, familial, susceptibility to, 1|Hereditary breast ovarian cancer syndrome|Breast carcinoma|Hereditary cancer-predisposing syndrome|BRCA1-related cancer predisposition
BRCA1	P38398	Phe1761Ser	1	reviewed by expert panel	Breast-ovarian cancer, familial, susceptibility to, 1|Hereditary cancer-predisposing syndrome|Hereditary breast ovarian cancer syndrome|BRCA1-related cancer predisposition
BRCA1	P38398	Leu1764Pro	1	reviewed by expert panel	Breast-ovarian cancer, familial, susceptibility to, 1|Hereditary cancer-predisposing syndrome|Hereditary breast ovarian cancer syndrome|not provided
BRCA1	P38398	Asp1778Asn	1	reviewed by expert panel	Hereditary breast ovarian cancer syndrome|Breast-ovarian cancer, familial, susceptibility to, 1|Hereditary cancer-predisposing syndrome|not provided|BRCA1-related cancer predisposition
BRCA1	P38398	Asp1778Tyr	1	criteria provided, single submitter	Familial cancer of breast|Breast-ovarian cancer, familial, susceptibility to, 1
BRCA1	P38398	Gly1788Cys	1	criteria provided, multiple submitters, no conflicts	Hereditary cancer-predisposing syndrome|Familial cancer of breast|Breast-ovarian cancer, familial, susceptibility to, 1|Hereditary breast ovarian cancer syndrome
BRCA1	P38398	Ala1789Thr	1	reviewed by expert panel	Hereditary breast ovarian cancer syndrome|Hereditary cancer-predisposing syndrome|Breast-ovarian cancer, familial, susceptibility to, 1|not provided|BRCA1-related cancer predisposition
BRCA1	P38398	Val1804Asp	0	reviewed by expert panel	Breast-ovarian cancer, familial, susceptibility to, 1|not specified|Ovarian cancer|Hereditary cancer-predisposing syndrome|not provided|Hereditary breast ovarian cancer syndrome|Malignant tumor of breast|Familial cancer of breast;Breast-ovarian cancer, familial, susceptibility to, 1;Fanconi anemia, complementation group S
BRCA1	P38398	Val1809Phe	1	reviewed by expert panel	Breast-ovarian cancer, familial, susceptibility to, 1|not provided|Hereditary cancer-predisposing syndrome|Hereditary breast ovarian cancer syndrome|BRCA1-related cancer predisposition
BRCA1	P38398	Trp1837Gly	1	reviewed by expert panel	Breast-ovarian cancer, familial, susceptibility to, 1|Hereditary cancer-predisposing syndrome|Malignant tumor of breast|Hereditary breast ovarian cancer syndrome|BRCA1-related cancer predisposition
BRCA1	P38398	Val1838Glu	1	reviewed by expert panel	Breast-ovarian cancer, familial, susceptibility to, 1|not provided|Hereditary cancer-predisposing syndrome|Hereditary breast ovarian cancer syndrome
BRCA1	P38398	Ala1843Pro	1	criteria provided, multiple submitters, no conflicts	Breast-ovarian cancer, familial, susceptibility to, 1|Hereditary cancer-predisposing syndrome|Hereditary breast ovarian cancer syndrome|not provided
BRCA1	P38398	Leu1844Arg	0	reviewed by expert panel	Breast-ovarian cancer, familial, susceptibility to, 1|Hereditary cancer-predisposing syndrome|not provided|Hereditary breast ovarian cancer syndrome|not specified|Malignant tumor of breast
BRCA1	P38398	Leu1854Pro	1	reviewed by expert panel	Breast-ovarian cancer, familial, susceptibility to, 1|Hereditary cancer-predisposing syndrome|Hereditary breast ovarian cancer syndrome|Familial cancer of breast|not provided|BRCA1-related cancer predisposition
BRCA1	P38398	Pro1856Ser	0	criteria provided, multiple submitters, no conflicts	Hereditary breast ovarian cancer syndrome|Breast-ovarian cancer, familial, susceptibility to, 1|Hereditary cancer-predisposing syndrome|not provided|BRCA1-related cancer predisposition
BRCA1	P38398	Pro1859Arg	0	reviewed by expert panel	Breast-ovarian cancer, familial, susceptibility to, 1|Hereditary cancer-predisposing syndrome|not specified|not provided|Hereditary breast ovarian cancer syndrome|BRCA1-related disorder
BRCA1	P38398	Ser186Tyr	0	reviewed by expert panel	Hereditary breast ovarian cancer syndrome|Breast-ovarian cancer, familial, susceptibility to, 1|not specified|Hereditary cancer-predisposing syndrome|not provided|Familial cancer of breast|Breast and/or ovarian cancer|Malignant tumor of breast|Inherited breast cancer and ovarian cancer
BRCA1	P38398	Leu22Ser	1	reviewed by expert panel	Hereditary breast ovarian cancer syndrome|Breast-ovarian cancer, familial, susceptibility to, 1|Hereditary cancer-predisposing syndrome|not provided|Infant-type hemispheric glioma
BRCA1	P38398	His239Arg	0	reviewed by expert panel	Breast-ovarian cancer, familial, susceptibility to, 1|not specified|Hereditary cancer-predisposing syndrome|not provided|Hereditary breast ovarian cancer syndrome|BRCA1-related disorder
BRCA1	P38398	Cys24Tyr	1	reviewed by expert panel	Breast-ovarian cancer, familial, susceptibility to, 1|Hereditary cancer-predisposing syndrome|Hereditary breast ovarian cancer syndrome|not provided|BRCA1-related cancer predisposition
BRCA1	P38398	Thr248Asn	0	criteria provided, single submitter	Breast-ovarian cancer, familial, susceptibility to, 1|Hereditary cancer-predisposing syndrome
BRCA1	P38398	Gly263Cys	0	criteria provided, single submitter	Familial cancer of breast|Hereditary cancer-predisposing syndrome
BRCA1	P38398	Gly263Ala	0	criteria provided, single submitter	Familial cancer of breast|Hereditary cancer-predisposing syndrome
BRCA1	P38398	Ser264Cys	0	criteria provided, single submitter	Familial cancer of breast|Hereditary cancer-predisposing syndrome
BRCA1	P38398	Val271Met	0	reviewed by expert panel	not specified|Hereditary cancer-predisposing syndrome|Breast-ovarian cancer, familial, susceptibility to, 1|Hereditary breast ovarian cancer syndrome|Malignant tumor of pancreas|Malignant tumor of breast|Familial cancer of breast|BRCA1-related cancer predisposition|Ovarian cancer
BRCA1	P38398	Gly275Ser	0	reviewed by expert panel	not specified|Hereditary cancer-predisposing syndrome|Breast-ovarian cancer, familial, susceptibility to, 1|not provided|Hereditary breast ovarian cancer syndrome
BRCA1	P38398	Gly275Asp	0	reviewed by expert panel	not specified|Hereditary cancer-predisposing syndrome|Breast neoplasm|Breast-ovarian cancer, familial, susceptibility to, 1|not provided|Hereditary breast ovarian cancer syndrome|Familial cancer of breast|Breast-ovarian cancer, familial, susceptibility to, 1;Fanconi anemia, complementation group S;Pancreatic cancer, susceptibility to, 4;Familial cancer of breast|Hereditary breast ovarian cancer syndrome;Familial pancreatic carcinoma
BRCA1	P38398	Ala280Gly	0	reviewed by expert panel	Breast-ovarian cancer, familial, susceptibility to, 1|Hereditary cancer-predisposing syndrome|not provided|Hereditary breast ovarian cancer syndrome
BRCA1	P38398	Met297Ile	0	reviewed by expert panel	Breast-ovarian cancer, familial, susceptibility to, 1|Hereditary cancer-predisposing syndrome|Hereditary breast ovarian cancer syndrome|not provided
BRAF	P15056	Phe247Leu	1	reviewed by expert panel	not provided|Noonan syndrome and Noonan-related syndrome|Noonan syndrome|RASopathy
LDLR	P01130	Arg744Gln	0	reviewed by expert panel	not provided|Hypercholesterolemia, familial, 1|Familial hypercholesterolemia|not specified|Cardiovascular phenotype
COL1A1	P02452	Gly467Glu	1	criteria provided, single submitter	Infantile cortical hyperostosis
TP53	P04637	His365Tyr	0	reviewed by expert panel	Hereditary cancer-predisposing syndrome|Li-Fraumeni syndrome|Li-Fraumeni syndrome 1|Malignant tumor of breast|TP53-related disorder
MLH1	P40692	Gln346Arg	1	reviewed by expert panel	Lynch syndrome|Hereditary nonpolyposis colorectal neoplasms
MLH1	P40692	Gln346His	1	reviewed by expert panel	Lynch syndrome|Hereditary cancer-predisposing syndrome|Colorectal cancer, hereditary nonpolyposis, type 2
MLH1	P40692	Gln346His	1	reviewed by expert panel	Lynch syndrome|Hereditary cancer-predisposing syndrome
MLH1	P40692	Thr347Asn	0	reviewed by expert panel	Lynch syndrome|Hereditary cancer-predisposing syndrome|not specified|not provided|Hereditary nonpolyposis colorectal neoplasms|Hereditary breast ovarian cancer syndrome|Colorectal cancer, hereditary nonpolyposis, type 2|Colorectal cancer, hereditary nonpolyposis, type 2;Mismatch repair cancer syndrome 1;Muir-Torré syndrome
MLH1	P40692	Met35Arg	1	reviewed by expert panel	Lynch syndrome|not provided|Carcinoma of colon|Hereditary cancer-predisposing syndrome|Colorectal cancer, hereditary nonpolyposis, type 2
MLH1	P40692	Asn38His	1	reviewed by expert panel	Lynch syndrome|Hereditary cancer-predisposing syndrome|Hereditary nonpolyposis colorectal neoplasms|Lynch syndrome 1|Colorectal cancer, hereditary nonpolyposis, type 2
MLH1	P40692	Asn38Ser	1	reviewed by expert panel	Lynch syndrome|Hereditary nonpolyposis colorectal neoplasms|Hereditary cancer-predisposing syndrome
MLH1	P40692	Asn38Lys	1	reviewed by expert panel	Lynch syndrome|Hereditary cancer-predisposing syndrome|Hereditary nonpolyposis colorectal neoplasms|Colorectal cancer, hereditary nonpolyposis, type 2
MLH1	P40692	Asp41His	1	reviewed by expert panel	Lynch syndrome 1|not provided|Hereditary nonpolyposis colorectal neoplasms|Colorectal cancer, hereditary nonpolyposis, type 2
MLH1	P40692	Asp41Gly	1	reviewed by expert panel	Lynch syndrome|Hereditary nonpolyposis colorectal neoplasms|Hereditary cancer-predisposing syndrome|Colorectal cancer, hereditary nonpolyposis, type 2
MLH1	P40692	Ala441Thr	0	reviewed by expert panel	Lynch syndrome|Hereditary cancer-predisposing syndrome|Colorectal cancer, non-polyposis|Lynch syndrome 1|not specified|not provided|Colorectal cancer, hereditary nonpolyposis, type 2|Hereditary nonpolyposis colorectal neoplasms|Breast and/or ovarian cancer|Mismatch repair cancer syndrome 1;Muir-Torré syndrome;Colorectal cancer, hereditary nonpolyposis, type 2|Malignant tumor of esophagus
MLH1	P40692	Gln48Pro	1	reviewed by expert panel	Lynch syndrome|Hereditary nonpolyposis colorectal neoplasms|Colorectal cancer, hereditary nonpolyposis, type 2|Hereditary cancer-predisposing syndrome
MLH1	P40692	Val49Glu	1	reviewed by expert panel	Lynch syndrome|Mismatch repair cancer syndrome 1;Muir-Torré syndrome;Colorectal cancer, hereditary nonpolyposis, type 2
MLH1	P40692	Ala539Asp	1	criteria provided, multiple submitters, no conflicts	Hereditary cancer-predisposing syndrome|Hereditary nonpolyposis colorectal neoplasms|MLH1-related disorder|Colorectal cancer, hereditary nonpolyposis, type 2|Hereditary nonpolyposis colon cancer
MLH1	P40692	Gln542Pro	1	criteria provided, single submitter	Hereditary cancer-predisposing syndrome
MLH1	P40692	Leu550Pro	1	reviewed by expert panel	Lynch syndrome 1|Hereditary cancer-predisposing syndrome|Hereditary nonpolyposis colorectal neoplasms|Colorectal cancer, hereditary nonpolyposis, type 2
MLH1	P40692	Leu555Pro	1	reviewed by expert panel	Lynch syndrome|Hereditary cancer-predisposing syndrome|Colorectal cancer, hereditary nonpolyposis, type 2
MLH1	P40692	Ser556Ile	1	reviewed by expert panel	Lynch syndrome
MLH1	P40692	Leu574Pro	1	reviewed by expert panel	Lynch syndrome|Hereditary nonpolyposis colorectal neoplasms|Hereditary cancer-predisposing syndrome
MLH1	P40692	Leu582Pro	1	reviewed by expert panel	Lynch syndrome|Colorectal cancer, hereditary nonpolyposis, type 2
MLH1	P40692	Leu585Arg	1	criteria provided, single submitter	Hereditary cancer-predisposing syndrome
MLH1	P40692	Ala589Asp	1	reviewed by expert panel	Lynch syndrome|Colorectal cancer, hereditary nonpolyposis, type 2|Hereditary cancer-predisposing syndrome
MLH1	P40692	Glu600Gly	0	reviewed by expert panel	Lynch syndrome
MLH1	P40692	Leu607His	0	reviewed by expert panel	Lynch syndrome|Hereditary cancer-predisposing syndrome|not specified|Hereditary nonpolyposis colorectal neoplasms|Colorectal cancer, hereditary nonpolyposis, type 2|not provided|Mismatch repair cancer syndrome 1;Muir-Torré syndrome;Colorectal cancer, hereditary nonpolyposis, type 2|Breast and/or ovarian cancer|MLH1-related disorder|Inherited MMR deficiency (Lynch syndrome)
MLH1	P40692	Lys618Thr	0	reviewed by expert panel	Lynch syndrome|Lynch syndrome 1|Colorectal cancer, non-polyposis|not provided|not specified|Hereditary cancer-predisposing syndrome|Colorectal cancer, hereditary nonpolyposis, type 2|Hereditary nonpolyposis colorectal neoplasms|Muir-Torré syndrome;Colorectal cancer, hereditary nonpolyposis, type 2;Mismatch repair cancer syndrome 1|Breast and/or ovarian cancer
MLH1	P40692	Lys618Arg	0	reviewed by expert panel	Lynch syndrome|Hereditary cancer-predisposing syndrome|not specified|not provided|Colorectal cancer, hereditary nonpolyposis, type 2|Hereditary nonpolyposis colorectal neoplasms|MLH1-related disorder
MLH1	P40692	Ala619Pro	1	reviewed by expert panel	Lynch syndrome|Hereditary cancer-predisposing syndrome|Hereditary nonpolyposis colorectal neoplasms|Colorectal cancer, hereditary nonpolyposis, type 2
MLH1	P40692	Leu622Pro	1	reviewed by expert panel	Lynch syndrome|Hereditary nonpolyposis colorectal neoplasms|Hereditary cancer-predisposing syndrome
MLH1	P40692	Asp63Glu	1	reviewed by expert panel	Lynch syndrome|Hereditary cancer-predisposing syndrome
MLH1	P40692	Pro640Ser	1	reviewed by expert panel	Lynch syndrome|Hereditary cancer-predisposing syndrome|Hereditary nonpolyposis colorectal neoplasms|Hereditary nonpolyposis colon cancer|Carcinoma of colon|not provided|Colorectal cancer, hereditary nonpolyposis, type 2|Neoplasm
MLH1	P40692	Pro640Leu	1	criteria provided, multiple submitters, no conflicts	Lynch syndrome|Hereditary nonpolyposis colorectal neoplasms|Hereditary cancer-predisposing syndrome|Colorectal cancer, hereditary nonpolyposis, type 2|not provided
MLH1	P40692	Pro648Leu	1	reviewed by expert panel	Lynch syndrome 1|Hereditary cancer-predisposing syndrome|Mismatch repair cancer syndrome 1;Muir-Torré syndrome;Colorectal cancer, hereditary nonpolyposis, type 2|Hereditary nonpolyposis colorectal neoplasms|not provided|Lynch syndrome|Colorectal cancer, hereditary nonpolyposis, type 2
MLH1	P40692	Gly65Asp	1	reviewed by expert panel	Lynch syndrome|Hereditary cancer-predisposing syndrome|Hereditary nonpolyposis colorectal neoplasms|Colorectal cancer, hereditary nonpolyposis, type 2
MLH1	P40692	Leu653Arg	1	reviewed by expert panel	Lynch syndrome 1|Hereditary nonpolyposis colorectal neoplasms|Hereditary cancer-predisposing syndrome|Colorectal cancer, hereditary nonpolyposis, type 2
MLH1	P40692	Pro654Leu	1	reviewed by expert panel	Lynch syndrome|not provided|Hereditary nonpolyposis colorectal neoplasms|Breast carcinoma|Hereditary cancer-predisposing syndrome|Colorectal cancer, hereditary nonpolyposis, type 2|MLH1-related disorder|Hereditary nonpolyposis colon cancer
MLH1	P40692	Arg659Pro	1	reviewed by expert panel	Lynch syndrome|Hereditary nonpolyposis colorectal neoplasms|Hereditary cancer-predisposing syndrome|Colorectal cancer, hereditary nonpolyposis, type 2|not provided|Inherited MMR deficiency (Lynch syndrome)
MLH1	P40692	Arg659Leu	1	reviewed by expert panel	Lynch syndrome|Hereditary cancer-predisposing syndrome|Hereditary nonpolyposis colorectal neoplasms|Colorectal cancer, hereditary nonpolyposis, type 2
MLH1	P40692	Thr662Pro	1	reviewed by expert panel	Lynch syndrome|Hereditary nonpolyposis colorectal neoplasms|Hereditary cancer-predisposing syndrome|Colorectal cancer, hereditary nonpolyposis, type 2|Hereditary nonpolyposis colon cancer
MLH1	P40692	Glu663Asp	1	reviewed by expert panel	Lynch syndrome|not provided|Hereditary nonpolyposis colorectal neoplasms|Carcinoma of colon|Hereditary cancer-predisposing syndrome
MLH1	P40692	Trp666Arg	1	criteria provided, single submitter	Colorectal cancer, hereditary nonpolyposis, type 2
MLH1	P40692	Gly67Arg	1	reviewed by expert panel	Lynch syndrome|Hereditary cancer-predisposing syndrome|not provided|Colorectal cancer, hereditary nonpolyposis, type 2|Hereditary nonpolyposis colorectal neoplasms|Lynch-like syndrome|Hereditary nonpolyposis colon cancer|Lynch syndrome 1|Carcinoma of colon
MLH1	P40692	Met1Val	1	reviewed by expert panel	Lynch syndrome 1|Hereditary nonpolyposis colorectal neoplasms|Hereditary cancer-predisposing syndrome|not provided|Mismatch repair cancer syndrome 1;Muir-Torré syndrome;Colorectal cancer, hereditary nonpolyposis, type 2|Colorectal cancer, hereditary nonpolyposis, type 2
MLH1	P40692	Leu676Arg	1	criteria provided, multiple submitters, no conflicts	Hereditary cancer-predisposing syndrome|Colorectal cancer, hereditary nonpolyposis, type 2
MLH1	P40692	Cys680Arg	1	reviewed by expert panel	Lynch syndrome|Hereditary cancer-predisposing syndrome|Hereditary nonpolyposis colorectal neoplasms|Carcinoma of colon|Colorectal cancer, hereditary nonpolyposis, type 2
MLH1	P40692	Ile68Asn	1	reviewed by expert panel	Lynch syndrome|not provided
MLH1	P40692	Phe683Ser	1	reviewed by expert panel	Lynch syndrome|not provided|Hereditary cancer-predisposing syndrome|Hereditary nonpolyposis colorectal neoplasms|Carcinoma of colon|Colorectal cancer, hereditary nonpolyposis, type 2|Hereditary nonpolyposis colon cancer
MLH1	P40692	Arg687Trp	1	reviewed by expert panel	Lynch syndrome|Hereditary cancer-predisposing syndrome|not provided|Colorectal cancer, hereditary nonpolyposis, type 2|Hereditary nonpolyposis colorectal neoplasms|Lynch syndrome 1|Colorectal cancer, hereditary nonpolyposis, type 2;Mismatch repair cancer syndrome 1;Muir-Torré syndrome|Carcinoma of colon|MLH1-related disorder|Inherited MMR deficiency (Lynch syndrome)|Hereditary nonpolyposis colon cancer
MLH1	P40692	Gln689Arg	0	reviewed by expert panel	Lynch syndrome|Hereditary cancer-predisposing syndrome|Colorectal cancer, non-polyposis|not specified|not provided|Colorectal cancer, hereditary nonpolyposis, type 2|Hereditary nonpolyposis colorectal neoplasms|MLH1-related disorder|Breast and/or ovarian cancer|Colorectal cancer, hereditary nonpolyposis, type 2;Mismatch repair cancer syndrome 1;Muir-Torré syndrome
MLH1	P40692	Gln701Lys	0	reviewed by expert panel	Lynch syndrome|Hereditary cancer-predisposing syndrome|not specified|Colorectal cancer, hereditary nonpolyposis, type 2|not provided|Hereditary nonpolyposis colorectal neoplasms|Lynch syndrome 1|Breast and/or ovarian cancer|Colorectal cancer, hereditary nonpolyposis, type 2;Mismatch repair cancer syndrome 1;Muir-Torré syndrome|MLH1-related disorder
MLH1	P40692	Gln701His	1	reviewed by expert panel	Lynch syndrome|Hereditary nonpolyposis colorectal neoplasms|Lynch syndrome 1|Hereditary cancer-predisposing syndrome|Hereditary nonpolyposis colon cancer|Colorectal cancer, hereditary nonpolyposis, type 2|not provided
MLH1	P40692	His718Pro	1	reviewed by expert panel	Lynch syndrome|Hereditary nonpolyposis colorectal neoplasms|Muir-Torré syndrome|Hereditary cancer-predisposing syndrome
MLH1	P40692	Leu73Pro	1	criteria provided, multiple submitters, no conflicts	Hereditary nonpolyposis colorectal neoplasms|Hereditary cancer-predisposing syndrome|Colorectal cancer, hereditary nonpolyposis, type 2
MLH1	P40692	Leu749Pro	1	reviewed by expert panel	Lynch syndrome|Hereditary cancer-predisposing syndrome|not provided|Hereditary nonpolyposis colorectal neoplasms|Carcinoma of colon|Colorectal cancer, hereditary nonpolyposis, type 2|Inherited MMR deficiency (Lynch syndrome)|MLH1-related disorder
MLH1	P40692	Lys751Arg	0	reviewed by expert panel	Lynch syndrome|Hereditary cancer-predisposing syndrome|Colorectal cancer, non-polyposis|Colorectal cancer, hereditary nonpolyposis, type 2|not provided|Hereditary nonpolyposis colorectal neoplasms|Carcinoma of colon|Mismatch repair cancer syndrome 1;Muir-Torré syndrome;Colorectal cancer, hereditary nonpolyposis, type 2|MLH1-related disorder|Breast and/or ovarian cancer|not specified
MLH1	P40692	Phe753Ser	1	criteria provided, single submitter	Hereditary cancer-predisposing syndrome
MLH1	P40692	Cys77Arg	1	reviewed by expert panel	Lynch syndrome|Hereditary cancer-predisposing syndrome|Hereditary nonpolyposis colon cancer|not provided|Hereditary nonpolyposis colorectal neoplasms
MLH1	P40692	Cys77Tyr	1	reviewed by expert panel	Lynch syndrome|Hereditary cancer-predisposing syndrome|Hereditary nonpolyposis colorectal neoplasms|Colorectal cancer, hereditary nonpolyposis, type 2|not provided|Hereditary nonpolyposis colon cancer
MLH1	P40692	Phe80Val	1	reviewed by expert panel	Lynch syndrome 1|not provided|Hereditary nonpolyposis colorectal neoplasms|Hereditary cancer-predisposing syndrome
MLH1	P40692	Thr82Ala	1	reviewed by expert panel	Lynch syndrome|Hereditary cancer-predisposing syndrome|Lynch syndrome 1|not specified|Hereditary nonpolyposis colorectal neoplasms|Carcinoma of colon|Colorectal cancer, hereditary nonpolyposis, type 2|Hereditary nonpolyposis colon cancer|not provided
MLH1	P40692	Thr82Ile	1	reviewed by expert panel	Lynch syndrome|Hereditary cancer-predisposing syndrome|Colorectal cancer, hereditary nonpolyposis, type 2|Hereditary nonpolyposis colorectal neoplasms|Hereditary nonpolyposis colon cancer|not provided|Inherited MMR deficiency (Lynch syndrome)
MLH1	P40692	Lys84Glu	1	reviewed by expert panel	Lynch syndrome|not provided|Hereditary nonpolyposis colorectal neoplasms|Carcinoma of colon|Hereditary cancer-predisposing syndrome|Colorectal cancer, hereditary nonpolyposis, type 2
MLH1	P40692	Arg100Pro	1	reviewed by expert panel	Lynch syndrome 1|not provided|Hereditary nonpolyposis colorectal neoplasms|Hereditary nonpolyposis colon cancer|Colorectal cancer, hereditary nonpolyposis, type 2
MLH1	P40692	Met1Lys	1	reviewed by expert panel	Lynch syndrome|Hereditary cancer-predisposing syndrome
MLH1	P40692	Met1Thr	1	reviewed by expert panel	Lynch syndrome 1|not provided|Hereditary cancer-predisposing syndrome|Colorectal cancer, hereditary nonpolyposis, type 2|Hereditary nonpolyposis colorectal neoplasms
MLH1	P40692	Met1Arg	1	reviewed by expert panel	Lynch syndrome 1|Hereditary cancer-predisposing syndrome
MLH1	P40692	Gly101Ser	1	reviewed by expert panel	Lynch syndrome|not provided|not specified|Hereditary nonpolyposis colorectal neoplasms|Colorectal cancer, hereditary nonpolyposis, type 2|Hereditary cancer-predisposing syndrome
MLH1	P40692	Gly101Asp	1	reviewed by expert panel	Lynch syndrome 1|not provided|Hereditary cancer-predisposing syndrome|Colorectal cancer, hereditary nonpolyposis, type 2|Hereditary nonpolyposis colorectal neoplasms
MLH1	P40692	Glu102Lys	1	reviewed by expert panel	Lynch syndrome 1|Hereditary cancer-predisposing syndrome|not provided|Hereditary nonpolyposis colon cancer|Hereditary nonpolyposis colorectal neoplasms|Carcinoma of colon|Colorectal cancer, hereditary nonpolyposis, type 2
MLH1	P40692	Glu102Asp	1	reviewed by expert panel	Lynch syndrome|Hereditary nonpolyposis colorectal neoplasms|Hereditary cancer-predisposing syndrome|Colorectal cancer, hereditary nonpolyposis, type 2
MLH1	P40692	Ile107Arg	1	reviewed by expert panel	Lynch syndrome|not provided|Hereditary cancer-predisposing syndrome
MLH1	P40692	Ala111Val	1	reviewed by expert panel	Lynch syndrome|Hereditary nonpolyposis colorectal neoplasms|Carcinoma of colon|Hereditary cancer-predisposing syndrome|Colorectal cancer, hereditary nonpolyposis, type 2
MLH1	P40692	Thr117Arg	1	reviewed by expert panel	Hereditary nonpolyposis colorectal neoplasms|not provided|Hereditary cancer-predisposing syndrome|Lynch syndrome 1|Colorectal cancer, hereditary nonpolyposis, type 2
MLH1	P40692	Arg127Lys	1	reviewed by expert panel	Lynch syndrome|Hereditary cancer-predisposing syndrome|Hereditary nonpolyposis colorectal neoplasms|Colorectal cancer, hereditary nonpolyposis, type 2
MLH1	P40692	Ala128Pro	1	reviewed by expert panel	Lynch syndrome|Hereditary nonpolyposis colorectal neoplasms
MLH1	P40692	Tyr130His	1	criteria provided, multiple submitters, no conflicts	Hereditary nonpolyposis colorectal neoplasms|Colorectal cancer, hereditary nonpolyposis, type 2|Hereditary cancer-predisposing syndrome
MLH1	P40692	Met1Ile	1	reviewed by expert panel	Lynch syndrome 1|Hereditary cancer-predisposing syndrome|Hereditary nonpolyposis colorectal neoplasms|Hereditary nonpolyposis colon cancer|not provided|Colorectal cancer, hereditary nonpolyposis, type 2
MLH1	P40692	Leu155Arg	1	reviewed by expert panel	Lynch syndrome|Colorectal cancer, hereditary nonpolyposis, type 2|Hereditary nonpolyposis colorectal neoplasms|Hereditary cancer-predisposing syndrome
MLH1	P40692	Arg182Gly	1	reviewed by expert panel	Lynch syndrome|Hereditary cancer-predisposing syndrome|Hereditary nonpolyposis colorectal neoplasms|not provided|Hereditary nonpolyposis colon cancer
MLH1	P40692	Arg182Lys	1	reviewed by expert panel	Lynch syndrome|Hereditary nonpolyposis colorectal neoplasms|Colorectal cancer, hereditary nonpolyposis, type 2|Hereditary cancer-predisposing syndrome
MLH1	P40692	Val185Gly	1	reviewed by expert panel	Lynch syndrome|not provided|Hereditary nonpolyposis colorectal neoplasms|Hereditary cancer-predisposing syndrome|Colorectal cancer, hereditary nonpolyposis, type 2
MLH1	P40692	Ile19Phe	1	reviewed by expert panel	Carcinoma of colon|Hereditary cancer-predisposing syndrome|not provided|Lynch syndrome 1|Hereditary nonpolyposis colorectal neoplasms|Hereditary nonpolyposis colon cancer|Colorectal cancer, hereditary nonpolyposis, type 2
MLH1	P40692	Ser193Pro	1	criteria provided, multiple submitters, no conflicts	Colorectal cancer, hereditary nonpolyposis, type 2|Hereditary cancer-predisposing syndrome
MLH1	P40692	Ala21Glu	1	reviewed by expert panel	Lynch syndrome|Hereditary nonpolyposis colorectal neoplasms|Colorectal cancer, hereditary nonpolyposis, type 2
MLH1	P40692	Ala21Val	1	reviewed by expert panel	not provided|Hereditary cancer-predisposing syndrome|Gastric cancer|Colorectal cancer, hereditary nonpolyposis, type 2|Lynch syndrome 1
MLH1	P40692	Ile219Leu	0	reviewed by expert panel	Lynch syndrome
MLH1	P40692	Gly22Ala	0	reviewed by expert panel	Lynch syndrome|Hereditary cancer-predisposing syndrome|not specified|Colorectal cancer, hereditary nonpolyposis, type 2|not provided|Colorectal cancer, hereditary nonpolyposis, type 2;Mismatch repair cancer syndrome 1;Muir-Torré syndrome|Hereditary nonpolyposis colorectal neoplasms|Malignant tumor of breast|Breast and/or ovarian cancer|Hereditary nonpolyposis colon cancer|MLH1-related disorder
MLH1	P40692	Arg226Gln	1	reviewed by expert panel	Lynch syndrome 1|Lynch-like syndrome|Endometrial carcinoma|Gastric cancer|Hereditary nonpolyposis colon cancer|Lynch syndrome|Hereditary cancer-predisposing syndrome|not provided|Colorectal cancer, hereditary nonpolyposis, type 2|Hereditary nonpolyposis colorectal neoplasms
MLH1	P40692	Arg226Leu	1	reviewed by expert panel	Lynch syndrome|not provided|Hereditary nonpolyposis colorectal neoplasms|Colorectal cancer, hereditary nonpolyposis, type 2|Hereditary cancer-predisposing syndrome|Lynch-like syndrome|Inherited MMR deficiency (Lynch syndrome)
MLH1	P40692	Gly244Asp	1	reviewed by expert panel	Lynch syndrome|Hereditary cancer-predisposing syndrome|Hereditary nonpolyposis colorectal neoplasms|not provided|Lynch syndrome 1|Colorectal cancer, hereditary nonpolyposis, type 2
MLH1	P40692	Ser247Pro	1	reviewed by expert panel	Lynch syndrome|Hereditary nonpolyposis colorectal neoplasms|Hereditary cancer-predisposing syndrome
MLH1	P40692	Ile25Phe	1	reviewed by expert panel	Lynch syndrome
MLH1	P40692	Leu260Arg	1	reviewed by expert panel	Lynch syndrome|Hereditary cancer-predisposing syndrome
MLH1	P40692	Arg265Ser	1	reviewed by expert panel	Lynch syndrome|not provided|Hereditary cancer-predisposing syndrome|Hereditary nonpolyposis colorectal neoplasms|Lynch-like syndrome|Carcinoma of colon|Colorectal cancer, hereditary nonpolyposis, type 2|Hereditary nonpolyposis colon cancer
MLH1	P40692	Glu268Gly	0	reviewed by expert panel	Carcinoma of colon|not provided|Hereditary breast ovarian cancer syndrome|Cervical cancer|Lynch syndrome|Colorectal cancer, non-polyposis|Hereditary cancer-predisposing syndrome|Colorectal cancer, hereditary nonpolyposis, type 2|not specified|Hereditary nonpolyposis colorectal neoplasms
MLH1	P40692	Pro28Leu	1	reviewed by expert panel	Lynch syndrome|Hereditary cancer-predisposing syndrome|Hereditary nonpolyposis colorectal neoplasms|not provided|MLH1-related disorder|Colorectal cancer, hereditary nonpolyposis, type 2
MLH1	P40692	Ala281Val	1	reviewed by expert panel	Lynch syndrome|Hereditary nonpolyposis colorectal neoplasms|Hereditary cancer-predisposing syndrome
MLH1	P40692	Ala282Gly	0	reviewed by expert panel	Lynch syndrome|Colorectal cancer, hereditary nonpolyposis, type 2|Hereditary cancer-predisposing syndrome
MLH1	P40692	Ala29Gly	1	reviewed by expert panel	Lynch syndrome|Hereditary cancer-predisposing syndrome|not provided|Colorectal cancer, hereditary nonpolyposis, type 2|Hereditary nonpolyposis colorectal neoplasms
MLH1	P40692	Ser295Arg	1	reviewed by expert panel	Lynch syndrome|Hereditary nonpolyposis colorectal neoplasms|Carcinoma of colon|Hereditary cancer-predisposing syndrome|Inherited MMR deficiency (Lynch syndrome)
MLH1	P40692	Ser295Gly	1	reviewed by expert panel	Lynch syndrome|Hereditary cancer-predisposing syndrome|Carcinoma of colon|Colorectal cancer, hereditary nonpolyposis, type 2|Hereditary nonpolyposis colorectal neoplasms
MLH1	P40692	Ser295Asn	1	reviewed by expert panel	Lynch syndrome|Hereditary cancer-predisposing syndrome|Hereditary nonpolyposis colorectal neoplasms|Colorectal cancer, hereditary nonpolyposis, type 2
MLH1	P40692	Asp304Val	1	reviewed by expert panel	Lynch syndrome|Lynch-like syndrome|Colorectal cancer, hereditary nonpolyposis, type 2|Hereditary cancer-predisposing syndrome
MLH1	P40692	Asn306Lys	1	reviewed by expert panel	Lynch syndrome|Hereditary nonpolyposis colorectal neoplasms|Colorectal cancer, hereditary nonpolyposis, type 2|Hereditary cancer-predisposing syndrome
MLH1	P40692	Arg325Gln	0	reviewed by expert panel	Lynch syndrome|Hereditary cancer-predisposing syndrome|not specified|Colorectal cancer, hereditary nonpolyposis, type 2|not provided|Hereditary nonpolyposis colorectal neoplasms|Breast and/or ovarian cancer|MLH1-related disorder|Muir-Torré syndrome;Colorectal cancer, hereditary nonpolyposis, type 2;Mismatch repair cancer syndrome 1
MSH2	P43246	Gly338Glu	1	reviewed by expert panel	Lynch syndrome|Lynch-like syndrome|Hereditary cancer-predisposing syndrome
MSH2	P43246	Leu341Pro	1	reviewed by expert panel	Lynch syndrome|Hereditary nonpolyposis colorectal neoplasms
MSH2	P43246	Pro349Arg	1	reviewed by expert panel	Hereditary nonpolyposis colorectal neoplasms|Lynch syndrome 1|Hereditary cancer-predisposing syndrome|not provided|Lynch syndrome
MSH2	P43246	Pro349Leu	1	reviewed by expert panel	Lynch syndrome|Hereditary cancer-predisposing syndrome|not provided|Hereditary nonpolyposis colorectal neoplasms|Lynch syndrome 1
MSH2	P43246	Arg359Ser	1	reviewed by expert panel	Lynch syndrome|Hereditary nonpolyposis colorectal neoplasms|Hereditary cancer-predisposing syndrome
MSH2	P43246	Leu414Pro	1	criteria provided, single submitter	Hereditary cancer-predisposing syndrome
MSH2	P43246	Gln419Lys	0	reviewed by expert panel	Lynch syndrome|not specified|Hereditary cancer-predisposing syndrome|not provided|Lynch syndrome 1|Hereditary breast ovarian cancer syndrome|Hereditary nonpolyposis colorectal neoplasms|Carcinoma of colon|Breast and/or ovarian cancer|Lynch syndrome 1;Mismatch repair cancer syndrome 2;Muir-Torré syndrome
MSH2	P43246	Leu440Pro	1	reviewed by expert panel	Lynch syndrome|Hereditary cancer-predisposing syndrome|Hereditary nonpolyposis colorectal neoplasms
MSH2	P43246	Met453Lys	1	reviewed by expert panel	Lynch syndrome
MSH2	P43246	His46Gln	0	reviewed by expert panel	Hereditary nonpolyposis colorectal neoplasms|Hereditary cancer-predisposing syndrome|not specified|Colorectal cancer|Lynch syndrome|Lynch syndrome 1|Malignant tumor of breast|not provided|Breast and/or ovarian cancer|Lynch syndrome 1;Mismatch repair cancer syndrome 2;Muir-Torré syndrome|MSH2-related disorder
MSH2	P43246	Ser554Gly	1	reviewed by expert panel	Lynch syndrome|Hereditary cancer-predisposing syndrome|not provided|Lynch syndrome 1|Hereditary nonpolyposis colorectal neoplasms
MSH2	P43246	Ser554Cys	1	reviewed by expert panel	Lynch syndrome
MSH2	P43246	Ser554Thr	1	reviewed by expert panel	Lynch syndrome|Hereditary cancer-predisposing syndrome|not provided|Lynch syndrome 1|Hereditary nonpolyposis colorectal neoplasms
MSH2	P43246	Thr564Ala	0	reviewed by expert panel	Lynch syndrome|not specified|Hereditary cancer-predisposing syndrome|not provided|Lynch syndrome 1|Hereditary nonpolyposis colorectal neoplasms|Carcinoma of colon|Lynch syndrome 1;Mismatch repair cancer syndrome 2;Muir-Torré syndrome|Breast and/or ovarian cancer|MSH2-related disorder
MSH2	P43246	Ala576Pro	0	criteria provided, single submitter	Hereditary nonpolyposis colorectal neoplasms
MSH2	P43246	Asn583Thr	0	criteria provided, multiple submitters, no conflicts	Hereditary nonpolyposis colorectal neoplasms|Hereditary cancer-predisposing syndrome
MSH2	P43246	Gly587Arg	1	reviewed by expert panel	Lynch syndrome|Hereditary nonpolyposis colorectal neoplasms|Hereditary cancer-predisposing syndrome|Lynch syndrome 1
MSH2	P43246	Ala600Val	1	criteria provided, multiple submitters, no conflicts	Hereditary nonpolyposis colorectal neoplasms|Hereditary cancer-predisposing syndrome
MSH2	P43246	Asp603Gly	1	reviewed by expert panel	Lynch syndrome|Hereditary nonpolyposis colorectal neoplasms|Hereditary cancer-predisposing syndrome|Lynch syndrome 1
MSH2	P43246	Gln629Arg	0	reviewed by expert panel	Lynch syndrome|not specified|Hereditary cancer-predisposing syndrome|Lynch syndrome 1|not provided|Hereditary nonpolyposis colorectal neoplasms|Carcinoma of colon|Breast and/or ovarian cancer|Lynch syndrome 1;Mismatch repair cancer syndrome 2;Muir-Torré syndrome
MSH2	P43246	Pro652His	1	reviewed by expert panel	Lynch syndrome
MSH2	P43246	Gly669Val	1	reviewed by expert panel	Lynch syndrome|Hereditary cancer-predisposing syndrome|not specified|Hereditary nonpolyposis colorectal neoplasms|not provided|Lynch syndrome 1
MSH2	P43246	Asn671Tyr	1	criteria provided, multiple submitters, no conflicts	Hereditary cancer-predisposing syndrome|Lynch syndrome 1
MSH2	P43246	Gly674Arg	1	reviewed by expert panel	Lynch syndrome|not provided|Lynch syndrome 1|Hereditary cancer-predisposing syndrome
MSH2	P43246	Gly674Asp	1	reviewed by expert panel	Lynch syndrome|not provided|Hereditary cancer-predisposing syndrome|Lynch syndrome 1
MSH2	P43246	Gly683Arg	1	reviewed by expert panel	Lynch syndrome|Hereditary cancer-predisposing syndrome|not specified|Hereditary nonpolyposis colorectal neoplasms|Hereditary nonpolyposis colon cancer|not provided|Lynch syndrome 1
MSH2	P43246	Met688Arg	1	reviewed by expert panel	Lynch syndrome|Hereditary cancer-predisposing syndrome|Hereditary nonpolyposis colorectal neoplasms|not provided|Carcinoma of colon|Lynch syndrome 1
MSH2	P43246	Gly692Arg	1	reviewed by expert panel	Lynch syndrome|Hereditary cancer-predisposing syndrome|Hereditary nonpolyposis colorectal neoplasms
MSH2	P43246	Gly692Val	1	reviewed by expert panel	Lynch syndrome 1|not provided|Hereditary cancer-predisposing syndrome|Hereditary nonpolyposis colorectal neoplasms|Hereditary nonpolyposis colon cancer
MSH2	P43246	Pro696Leu	1	reviewed by expert panel	Lynch syndrome|Hereditary cancer-predisposing syndrome|not provided|Hereditary nonpolyposis colorectal neoplasms|Lynch syndrome 1|Inherited MMR deficiency (Lynch syndrome)
MSH2	P43246	Cys697Arg	1	reviewed by expert panel	Lynch syndrome|Hereditary cancer-predisposing syndrome|Hereditary nonpolyposis colorectal neoplasms|Lynch syndrome 1;Muir-Torré syndrome;Mismatch repair cancer syndrome 2|MSH2-related disorder
MSH2	P43246	Cys697Phe	1	reviewed by expert panel	Lynch syndrome|Hereditary cancer-predisposing syndrome|Hereditary nonpolyposis colorectal neoplasms
MSH2	P43246	Ile708Asn	1	criteria provided, multiple submitters, no conflicts	Hereditary cancer-predisposing syndrome|Lynch syndrome 1
MSH2	P43246	Asp748Tyr	1	criteria provided, single submitter	Hereditary cancer-predisposing syndrome
MSH2	P43246	Glu749Lys	1	reviewed by expert panel	Lynch syndrome|Hereditary cancer-predisposing syndrome|Hereditary nonpolyposis colorectal neoplasms|Lynch syndrome 1
MSH2	P43246	Gly751Arg	1	reviewed by expert panel	Lynch syndrome|Hereditary cancer-predisposing syndrome|Lynch syndrome 1
MSH2	P43246	Thr8Met	0	reviewed by expert panel	Lynch syndrome|not specified|Lynch syndrome 1|Hereditary cancer-predisposing syndrome|not provided|Hereditary nonpolyposis colorectal neoplasms|Carcinoma of colon|Breast and/or ovarian cancer|Lynch syndrome 1;Mismatch repair cancer syndrome 2;Muir-Torré syndrome
MSH2	P43246	Ala834Thr	0	reviewed by expert panel	Lynch syndrome|Hereditary cancer-predisposing syndrome|Lynch syndrome 1|not provided|Hereditary nonpolyposis colorectal neoplasms|not specified|Lynch syndrome 1;Mismatch repair cancer syndrome 2;Muir-Torré syndrome
MSH2	P43246	Ser860Leu	0	reviewed by expert panel	Lynch syndrome|not specified|Hereditary nonpolyposis colorectal neoplasms|Hereditary cancer-predisposing syndrome|not provided|MSH2-related disorder|Lynch syndrome 1|Lynch syndrome 1;Mismatch repair cancer syndrome 2;Muir-Torré syndrome
MSH2	P43246	Thr905Arg	0	reviewed by expert panel	Hereditary nonpolyposis colorectal neoplasms|Hereditary cancer-predisposing syndrome|Lynch syndrome 1|not provided|Lynch syndrome|Muir-Torré syndrome;Mismatch repair cancer syndrome 2;Lynch syndrome 1|Inherited MMR deficiency (Lynch syndrome)
MSH2	P43246	Leu93Phe	1	reviewed by expert panel	Lynch syndrome|Hereditary cancer-predisposing syndrome|Hereditary nonpolyposis colorectal neoplasms
MSH2	P43246	Arg96His	0	reviewed by expert panel	Lynch syndrome|Hereditary cancer-predisposing syndrome|not specified|Hereditary nonpolyposis colorectal neoplasms|Lynch syndrome 1|not provided|Muir-Torré syndrome
MSH2	P43246	Arg106Lys	0	reviewed by expert panel	Lynch syndrome|Hereditary cancer-predisposing syndrome|Lynch syndrome 1|not specified|not provided|Hereditary nonpolyposis colorectal neoplasms|Breast and/or ovarian cancer
MSH2	P43246	Val161Asp	1	reviewed by expert panel	Lynch syndrome 1|Hereditary cancer-predisposing syndrome
MSH2	P43246	Gly162Arg	1	reviewed by expert panel	Lynch syndrome|Hereditary cancer-predisposing syndrome|Hereditary nonpolyposis colorectal neoplasms|Lynch syndrome 1|not provided|Hereditary nonpolyposis colon cancer|Muir-Torré syndrome|Inherited MMR deficiency (Lynch syndrome)
MSH2	P43246	Val163Asp	1	reviewed by expert panel	Lynch syndrome|Hereditary cancer-predisposing syndrome|Lynch syndrome 1|Hereditary nonpolyposis colorectal neoplasms|not provided
MSH2	P43246	Val163Gly	1	reviewed by expert panel	Lynch syndrome 1|Hereditary cancer-predisposing syndrome
MSH2	P43246	Gly164Arg	1	reviewed by expert panel	Lynch syndrome|Hereditary cancer-predisposing syndrome|Lynch-like syndrome|Hereditary nonpolyposis colon cancer|Hereditary nonpolyposis colorectal neoplasms|Lynch syndrome 1|not provided
MSH2	P43246	Tyr165Asp	1	reviewed by expert panel	Lynch syndrome|Hereditary nonpolyposis colorectal neoplasms|Hereditary cancer-predisposing syndrome
MSH2	P43246	Asp167His	0	reviewed by expert panel	Lynch syndrome 1|Hereditary cancer-predisposing syndrome|Colorectal cancer, non-polyposis|not specified|Hereditary nonpolyposis colorectal neoplasms|not provided|Breast and/or ovarian cancer|MSH2-related disorder
MSH2	P43246	Ile169Val	0	reviewed by expert panel	Lynch syndrome|Hereditary cancer-predisposing syndrome|not specified|Lynch syndrome 1|Hereditary nonpolyposis colorectal neoplasms|Hereditary breast ovarian cancer syndrome|Malignant tumor of breast|Breast and/or ovarian cancer|Lynch syndrome 1;Mismatch repair cancer syndrome 2;Muir-Torré syndrome
MSH2	P43246	Leu173Arg	1	reviewed by expert panel	Lynch syndrome 1|Lynch syndrome|Hereditary cancer-predisposing syndrome
MSH2	P43246	Leu187Pro	1	reviewed by expert panel	Lynch syndrome|Hereditary cancer-predisposing syndrome|Hereditary nonpolyposis colorectal neoplasms|Carcinoma of colon|Lynch syndrome 1
MSH2	P43246	Leu187Arg	1	reviewed by expert panel	Lynch syndrome|Hereditary nonpolyposis colorectal neoplasms|Hereditary cancer-predisposing syndrome|Lynch syndrome 1|not provided
MSH2	P43246	Glu198Gly	0	reviewed by expert panel	Lynch syndrome|Lynch syndrome 1|Hereditary cancer-predisposing syndrome|Hereditary nonpolyposis colorectal neoplasms
MSH2	P43246	Cys199Arg	1	reviewed by expert panel	Lynch syndrome|Hereditary nonpolyposis colorectal neoplasms|Lynch syndrome 1|Hereditary cancer-predisposing syndrome|not provided
MSH2	P43246	Cys199Tyr	1	criteria provided, multiple submitters, no conflicts	not provided|Hereditary cancer-predisposing syndrome|Lynch syndrome 1|Hereditary nonpolyposis colorectal neoplasms
MSH2	P43246	Val200Asp	1	reviewed by expert panel	Lynch syndrome 1|Hereditary nonpolyposis colorectal neoplasms|Hereditary cancer-predisposing syndrome
MSH2	P43246	Ser269Leu	1	criteria provided, multiple submitters, no conflicts	Hereditary nonpolyposis colorectal neoplasms|Hereditary cancer-predisposing syndrome|Lynch syndrome 1;Muir-Torré syndrome;Mismatch repair cancer syndrome 2
MSH2	P43246	Asp283Tyr	0	criteria provided, multiple submitters, no conflicts	Hereditary cancer-predisposing syndrome|Hereditary nonpolyposis colorectal neoplasms
MSH2	P43246	Leu310Pro	1	reviewed by expert panel	Lynch syndrome|Hereditary cancer-predisposing syndrome|Hereditary nonpolyposis colorectal neoplasms|Lynch syndrome 1;Mismatch repair cancer syndrome 2;Muir-Torré syndrome
MSH2	P43246	Leu310Arg	1	criteria provided, multiple submitters, no conflicts	Lynch syndrome|Hereditary nonpolyposis colorectal neoplasms|Hereditary cancer-predisposing syndrome
MSH2	P43246	Leu330Pro	1	reviewed by expert panel	Lynch syndrome|Colonic diverticula|Hereditary nonpolyposis colorectal neoplasms|Muir-Torré syndrome;Mismatch repair cancer syndrome 2;Lynch syndrome 1
MSH2	P43246	Cys333Arg	1	criteria provided, multiple submitters, no conflicts	Hereditary nonpolyposis colorectal neoplasms|Hereditary cancer-predisposing syndrome|not provided|Lynch syndrome 1
MSH2	P43246	Cys333Tyr	1	reviewed by expert panel	Lynch syndrome 1|not provided|Hereditary cancer-predisposing syndrome|Hereditary nonpolyposis colorectal neoplasms|Lynch syndrome 1;Mismatch repair cancer syndrome 1|Hereditary nonpolyposis colon cancer
BRCA1	P38398	Glu842Gly	0	reviewed by expert panel	Breast-ovarian cancer, familial, susceptibility to, 1|Hereditary cancer-predisposing syndrome|Hereditary breast ovarian cancer syndrome|not specified|not provided|Breast and/or ovarian cancer|Inherited breast cancer and ovarian cancer
BRCA1	P38398	Asn916Tyr	0	criteria provided, single submitter	Breast-ovarian cancer, familial, susceptibility to, 1|Hereditary cancer-predisposing syndrome
BRCA1	P38398	Ser1266Arg	0	criteria provided, single submitter	Breast-ovarian cancer, familial, susceptibility to, 1|Hereditary cancer-predisposing syndrome
BRCA1	P38398	Gly1515Glu	0	criteria provided, multiple submitters, no conflicts	Breast-ovarian cancer, familial, susceptibility to, 1|Hereditary cancer-predisposing syndrome|not specified|Hereditary breast ovarian cancer syndrome
BRCA1	P38398	Leu1786Pro	1	reviewed by expert panel	Breast-ovarian cancer, familial, susceptibility to, 1|Malignant tumor of breast|Hereditary breast ovarian cancer syndrome|Hereditary cancer-predisposing syndrome|not provided|BRCA1-related cancer predisposition|Triple-negative breast cancer
BRCA1	P38398	Leu1839Ser	1	reviewed by expert panel	Breast-ovarian cancer, familial, susceptibility to, 1|Hereditary cancer-predisposing syndrome|Hereditary breast ovarian cancer syndrome
BRCA2	P51587	Arg2888Cys	0	reviewed by expert panel	Breast-ovarian cancer, familial, susceptibility to, 2|Hereditary cancer-predisposing syndrome|not specified|Hereditary breast ovarian cancer syndrome|not provided
BRCA2	P51587	Ser1134Thr	0	criteria provided, multiple submitters, no conflicts	Breast-ovarian cancer, familial, susceptibility to, 2|Hereditary cancer-predisposing syndrome|Hereditary breast ovarian cancer syndrome|not provided
PAH	P00439	Leu348Val	1	criteria provided, multiple submitters, no conflicts	not provided|Phenylketonuria|See cases|Inborn genetic diseases|PAH-related disorder|Autosomal recessive PAH-related disorders
PAH	P00439	Ala403Val	1	reviewed by expert panel	not provided|Phenylketonuria|Inborn genetic diseases|PAH-related disorder|Autosomal recessive PAH-related disorders
PAH	P00439	Arg68Ser	1	reviewed by expert panel	not provided|Phenylketonuria|PAH-related disorder
PAH	P00439	Pro119Ser	1	reviewed by expert panel	Phenylketonuria|not provided|Inborn genetic diseases
PAH	P00439	Asn167Ile	1	reviewed by expert panel	not provided|Phenylketonuria
PAH	P00439	His170Asp	1	reviewed by expert panel	not provided|Phenylketonuria
PAH	P00439	Glu178Gly	1	reviewed by expert panel	not provided|Phenylketonuria|Inborn genetic diseases|6-Pyruvoyl-tetrahydrobiopterin synthase deficiency|PAH-related disorder|Autosomal recessive PAH-related disorders
PAH	P00439	Leu213Pro	1	reviewed by expert panel	not provided|Phenylketonuria
PAH	P00439	Pro281Ser	1	reviewed by expert panel	not provided|Phenylketonuria
PAH	P00439	Arg297His	1	reviewed by expert panel	not provided|Phenylketonuria|Hyperphenylalaninemia
PAH	P00439	Ala300Ser	1	reviewed by expert panel	not provided|Phenylketonuria|Hyperphenylalaninemia|Inborn genetic diseases|Autosomal recessive PAH-related disorders
PAH	P00439	Ala309Val	1	reviewed by expert panel	not provided|Phenylketonuria|PAH-related disorder
PAH	P00439	Tyr325Cys	1	reviewed by expert panel	not provided|Phenylketonuria
PTEN	P60484	Pro96Ser	1	criteria provided, single submitter	not provided
PTEN	P60484	Trp111Arg	1	reviewed by expert panel	not provided|PTEN hamartoma tumor syndrome|Hereditary cancer-predisposing syndrome|Cowden syndrome 1|Neoplasm|Autosomal dominant PTEN-related disorders
PTEN	P60484	Gly132Asp	1	reviewed by expert panel	not provided|PTEN hamartoma tumor syndrome|Hereditary cancer-predisposing syndrome|Cowden syndrome 1|Glioma susceptibility 2
PTEN	P60484	Arg15Ile	1	criteria provided, single submitter	Colorectal cancer|Hereditary cancer-predisposing syndrome
PTEN	P60484	Tyr155Asn	1	criteria provided, multiple submitters, no conflicts	Hereditary cancer-predisposing syndrome|Triple-negative breast cancer
VHL	P40337	Asn78Ser	1	reviewed by expert panel	Von Hippel-Lindau syndrome|not provided|Hereditary cancer-predisposing syndrome|Von Hippel-Lindau syndrome;Chuvash polycythemia
VHL	P40337	Pro25Leu	0	reviewed by expert panel	not specified|Von Hippel-Lindau syndrome|Hereditary cancer-predisposing syndrome|not provided|Von Hippel-Lindau syndrome;Chuvash polycythemia|Maffucci syndrome|Von Hippel-Lindau syndrome;Nonpapillary renal cell carcinoma;Chuvash polycythemia;Pheochromocytoma
BRCA2	P51587	Ser3389Phe	0	criteria provided, multiple submitters, no conflicts	Breast-ovarian cancer, familial, susceptibility to, 2|Hereditary cancer-predisposing syndrome|Hereditary breast ovarian cancer syndrome|not specified|not provided
BRCA2	P51587	Pro389Gln	0	reviewed by expert panel	Breast-ovarian cancer, familial, susceptibility to, 2|Hereditary cancer-predisposing syndrome|Hereditary breast ovarian cancer syndrome|Fanconi anemia complementation group D1|not provided|Breast neoplasm|Malignant tumor of breast|not specified|Familial cancer of breast
BRCA2	P51587	Glu919Lys	0	reviewed by expert panel	Breast-ovarian cancer, familial, susceptibility to, 2|Hereditary breast ovarian cancer syndrome|Hereditary cancer-predisposing syndrome|not provided|not specified|BRCA2-related cancer predisposition
BRCA2	P51587	Ile2490Thr	0	reviewed by expert panel	Breast-ovarian cancer, familial, susceptibility to, 2|Hereditary breast ovarian cancer syndrome|not specified|Hereditary cancer-predisposing syndrome|not provided|Breast neoplasm|Familial cancer of breast|Breast and/or ovarian cancer|8 conditions|BRCA2-related cancer predisposition
BRCA2	P51587	Arg2520Gln	0	criteria provided, multiple submitters, no conflicts	Breast-ovarian cancer, familial, susceptibility to, 2|Hereditary cancer-predisposing syndrome|not provided|Hereditary breast ovarian cancer syndrome|Malignant tumor of breast|not specified|BRCA2-related cancer predisposition
BRCA2	P51587	Leu2604Pro	1	reviewed by expert panel	Breast-ovarian cancer, familial, susceptibility to, 2|Hereditary cancer-predisposing syndrome|not provided|Hereditary breast ovarian cancer syndrome|BRCA2-related cancer predisposition
BRCA2	P51587	Ser3018Gly	1	reviewed by expert panel	Breast-ovarian cancer, familial, susceptibility to, 2|Hereditary cancer-predisposing syndrome|not provided|Hereditary breast ovarian cancer syndrome|Familial cancer of breast|BRCA2-related cancer predisposition
BRCA1	P38398	Pro334His	0	criteria provided, multiple submitters, no conflicts	Breast-ovarian cancer, familial, susceptibility to, 1|Hereditary cancer-predisposing syndrome|Hereditary breast ovarian cancer syndrome
BRCA1	P38398	Gln1273Arg	0	criteria provided, multiple submitters, no conflicts	Breast-ovarian cancer, familial, susceptibility to, 1|Hereditary cancer-predisposing syndrome|not specified|Hereditary breast ovarian cancer syndrome
BRCA1	P38398	Leu1780Arg	1	reviewed by expert panel	Breast-ovarian cancer, familial, susceptibility to, 1|Hereditary cancer-predisposing syndrome|Hereditary breast ovarian cancer syndrome|BRCA1-related cancer predisposition
RB1	P06400	Val654Met	1	criteria provided, multiple submitters, no conflicts	not provided|Retinoblastoma|Hereditary cancer-predisposing syndrome
TP53	P04637	His296Arg	1	no assertion criteria provided	not provided
PAH	P00439	Cys334Ser	1	reviewed by expert panel	not provided|Phenylketonuria
PAH	P00439	Gln336Arg	1	reviewed by expert panel	not provided|Phenylketonuria
PAH	P00439	Asp338Tyr	1	reviewed by expert panel	not provided|Phenylketonuria
PAH	P00439	Lys341Thr	1	reviewed by expert panel	not provided|Phenylketonuria
PAH	P00439	Ala342Pro	1	criteria provided, multiple submitters, no conflicts	not provided|Phenylketonuria
PAH	P00439	Tyr343Asp	1	reviewed by expert panel	not provided|Phenylketonuria
PAH	P00439	Gly344Ser	1	reviewed by expert panel	not provided|Phenylketonuria
PAH	P00439	Gly344Asp	1	reviewed by expert panel	not provided|Phenylketonuria
PAH	P00439	Ala345Thr	1	reviewed by expert panel	not provided|Phenylketonuria
PAH	P00439	Ala345Ser	1	reviewed by expert panel	not provided|Phenylketonuria|PAH-related disorder
PAH	P00439	Gly346Arg	1	reviewed by expert panel	not provided|Phenylketonuria
PAH	P00439	Leu347Phe	1	reviewed by expert panel	not provided|Phenylketonuria|not specified
PAH	P00439	Ser349Leu	1	criteria provided, multiple submitters, no conflicts	not provided|Phenylketonuria
PAH	P00439	Ser350Thr	1	reviewed by expert panel	not provided|Phenylketonuria
PAH	P00439	Gly352Arg	1	reviewed by expert panel	not provided|Phenylketonuria
PAH	P00439	Gly352Cys	1	reviewed by expert panel	not provided|Phenylketonuria
PAH	P00439	Cys357Gly	1	reviewed by expert panel	not provided|Phenylketonuria
PAH	P00439	Pro362Thr	1	criteria provided, multiple submitters, no conflicts	not provided|Phenylketonuria
PAH	P00439	Pro366His	1	reviewed by expert panel	not provided|Phenylketonuria
PAH	P00439	Thr372Ser	1	reviewed by expert panel	not provided|Phenylketonuria
PAH	P00439	Ala373Thr	1	reviewed by expert panel	not provided|Phenylketonuria
PAH	P00439	Tyr377Cys	1	reviewed by expert panel	not provided|Phenylketonuria
PAH	P00439	Tyr386Asp	1	reviewed by expert panel	not provided|Phenylketonuria
PAH	P00439	Tyr386Cys	1	reviewed by expert panel	not provided|Phenylketonuria|Polymicrogyria, perisylvian, with cerebellar hypoplasia and arthrogryposis|PAH-related disorder
PAH	P00439	Tyr387His	1	reviewed by expert panel	not provided|Phenylketonuria|Malignant tumor of breast
PAH	P00439	Val388Leu	1	reviewed by expert panel	not provided|Phenylketonuria
PAH	P00439	Phe392Ser	1	reviewed by expert panel	not provided|Phenylketonuria
PAH	P00439	Asp394His	1	reviewed by expert panel	not provided|Phenylketonuria
PAH	P00439	Asp394Ala	1	reviewed by expert panel	not provided|Phenylketonuria
PAH	P00439	Ala395Pro	1	reviewed by expert panel	not provided|Phenylketonuria
PAH	P00439	Ala395Asp	1	reviewed by expert panel	not provided|Phenylketonuria
PAH	P00439	Ala395Gly	1	criteria provided, multiple submitters, no conflicts	not provided|Phenylketonuria
PAH	P00439	Arg400Lys	1	criteria provided, multiple submitters, no conflicts	not provided|Phenylketonuria
PAH	P00439	Arg400Thr	1	reviewed by expert panel	not provided|Phenylketonuria
PAH	P00439	Phe402Leu	1	reviewed by expert panel	not provided|Phenylketonuria
PAH	P00439	Ile406Thr	1	reviewed by expert panel	not provided|Phenylketonuria
PAH	P00439	Pro407Ser	1	criteria provided, multiple submitters, no conflicts	not provided|Phenylketonuria
PAH	P00439	Leu41Phe	1	reviewed by expert panel	not provided|Phenylketonuria
PAH	P00439	Phe410Ser	1	reviewed by expert panel	not provided|Phenylketonuria
PAH	P00439	Phe410Cys	1	reviewed by expert panel	not provided|Phenylketonuria
PAH	P00439	Leu41Pro	1	reviewed by expert panel	not provided|Phenylketonuria
PAH	P00439	Arg413Ser	1	reviewed by expert panel	not provided|Phenylketonuria
PAH	P00439	Tyr417Asn	1	criteria provided, single submitter	not provided|Phenylketonuria
PAH	P00439	Tyr417His	1	criteria provided, single submitter	not provided
PAH	P00439	Thr418Pro	1	reviewed by expert panel	not provided|Phenylketonuria
PAH	P00439	Lys42Ile	1	reviewed by expert panel	not provided|Phenylketonuria
PAH	P00439	Ile421Thr	1	reviewed by expert panel	not provided|Phenylketonuria
PAH	P00439	Leu430Pro	1	reviewed by expert panel	not provided|Phenylketonuria
PAH	P00439	Ala434Asp	1	reviewed by expert panel	not provided|Phenylketonuria
PAH	P00439	Ala447Asp	1	criteria provided, multiple submitters, no conflicts	not provided|Phenylketonuria|PAH-related disorder
PAH	P00439	Leu52Ser	1	reviewed by expert panel	not provided|Phenylketonuria
PAH	P00439	Arg53Cys	1	reviewed by expert panel	not provided|Phenylketonuria|PAH-related disorder
PAH	P00439	Leu54Ser	1	reviewed by expert panel	not provided|Phenylketonuria|not specified
PAH	P00439	Glu56Asp	1	reviewed by expert panel	not provided|Phenylketonuria
PAH	P00439	Asn61Asp	1	reviewed by expert panel	not provided|Phenylketonuria
PAH	P00439	Asn61Lys	1	reviewed by expert panel	not provided|Phenylketonuria
PAH	P00439	Ile65Val	1	reviewed by expert panel	not provided|Phenylketonuria
PAH	P00439	Ile65Asn	1	reviewed by expert panel	not provided|Phenylketonuria
PAH	P00439	Ile65Ser	1	no assertion criteria provided	not provided|Phenylketonuria
PAH	P00439	Ser67Pro	1	reviewed by expert panel	not provided|Phenylketonuria
PAH	P00439	Met1Leu	1	reviewed by expert panel	not provided|Phenylketonuria
PAH	P00439	Arg68Gly	1	reviewed by expert panel	not provided|Phenylketonuria
PAH	P00439	Pro69Ser	1	reviewed by expert panel	not provided|Phenylketonuria
PAH	P00439	Ser70Pro	1	reviewed by expert panel	not provided|Phenylketonuria
PAH	P00439	Arg71His	1	reviewed by expert panel	not provided|Phenylketonuria|PAH-related disorder
PAH	P00439	Glu76Ala	1	criteria provided, single submitter	not provided|Phenylketonuria
PAH	P00439	Glu78Lys	1	reviewed by expert panel	not provided|Phenylketonuria
PAH	P00439	Thr81Pro	1	reviewed by expert panel	not provided|Phenylketonuria
PAH	P00439	Asp84Tyr	1	reviewed by expert panel	not provided|Phenylketonuria|Hyperphenylalaninemia
PAH	P00439	Ile95Phe	1	reviewed by expert panel	not provided|Phenylketonuria
PAH	P00439	Met1Arg	1	reviewed by expert panel	not provided|Phenylketonuria
PAH	P00439	Ala104Asp	1	reviewed by expert panel	not provided|Phenylketonuria|PAH-related disorder
PAH	P00439	Ser110Leu	1	reviewed by expert panel	not provided|Phenylketonuria|not specified
PAH	P00439	Pro122Gln	1	criteria provided, multiple submitters, no conflicts	not provided|Phenylketonuria
PAH	P00439	Asp129Gly	1	reviewed by expert panel	not provided|Phenylketonuria
PAH	P00439	Asp145Val	1	reviewed by expert panel	not provided|Phenylketonuria|See cases|PAH-related disorder
PAH	P00439	His146Tyr	1	criteria provided, single submitter	not provided
PAH	P00439	Pro147Ser	1	reviewed by expert panel	not provided|Phenylketonuria
PAH	P00439	Pro147Leu	1	reviewed by expert panel	not provided|Phenylketonuria
PAH	P00439	Gly148Ser	1	reviewed by expert panel	not provided|Phenylketonuria|PAH-related disorder
PAH	P00439	Asp151His	1	reviewed by expert panel	not provided|Phenylketonuria
PAH	P00439	Asp151Gly	1	reviewed by expert panel	not provided|Phenylketonuria
PAH	P00439	Tyr154His	1	reviewed by expert panel	not provided|Phenylketonuria
PAH	P00439	Arg155His	1	reviewed by expert panel	not provided|Phenylketonuria
PAH	P00439	Arg155Pro	1	reviewed by expert panel	not provided|Phenylketonuria
PAH	P00439	Ala156Pro	1	reviewed by expert panel	not provided|Phenylketonuria
PAH	P00439	Arg157Lys	1	reviewed by expert panel	not provided|Phenylketonuria
PAH	P00439	Arg157Ile	1	reviewed by expert panel	not provided|Phenylketonuria
PAH	P00439	Arg158Trp	1	reviewed by expert panel	not provided|Phenylketonuria
PAH	P00439	Phe161Ser	1	criteria provided, multiple submitters, no conflicts	not provided|Phenylketonuria
PAH	P00439	Ile164Val	1	reviewed by expert panel	not provided|Phenylketonuria|See cases|6-Pyruvoyl-tetrahydrobiopterin synthase deficiency
PAH	P00439	Ile164Thr	1	criteria provided, single submitter	not provided|Phenylketonuria
PAH	P00439	Ala165Thr	1	reviewed by expert panel	not provided|Phenylketonuria
PAH	P00439	Arg169His	1	reviewed by expert panel	not provided|Phenylketonuria|6-Pyruvoyl-tetrahydrobiopterin synthase deficiency|Inborn genetic diseases|Pulmonary hypertension, primary, 1
PAH	P00439	Gly171Arg	1	reviewed by expert panel	not provided|Phenylketonuria
PAH	P00439	Gly171Ala	1	reviewed by expert panel	not provided|Phenylketonuria
PAH	P00439	Ile174Val	1	reviewed by expert panel	not provided|Phenylketonuria
PAH	P00439	Ile174Thr	1	reviewed by expert panel	not provided|Phenylketonuria
PAH	P00439	Arg176Gln	1	reviewed by expert panel	not provided|Phenylketonuria|6-Pyruvoyl-tetrahydrobiopterin synthase deficiency|Autosomal recessive PAH-related disorders
PAH	P00439	Arg176Pro	1	criteria provided, single submitter	not provided|Phenylketonuria
PAH	P00439	Val177Met	1	reviewed by expert panel	not provided|Phenylketonuria|Hyperphenylalaninemia|PAH-related disorder
PAH	P00439	Val177Leu	1	reviewed by expert panel	not provided|Phenylketonuria|PAH-related disorder
PAH	P00439	Glu178Val	1	reviewed by expert panel	not provided|Phenylketonuria
PAH	P00439	Tyr179Asn	1	reviewed by expert panel	not provided|Phenylketonuria
PAH	P00439	Tyr179His	1	reviewed by expert panel	not provided|Phenylketonuria
PAH	P00439	Glu182Gly	1	reviewed by expert panel	not provided|Phenylketonuria
PAH	P00439	Glu183Gln	1	reviewed by expert panel	not provided|Phenylketonuria
PAH	P00439	Trp187Arg	1	reviewed by expert panel	not provided|Phenylketonuria
PAH	P00439	Trp187Cys	1	reviewed by expert panel	not provided|Phenylketonuria
PAH	P00439	Gly188Asp	1	reviewed by expert panel	not provided|Phenylketonuria
PAH	P00439	Val190Ala	1	criteria provided, multiple submitters, no conflicts	not provided|Phenylketonuria
PAH	P00439	Leu194Pro	1	reviewed by expert panel	not provided|Phenylketonuria
PAH	P00439	His201Tyr	1	reviewed by expert panel	not provided|Phenylketonuria|Hyperphenylalaninemia
PAH	P00439	His201Arg	1	criteria provided, single submitter	not provided|Phenylketonuria|PAH-related disorder
PAH	P00439	Cys203Tyr	1	reviewed by expert panel	not provided|Phenylketonuria
PAH	P00439	Cys203Trp	1	reviewed by expert panel	not provided|Phenylketonuria
PAH	P00439	Glu205Lys	1	reviewed by expert panel	not provided|Phenylketonuria
PAH	P00439	Glu205Ala	1	reviewed by expert panel	not provided|Phenylketonuria
PAH	P00439	Tyr206Cys	1	reviewed by expert panel	not provided|Phenylketonuria
PAH	P00439	Asn207Asp	1	criteria provided, single submitter	not provided|Phenylketonuria
PAH	P00439	Asn207Ser	1	reviewed by expert panel	not provided|Phenylketonuria
PAH	P00439	Pro211Thr	1	reviewed by expert panel	not provided|Phenylketonuria|6-Pyruvoyl-tetrahydrobiopterin synthase deficiency|Autosomal recessive PAH-related disorders
PAH	P00439	Leu212Pro	1	reviewed by expert panel	not provided|Phenylketonuria
PAH	P00439	Cys217Arg	1	criteria provided, multiple submitters, no conflicts	not provided|Phenylketonuria
PAH	P00439	Cys217Gly	1	reviewed by expert panel	not provided|Phenylketonuria
PAH	P00439	Gly218Val	1	reviewed by expert panel	not provided|Phenylketonuria|PAH-related disorder|Inborn genetic diseases
PAH	P00439	Asp222Gly	1	reviewed by expert panel	not provided|Phenylketonuria
PAH	P00439	Asp222Val	1	reviewed by expert panel	not provided|Phenylketonuria
PAH	P00439	Pro225Thr	1	criteria provided, multiple submitters, no conflicts	not provided|Phenylketonuria|Autosomal recessive PAH-related disorders
PAH	P00439	Pro225Ala	1	reviewed by expert panel	not provided|Phenylketonuria
PAH	P00439	Gln226His	1	reviewed by expert panel	not provided|Phenylketonuria
PAH	P00439	Val230Ile	1	reviewed by expert panel	not provided|Phenylketonuria|PAH-related disorder
PAH	P00439	Ser231Pro	1	criteria provided, multiple submitters, no conflicts	not provided|Phenylketonuria
PAH	P00439	Ser231Phe	1	criteria provided, multiple submitters, no conflicts	not provided|Phenylketonuria
PAH	P00439	Phe233Leu	1	reviewed by expert panel	not provided|Phenylketonuria
PAH	P00439	Gln235Pro	1	reviewed by expert panel	not provided|Phenylketonuria
PAH	P00439	Thr238Pro	1	reviewed by expert panel	not provided|Phenylketonuria
PAH	P00439	Gly239Ser	1	reviewed by expert panel	not provided|Phenylketonuria
PAH	P00439	Gly239Asp	1	reviewed by expert panel	not provided|Phenylketonuria
PAH	P00439	Gly239Ala	1	reviewed by expert panel	not provided|Phenylketonuria
PAH	P00439	Gly239Val	1	reviewed by expert panel	not provided|Phenylketonuria
PAH	P00439	Phe240Val	1	reviewed by expert panel	not provided|Phenylketonuria|Inborn genetic diseases
PAH	P00439	Phe240Ser	1	reviewed by expert panel	not provided|Phenylketonuria
PAH	P00439	Arg241Cys	1	reviewed by expert panel	not provided|Phenylketonuria|PAH-related disorder
PAH	P00439	Arg241His	1	reviewed by expert panel	not provided|Phenylketonuria|Inborn genetic diseases
PAH	P00439	Arg241Leu	1	reviewed by expert panel	not provided|Phenylketonuria
PAH	P00439	Leu242Phe	1	reviewed by expert panel	not provided|Phenylketonuria
PAH	P00439	Arg243Leu	1	reviewed by expert panel	not provided|Phenylketonuria
PAH	P00439	Val245Met	1	reviewed by expert panel	not provided|Phenylketonuria
PAH	P00439	Val245Leu	1	reviewed by expert panel	not provided|Phenylketonuria
PAH	P00439	Val245Glu	1	criteria provided, multiple submitters, no conflicts	not provided|Phenylketonuria
PAH	P00439	Ala246Val	1	reviewed by expert panel	not provided|Phenylketonuria
PAH	P00439	Gly247Ser	1	reviewed by expert panel	not provided|Phenylketonuria
PAH	P00439	Gly247Arg	1	reviewed by expert panel	not provided|Phenylketonuria
PAH	P00439	Gly247Val	1	criteria provided, multiple submitters, no conflicts	not provided|Phenylketonuria
PAH	P00439	Leu249Phe	1	reviewed by expert panel	not provided|Phenylketonuria
PAH	P00439	Leu249His	1	reviewed by expert panel	not provided|Phenylketonuria
PAH	P00439	Arg252Gly	1	reviewed by expert panel	not provided|Phenylketonuria
PAH	P00439	Arg252Gln	1	reviewed by expert panel	not provided|Phenylketonuria
PAH	P00439	Gly257Ser	1	reviewed by expert panel	not provided|Phenylketonuria
PAH	P00439	Gly257Val	1	reviewed by expert panel	not provided|Phenylketonuria
PAH	P00439	Ala259Thr	1	criteria provided, multiple submitters, no conflicts	not provided|Phenylketonuria
PAH	P00439	Arg261Pro	1	reviewed by expert panel	not provided|Phenylketonuria
PAH	P00439	Cys265Tyr	1	reviewed by expert panel	not provided|Phenylketonuria
PAH	P00439	Gln267Glu	1	reviewed by expert panel	not provided|Phenylketonuria
PAH	P00439	Gln267His	1	reviewed by expert panel	not provided|Phenylketonuria
PAH	P00439	Ile269Leu	1	reviewed by expert panel	not provided|Phenylketonuria
PAH	P00439	Ile269Asn	1	criteria provided, multiple submitters, no conflicts	not provided|Phenylketonuria
PAH	P00439	Arg270Gly	1	criteria provided, single submitter	not provided|Phenylketonuria
PAH	P00439	Arg270Lys	1	reviewed by expert panel	not provided|Phenylketonuria|Inborn genetic diseases
PAH	P00439	Arg270Ser	1	criteria provided, single submitter	not provided|Phenylketonuria
PAH	P00439	His271Arg	1	reviewed by expert panel	not provided|Phenylketonuria
PAH	P00439	Lys274Glu	0	reviewed by expert panel	not provided|Phenylketonuria
PAH	P00439	Pro275Ser	1	reviewed by expert panel	not provided|Phenylketonuria
PAH	P00439	Pro275Arg	1	reviewed by expert panel	not provided|Phenylketonuria
PAH	P00439	Pro275Leu	1	reviewed by expert panel	not provided|Phenylketonuria
PAH	P00439	Met276Val	1	reviewed by expert panel	not provided|Phenylketonuria
PAH	P00439	Met276Lys	1	reviewed by expert panel	not provided|Phenylketonuria
PAH	P00439	Met276Arg	1	reviewed by expert panel	not provided|Phenylketonuria
PAH	P00439	Tyr277Cys	1	reviewed by expert panel	not provided|Phenylketonuria
PAH	P00439	Thr278Ala	1	reviewed by expert panel	not provided|Phenylketonuria
PAH	P00439	Thr278Asn	1	reviewed by expert panel	not provided|Phenylketonuria
PAH	P00439	Thr278Ile	1	reviewed by expert panel	not provided|Phenylketonuria
PAH	P00439	Glu280Gln	1	criteria provided, single submitter	not provided|Phenylketonuria
PAH	P00439	Glu280Gly	1	criteria provided, single submitter	not provided|Phenylketonuria
PAH	P00439	Asp282Asn	1	criteria provided, multiple submitters, no conflicts	not provided|Phenylketonuria
PAH	P00439	Ile283Phe	1	criteria provided, multiple submitters, no conflicts	not provided|Phenylketonuria
PAH	P00439	Ile283Asn	1	reviewed by expert panel	not provided|Phenylketonuria
PAH	P00439	Cys284Arg	1	reviewed by expert panel	not provided|Phenylketonuria
PAH	P00439	Glu286Lys	1	reviewed by expert panel	not provided|Phenylketonuria
PAH	P00439	Gly289Arg	1	reviewed by expert panel	not provided|Phenylketonuria
PAH	P00439	Arg297Cys	1	reviewed by expert panel	not provided|Phenylketonuria
PAH	P00439	Ala300Val	1	reviewed by expert panel	not provided|Phenylketonuria
PAH	P00439	Ser303Pro	1	reviewed by expert panel	not provided|Phenylketonuria
PAH	P00439	Ser303Ala	1	reviewed by expert panel	not provided|Phenylketonuria
PAH	P00439	Gln304Arg	1	reviewed by expert panel	not provided|Phenylketonuria
PAH	P00439	Leu308Val	1	reviewed by expert panel	not provided|Phenylketonuria
PAH	P00439	Leu308Phe	1	reviewed by expert panel	not provided|Phenylketonuria|PAH-related disorder
PAH	P00439	Ala309Asp	1	criteria provided, multiple submitters, no conflicts	not provided|Phenylketonuria
PAH	P00439	Ser310Tyr	1	reviewed by expert panel	not provided|Phenylketonuria
PAH	P00439	Ser310Phe	1	reviewed by expert panel	not provided|Phenylketonuria
PAH	P00439	Gly312Asp	1	reviewed by expert panel	not provided|Phenylketonuria
PAH	P00439	Ala313Val	1	reviewed by expert panel	not provided|See cases|Phenylketonuria
PAH	P00439	Pro314Thr	1	reviewed by expert panel	not provided|Phenylketonuria
PAH	P00439	Pro314Ser	1	reviewed by expert panel	not provided|Phenylketonuria
PAH	P00439	Pro314His	1	reviewed by expert panel	not provided|Phenylketonuria
PAH	P00439	Asp315Tyr	1	criteria provided, single submitter	not provided|Phenylketonuria
PAH	P00439	Lys320Asn	1	criteria provided, multiple submitters, no conflicts	not provided|Phenylketonuria
PAH	P00439	Ala322Thr	1	reviewed by expert panel	not provided|Phenylketonuria|Inborn genetic diseases|6-Pyruvoyl-tetrahydrobiopterin synthase deficiency
PAH	P00439	Thr328Ala	1	reviewed by expert panel	not provided|Phenylketonuria
PAH	P00439	Glu330Asp	1	criteria provided, multiple submitters, no conflicts	not provided|Phenylketonuria
PAH	P00439	Val388Ala	1	reviewed by expert panel	Phenylketonuria
PAH	P00439	Asp394Tyr	1	reviewed by expert panel	Phenylketonuria
PAH	P00439	Val399Ala	1	reviewed by expert panel	Phenylketonuria|See cases
PAH	P00439	Phe55Ser	1	reviewed by expert panel	Phenylketonuria
PAH	P00439	Asn61Lys	1	reviewed by expert panel	Phenylketonuria
PAH	P00439	Leu197Phe	1	reviewed by expert panel	Phenylketonuria|not provided
PAH	P00439	Val262Gly	1	reviewed by expert panel	Phenylketonuria
PAH	P00439	Thr266Pro	1	reviewed by expert panel	Phenylketonuria
PAH	P00439	Pro281Ala	1	no assertion criteria provided	Phenylketonuria
PAH	P00439	Arg169Cys	1	reviewed by expert panel	Phenylketonuria|not provided
BRCA1	P38398	Asp693Tyr	0	no assertion criteria provided	Breast-ovarian cancer, familial, susceptibility to, 1
BRCA1	P38398	Asp749His	0	criteria provided, single submitter	Breast-ovarian cancer, familial, susceptibility to, 1|Hereditary cancer-predisposing syndrome
BRCA1	P38398	Ser1320Pro	0	no assertion criteria provided	Breast-ovarian cancer, familial, susceptibility to, 1
BRCA1	P38398	Ser1722Pro	1	criteria provided, multiple submitters, no conflicts	Breast-ovarian cancer, familial, susceptibility to, 1|Hereditary cancer-predisposing syndrome
BRCA2	P51587	Gln321His	0	criteria provided, single submitter	Breast-ovarian cancer, familial, susceptibility to, 2|Hereditary cancer-predisposing syndrome
BRCA2	P51587	Lys513Arg	0	reviewed by expert panel	Breast-ovarian cancer, familial, susceptibility to, 2|not specified|Hereditary cancer-predisposing syndrome|not provided|Breast and/or ovarian cancer|Hereditary breast ovarian cancer syndrome|8 conditions|BRCA2-related disorder|BRCA2-related cancer predisposition
BRCA2	P51587	Ser646Arg	0	no assertion criteria provided	Breast-ovarian cancer, familial, susceptibility to, 2
BRCA2	P51587	Lys1132Asn	0	no assertion criteria provided	Breast-ovarian cancer, familial, susceptibility to, 2
BRCA2	P51587	Ala2730Pro	1	reviewed by expert panel	Breast-ovarian cancer, familial, susceptibility to, 2|Hereditary cancer-predisposing syndrome|Hereditary breast ovarian cancer syndrome|not provided|Familial cancer of breast|BRCA2-related cancer predisposition
BRCA2	P51587	Gly3076Val	1	reviewed by expert panel	Breast-ovarian cancer, familial, susceptibility to, 2|Hereditary cancer-predisposing syndrome|Hereditary breast ovarian cancer syndrome|BRCA2-related cancer predisposition|not provided
RB1	P06400	Lys643Glu	1	no assertion criteria provided	Retinoblastoma
RB1	P06400	Asp701Asn	1	no assertion criteria provided	Retinoblastoma
RB1	P06400	His733Tyr	1	no assertion criteria provided	Retinoblastoma
RB1	P06400	Gly449Val	1	criteria provided, single submitter	Retinoblastoma
FBN1	P35555	Cys129Gly	1	no assertion criteria provided	Marfan syndrome
ATM	Q13315	Asn358Ser	0	reviewed by expert panel	Hereditary cancer-predisposing syndrome|Ataxia-telangiectasia syndrome|not specified|not provided|Malignant tumor of breast|Familial cancer of breast|Breast and/or ovarian cancer|ATM-related disorder|ATM-related cancer predisposition
ATM	Q13315	Pro604Ser	0	reviewed by expert panel	Hereditary cancer-predisposing syndrome|not specified|Ataxia-telangiectasia syndrome|not provided|Familial cancer of breast|Hereditary breast ovarian cancer syndrome|Malignant tumor of breast|Breast and/or ovarian cancer|ATM-related disorder|ATM-related cancer predisposition
ATM	Q13315	Ser978Pro	0	reviewed by expert panel	Hereditary cancer-predisposing syndrome|Ataxia-telangiectasia syndrome|not specified|not provided|Malignant tumor of breast|Breast and/or ovarian cancer|Familial cancer of breast|ATM-related cancer predisposition
ATM	Q13315	Ala1309Thr	0	reviewed by expert panel	Hereditary cancer-predisposing syndrome|Ataxia-telangiectasia syndrome|not specified|not provided|Hereditary breast ovarian cancer syndrome|Malignant tumor of breast|Breast and/or ovarian cancer|Familial cancer of breast|ATM-related cancer predisposition
ATM	Q13315	Thr1743Ile	1	reviewed by expert panel	not provided|Ataxia-telangiectasia syndrome|Hereditary cancer-predisposing syndrome|Familial cancer of breast|ATM-related cancer predisposition
ATM	Q13315	Val1941Leu	0	reviewed by expert panel	Hereditary cancer-predisposing syndrome|Ataxia-telangiectasia syndrome|not provided|Familial cancer of breast;Ataxia-telangiectasia syndrome|not specified|Familial cancer of breast|Breast and/or ovarian cancer|ATM-related disorder|ATM-related cancer predisposition|Hereditary breast ovarian cancer syndrome
ATM	Q13315	Arg2832Cys	1	reviewed by expert panel	Hereditary cancer-predisposing syndrome|Ataxia-telangiectasia syndrome|not provided|Familial cancer of breast|Abnormal central motor function|Gastric cancer|ATM-related cancer predisposition|Familial cancer of breast;Ataxia-telangiectasia syndrome|Diffuse midline glioma, H3 K27M-mutant
MLH1	P40692	Ser692Pro	0	reviewed by expert panel	not provided|Hereditary nonpolyposis colorectal neoplasms|Lynch syndrome 1|Hereditary cancer-predisposing syndrome|not specified|Lynch syndrome
PTEN	P60484	Ser294Arg	0	reviewed by expert panel	Hereditary cancer-predisposing syndrome|not specified|PTEN hamartoma tumor syndrome|Cowden syndrome 1|not provided|See cases|Macrocephaly-autism syndrome;Familial meningioma;Prostate cancer;Cowden syndrome 1;Glioma susceptibility 2|Macrocephaly-autism syndrome;Cowden syndrome 1|PTEN-related disorder
PTEN	P60484	Gln298Glu	0	reviewed by expert panel	Hereditary cancer-predisposing syndrome|Cowden syndrome 1|PTEN hamartoma tumor syndrome|not specified|11 conditions|not provided|Familial ovarian cancer|Familial cancer of breast|Glioma susceptibility 2|PTEN-related disorder
TP53	P04637	Val10Ile	0	reviewed by expert panel	Hereditary cancer-predisposing syndrome|Li-Fraumeni syndrome|not provided|Li-Fraumeni syndrome 1|not specified|Squamous cell carcinoma of the head and neck|TP53-related disorder
TP53	P04637	Arg110His	0	reviewed by expert panel	Hereditary cancer-predisposing syndrome|not specified|Li-Fraumeni syndrome|Li-Fraumeni syndrome 1|not provided|Malignant tumor of breast|TP53-related disorder
TP53	P04637	Tyr163Cys	1	reviewed by expert panel	not provided|Hereditary cancer-predisposing syndrome|Li-Fraumeni syndrome|Ovarian neoplasm|Li-Fraumeni syndrome 1|Neoplasm|Diffuse midline glioma, H3 K27M-mutant
TP53	P04637	Pro191Arg	0	reviewed by expert panel	not specified|Li-Fraumeni syndrome|Hereditary cancer-predisposing syndrome|Li-Fraumeni syndrome 1|not provided
TP53	P04637	Tyr220Cys	1	reviewed by expert panel	Hereditary cancer-predisposing syndrome|not provided|Li-Fraumeni syndrome|Squamous cell carcinoma of the head and neck|Ovarian neoplasm|Li-Fraumeni syndrome 1|B-cell chronic lymphocytic leukemia|Breast carcinoma|12 conditions|Gastric cancer|TP53-related disorder|Adrenocortical carcinoma, hereditary|Adrenal cortex carcinoma|Neoplasm|Familial cancer of breast|Malignant tumor of urinary bladder|Lung cancer|Adenocarcinoma of the large intestine|Ovarian mucinous adenocarcinoma|Pancreatic adenocarcinoma|Colon adenocarcinoma|Sarcoma|Glioma susceptibility 1|Astrocytoma IDH-mutant|Squamous cell lung carcinoma|Malignant tumor of esophagus|Embryonal rhabdomyosarcoma|Diffuse midline glioma, H3 K27M-mutant
TP53	P04637	Asn235Ser	0	reviewed by expert panel	Hereditary cancer-predisposing syndrome|not specified|Rhabdomyosarcoma|not provided|Li-Fraumeni syndrome 1|Squamous cell carcinoma of the head and neck|Li-Fraumeni syndrome|Breast and/or ovarian cancer|TP53-related disorder
TP53	P04637	Arg283Cys	0	reviewed by expert panel	Hereditary cancer-predisposing syndrome|not specified|Neoplasm of stomach|Li-Fraumeni syndrome|Li-Fraumeni syndrome 1|not provided|Malignant tumor of breast|12 conditions|Malignant glioma
TP53	P04637	Arg290His	0	reviewed by expert panel	Hereditary cancer-predisposing syndrome|Li-Fraumeni syndrome|not specified|Li-Fraumeni syndrome 1|not provided|Familial ovarian cancer|Breast and/or ovarian cancer|TP53-related disorder
TP53	P04637	Gly293Trp	0	reviewed by expert panel	Hereditary cancer-predisposing syndrome|not provided|Li-Fraumeni syndrome 1|Li-Fraumeni syndrome|not specified|Familial cancer of breast;Li-Fraumeni syndrome 1
VHL	P40337	Ala149Ser	1	criteria provided, multiple submitters, no conflicts	not provided|Von Hippel-Lindau syndrome|Hereditary cancer-predisposing syndrome|Chuvash polycythemia;Von Hippel-Lindau syndrome
ATM	Q13315	Asp1853Asn	0	criteria provided, multiple submitters, no conflicts	not specified|Hereditary cancer-predisposing syndrome|Ataxia-telangiectasia syndrome|not provided|Hereditary breast ovarian cancer syndrome|Familial cancer of breast|ATM-related cancer predisposition
TP53	P04637	His296Tyr	0	reviewed by expert panel	Sarcoma|not provided|Li-Fraumeni syndrome|Hereditary cancer-predisposing syndrome|not specified|Hereditary breast ovarian cancer syndrome
ATM	Q13315	Asp814Glu	0	criteria provided, multiple submitters, no conflicts	not specified|Hereditary cancer-predisposing syndrome|Ataxia-telangiectasia syndrome|Malignant tumor of breast|not provided|Hereditary breast ovarian cancer syndrome|Familial cancer of breast;Ataxia-telangiectasia syndrome|Breast and/or ovarian cancer|Familial cancer of breast
ATM	Q13315	Pro872Ser	0	reviewed by expert panel	not specified|Hereditary cancer-predisposing syndrome|Ataxia-telangiectasia syndrome|not provided|Malignant tumor of breast|Familial cancer of breast|Hereditary breast ovarian cancer syndrome|Ataxia-telangiectasia syndrome;Familial cancer of breast|Breast and/or ovarian cancer|ATM-related cancer predisposition
ATM	Q13315	His1380Tyr	0	criteria provided, multiple submitters, no conflicts	not specified|Hereditary cancer-predisposing syndrome|Ataxia-telangiectasia syndrome|not provided|Hereditary breast ovarian cancer syndrome|Breast and/or ovarian cancer|Familial cancer of breast
ATM	Q13315	Arg1898Gln	0	reviewed by expert panel	not specified|Hereditary cancer-predisposing syndrome|Ataxia-telangiectasia syndrome|Malignant tumor of breast|not provided|Breast and/or ovarian cancer|ATM-related disorder|Familial cancer of breast|ATM-related cancer predisposition
ATM	Q13315	Lys92Thr	0	reviewed by expert panel	not specified|Hereditary cancer-predisposing syndrome|Ataxia-telangiectasia syndrome|not provided|Familial cancer of breast;Ataxia-telangiectasia syndrome|Familial cancer of breast|ATM-related cancer predisposition
ATM	Q13315	Leu2332Pro	0	reviewed by expert panel	not specified|Hereditary cancer-predisposing syndrome|not provided|Ataxia-telangiectasia syndrome|Malignant tumor of breast|Familial cancer of breast|Breast and/or ovarian cancer|Hereditary breast ovarian cancer syndrome|Familial cancer of breast;Ataxia-telangiectasia syndrome|ATM-related cancer predisposition
BRCA2	P51587	Leu824Ser	0	reviewed by expert panel	not specified|Hereditary cancer-predisposing syndrome|Hereditary breast ovarian cancer syndrome|Ovarian cancer|Breast-ovarian cancer, familial, susceptibility to, 2|BRCA2-related cancer predisposition
BRCA2	P51587	Val2466Ala	0	criteria provided, multiple submitters, no conflicts	not specified|Breast ductal adenocarcinoma|Hereditary breast ovarian cancer syndrome|Breast-ovarian cancer, familial, susceptibility to, 2|not provided|BRCA2-related cancer predisposition|Familial cancer of breast
EGFR	P00533	Arg521Lys	0	criteria provided, multiple submitters, no conflicts	not specified|not provided|EGFR-related lung cancer|Inflammatory skin and bowel disease, neonatal, 2|Cholangiocarcinoma|Lung cancer|Hereditary cancer-predisposing syndrome
TP53	P04637	Ser366Ala	0	reviewed by expert panel	not specified|Hereditary cancer-predisposing syndrome|Squamous cell carcinoma of the head and neck|Li-Fraumeni syndrome|not provided|Malignant tumor of breast|Breast and/or ovarian cancer|TP53-related disorder
VHL	P40337	Pro40Leu	0	reviewed by expert panel	not specified|Chuvash polycythemia;Von Hippel-Lindau syndrome|Hereditary cancer-predisposing syndrome|Von Hippel-Lindau syndrome|not provided|Ovarian cancer
TP53	P04637	Asp49His	0	reviewed by expert panel	Li-Fraumeni syndrome|Hereditary cancer-predisposing syndrome|Li-Fraumeni syndrome 1|Hereditary breast ovarian cancer syndrome|not specified
PTEN	P60484	Ser360Gly	0	reviewed by expert panel	Hereditary cancer-predisposing syndrome|PTEN hamartoma tumor syndrome|Cowden syndrome 1|not provided|Hereditary breast ovarian cancer syndrome|not specified
TP53	P04637	Asp7Glu	0	reviewed by expert panel	Hereditary cancer-predisposing syndrome|not specified|Li-Fraumeni syndrome|not provided
TP53	P04637	Tyr107His	0	reviewed by expert panel	Hereditary cancer-predisposing syndrome|not specified|Li-Fraumeni syndrome 1|not provided|Li-Fraumeni syndrome|12 conditions|Breast and/or ovarian cancer|TP53-related disorder|Familial cancer of breast;Li-Fraumeni syndrome 1;Familial pancreatic carcinoma
ATM	Q13315	Ser1983Asn	0	criteria provided, multiple submitters, no conflicts	Hereditary cancer-predisposing syndrome|Familial cancer of breast|Ataxia-telangiectasia syndrome
TP53	P04637	Arg282Gly	1	criteria provided, multiple submitters, no conflicts	Hereditary cancer-predisposing syndrome|Ovarian neoplasm|Li-Fraumeni syndrome|Li-Fraumeni syndrome 1|not provided
ATM	Q13315	Asp2016Gly	1	reviewed by expert panel	Hereditary cancer-predisposing syndrome|Ataxia-telangiectasia syndrome|not provided|Breast carcinoma|Abnormal central motor function|Familial cancer of breast|Familial cancer of breast;Ataxia-telangiectasia syndrome|ATM-related cancer predisposition
TP53	P04637	Ala84Thr	0	reviewed by expert panel	Hereditary cancer-predisposing syndrome|Li-Fraumeni syndrome 1|Li-Fraumeni syndrome|not specified
BRCA2	P51587	Phe3057Val	0	criteria provided, single submitter	Hereditary cancer-predisposing syndrome
TP53	P04637	Asp48Glu	0	reviewed by expert panel	Hereditary cancer-predisposing syndrome|Li-Fraumeni syndrome
TP53	P04637	Val122Met	0	reviewed by expert panel	Hereditary cancer-predisposing syndrome|Li-Fraumeni syndrome|not specified
TP53	P04637	Thr312Ser	0	reviewed by expert panel	Hereditary cancer-predisposing syndrome|Li-Fraumeni syndrome|not provided|Li-Fraumeni syndrome 1|not specified|TP53-related disorder
BRCA2	P51587	Lys3015Glu	0	reviewed by expert panel	Hereditary cancer-predisposing syndrome|not provided|Hereditary breast ovarian cancer syndrome|Breast-ovarian cancer, familial, susceptibility to, 2|not specified
TP53	P04637	Asp281Gly	1	criteria provided, multiple submitters, no conflicts	Hereditary cancer-predisposing syndrome|Li-Fraumeni syndrome|Li-Fraumeni syndrome 1|not provided
TP53	P04637	Arg335Cys	0	reviewed by expert panel	Hereditary cancer-predisposing syndrome|not provided|Li-Fraumeni syndrome|Adrenocortical carcinoma, hereditary
TP53	P04637	Gly262Ser	0	reviewed by expert panel	Hereditary cancer-predisposing syndrome|Li-Fraumeni syndrome|not provided|Li-Fraumeni syndrome 1|TP53-related disorder|Adrenocortical carcinoma, hereditary
BRCA2	P51587	Leu2587Phe	0	reviewed by expert panel	Hereditary cancer-predisposing syndrome|not specified|Hereditary breast ovarian cancer syndrome|Breast-ovarian cancer, familial, susceptibility to, 2|Carcinoma of colon|not provided|BRCA2-related disorder|BRCA2-related cancer predisposition
TP53	P04637	Ser185Asn	0	reviewed by expert panel	Hereditary cancer-predisposing syndrome|Li-Fraumeni syndrome|Li-Fraumeni syndrome 1|not provided|not specified
TP53	P04637	Glu388Ala	0	reviewed by expert panel	Hereditary cancer-predisposing syndrome|Li-Fraumeni syndrome|not provided
TP53	P04637	Glu298Lys	0	reviewed by expert panel	Hereditary cancer-predisposing syndrome|Li-Fraumeni syndrome|Li-Fraumeni syndrome 1|not provided|Malignant tumor of breast|Carcinoma of colon|not specified
BRCA2	P51587	Thr3030Ile	0	criteria provided, single submitter	Hereditary cancer-predisposing syndrome
ATM	Q13315	Arg1095Lys	1	reviewed by expert panel	Hereditary cancer-predisposing syndrome|Ataxia-telangiectasia syndrome|ATM-related cancer predisposition|Familial cancer of breast
TP53	P04637	Ala74Val	0	reviewed by expert panel	Hereditary cancer-predisposing syndrome|not provided|Li-Fraumeni syndrome|not specified
BRCA2	P51587	Arg2336Gly	0	criteria provided, single submitter	Hereditary cancer-predisposing syndrome
TP53	P04637	Glu171Lys	0	reviewed by expert panel	Hereditary cancer-predisposing syndrome|Li-Fraumeni syndrome|not provided
TP53	P04637	Pro36Gln	0	reviewed by expert panel	Hereditary cancer-predisposing syndrome|not provided|Li-Fraumeni syndrome|Li-Fraumeni syndrome 1|not specified
ATM	Q13315	Arg3008His	1	reviewed by expert panel	Hereditary cancer-predisposing syndrome|Ataxia-telangiectasia syndrome|not provided|Malignant tumor of breast|Familial cancer of breast|Gastric cancer|Familial cancer of breast;Ataxia-telangiectasia syndrome|Diffuse midline glioma, H3 K27M-mutant|Hereditary breast ovarian cancer syndrome|Inherited breast cancer and ovarian cancer|ATM-related cancer predisposition
BRCA2	P51587	Leu2396Phe	0	reviewed by expert panel	Hereditary cancer-predisposing syndrome|not specified|Hereditary breast ovarian cancer syndrome|not provided|Breast-ovarian cancer, familial, susceptibility to, 2
ATM	Q13315	Asp2708Glu	1	criteria provided, multiple submitters, no conflicts	Hereditary cancer-predisposing syndrome|Ataxia-telangiectasia syndrome
PTEN	P60484	Ser229Thr	0	reviewed by expert panel	Hereditary cancer-predisposing syndrome|not provided|Cowden syndrome 1|PTEN hamartoma tumor syndrome
TP53	P04637	Glu339Gln	0	reviewed by expert panel	Hereditary cancer-predisposing syndrome|not provided|Li-Fraumeni syndrome|Familial cancer of breast;Li-Fraumeni syndrome 1
TP53	P04637	Gly360Ala	0	reviewed by expert panel	Hereditary cancer-predisposing syndrome|not specified|not provided|Li-Fraumeni syndrome 1|Li-Fraumeni syndrome|Hereditary breast ovarian cancer syndrome|Breast and/or ovarian cancer|Li-Fraumeni syndrome 1;Familial cancer of breast
PTEN	P60484	Arg130Pro	1	reviewed by expert panel	Hereditary cancer-predisposing syndrome|PTEN hamartoma tumor syndrome|Cowden syndrome 1
ATM	Q13315	Arg3008Cys	1	reviewed by expert panel	Hereditary cancer-predisposing syndrome|Ataxia-telangiectasia syndrome|not provided|Familial cancer of breast|Gastric cancer|ATM-related cancer predisposition|Familial cancer of breast;Ataxia-telangiectasia syndrome|Medulloblastoma WNT activated
PTEN	P60484	Tyr174Asn	1	reviewed by expert panel	Hereditary cancer-predisposing syndrome|PTEN hamartoma tumor syndrome
PTEN	P60484	Cys105Tyr	1	reviewed by expert panel	Hereditary cancer-predisposing syndrome|not provided|PTEN hamartoma tumor syndrome
PTEN	P60484	Pro246Leu	1	reviewed by expert panel	Hereditary cancer-predisposing syndrome|not provided|PTEN hamartoma tumor syndrome|Cowden syndrome 1|Breast and/or ovarian cancer|Gastric cancer|Familial meningioma;Cowden syndrome 1;Glioma susceptibility 2;Familial prostate cancer;Macrocephaly-autism syndrome|Macrocephaly-autism syndrome
TP53	P04637	Arg333His	0	reviewed by expert panel	Hereditary cancer-predisposing syndrome|Li-Fraumeni syndrome|not provided|Li-Fraumeni syndrome 1|not specified|TP53-related disorder|Familial cancer of breast;Li-Fraumeni syndrome 1
MLH1	P40692	Tyr379Cys	0	reviewed by expert panel	Hereditary cancer-predisposing syndrome|Hereditary nonpolyposis colorectal neoplasms|Colorectal cancer, hereditary nonpolyposis, type 2|not provided|Lynch syndrome|MLH1-related disorder|Muir-Torré syndrome|not specified
TP53	P04637	Ser303Gly	0	reviewed by expert panel	Hereditary cancer-predisposing syndrome|Li-Fraumeni syndrome|not provided
TP53	P04637	Val73Met	0	reviewed by expert panel	Hereditary cancer-predisposing syndrome|Li-Fraumeni syndrome|not provided|not specified|Li-Fraumeni syndrome;Familial pancreatic carcinoma;Hereditary breast ovarian cancer syndrome
BRCA2	P51587	Phe266Leu	0	criteria provided, multiple submitters, no conflicts	Hereditary cancer-predisposing syndrome|not provided|Hereditary breast ovarian cancer syndrome|not specified|BRCA2-related cancer predisposition
TP53	P04637	Gly108Ser	0	reviewed by expert panel	Hereditary cancer-predisposing syndrome|Li-Fraumeni syndrome|not provided|Hereditary breast ovarian cancer syndrome|Adrenocortical carcinoma, hereditary|not specified
PTEN	P60484	Phe200Val	1	criteria provided, single submitter	Hereditary cancer-predisposing syndrome
TP53	P04637	Arg337Cys	1	reviewed by expert panel	Hereditary cancer-predisposing syndrome|Li-Fraumeni syndrome|Ovarian neoplasm|Li-Fraumeni syndrome 1|not provided|Adrenocortical carcinoma, hereditary|Neoplasm
TP53	P04637	Leu35Phe	0	reviewed by expert panel	Hereditary cancer-predisposing syndrome|not provided|Li-Fraumeni syndrome|not specified
MSH2	P43246	Phe523Ser	1	criteria provided, multiple submitters, no conflicts	Hereditary cancer-predisposing syndrome|Lynch syndrome 1
TP53	P04637	Arg181Cys	1	reviewed by expert panel	Hereditary cancer-predisposing syndrome|Li-Fraumeni syndrome|not provided|Adrenocortical carcinoma, hereditary|Familial cancer of breast|Neoplasm|Li-Fraumeni syndrome 1|Colorectal cancer
BRCA2	P51587	Asn3187Lys	0	criteria provided, single submitter	Hereditary cancer-predisposing syndrome
BRCA2	P51587	Asp1911Gly	0	criteria provided, multiple submitters, no conflicts	Hereditary cancer-predisposing syndrome
TP53	P04637	Met237Ile	1	reviewed by expert panel	Hereditary cancer-predisposing syndrome|Li-Fraumeni syndrome|not specified|Ovarian neoplasm|Breast and/or ovarian cancer|Li-Fraumeni syndrome 1|not provided|Adrenocortical carcinoma, hereditary|Neoplasm|Clear cell sarcoma
TP53	P04637	Pro152Leu	1	reviewed by expert panel	Hereditary cancer-predisposing syndrome|Li-Fraumeni syndrome|not provided|Li-Fraumeni syndrome 1|Familial cancer of breast|Lip and oral cavity carcinoma|Squamous cell carcinoma of the head and neck|Adrenocortical carcinoma, hereditary|Neoplasm|TP53-related disorder|Diffuse glioma, H3 G34 mutant
BRCA2	P51587	Phe2562Cys	1	reviewed by expert panel	Hereditary cancer-predisposing syndrome|Hereditary breast ovarian cancer syndrome|not provided|Familial cancer of breast|Breast-ovarian cancer, familial, susceptibility to, 2|BRCA2-related disorder|BRCA2-related cancer predisposition
TP53	P04637	Arg337Leu	1	reviewed by expert panel	Hereditary cancer-predisposing syndrome|Ovarian neoplasm|Li-Fraumeni syndrome 1|not provided|Li-Fraumeni syndrome|Rhabdomyosarcoma
TP53	P04637	Pro72Ala	0	reviewed by expert panel	Hereditary cancer-predisposing syndrome|Li-Fraumeni syndrome 1|Li-Fraumeni syndrome|not provided|12 conditions|Familial pancreatic carcinoma|TP53-related disorder
ATM	Q13315	Ile190Lys	0	criteria provided, single submitter	Hereditary cancer-predisposing syndrome
BRCA1	P38398	His1805Tyr	0	criteria provided, single submitter	Hereditary cancer-predisposing syndrome|Breast-ovarian cancer, familial, susceptibility to, 1
BRCA2	P51587	Ala2825Ser	0	criteria provided, single submitter	Hereditary cancer-predisposing syndrome
PTEN	P60484	Pro354Gln	0	reviewed by expert panel	Hereditary cancer-predisposing syndrome|not specified|PTEN hamartoma tumor syndrome|Cowden syndrome 1|not provided|Malignant tumor of breast|Familial meningioma;Cowden syndrome 1;Glioma susceptibility 2;Macrocephaly-autism syndrome;Prostate cancer|Breast and/or ovarian cancer|PTEN-related disorder
FBN1	P35555	Cys499Tyr	1	criteria provided, multiple submitters, no conflicts	Marfan syndrome|Marfan syndrome;Familial thoracic aortic aneurysm and aortic dissection
FBN1	P35555	Cys1928Phe	1	criteria provided, single submitter	Familial thoracic aortic aneurysm and aortic dissection;Marfan syndrome
KRAS	P01116	Asn116Ser	1	criteria provided, single submitter	Noonan syndrome 1|not provided
BRCA1	P38398	Lys556Gln	0	criteria provided, single submitter	Breast-ovarian cancer, familial, susceptibility to, 1|Hereditary cancer-predisposing syndrome
BRCA2	P51587	Gln713Pro	0	criteria provided, single submitter	Breast-ovarian cancer, familial, susceptibility to, 2|Hereditary cancer-predisposing syndrome
MSH2	P43246	Ile930Lys	0	criteria provided, single submitter	Lynch syndrome 1|Hereditary cancer-predisposing syndrome
EGFR	P00533	Gly428Asp	1	criteria provided, single submitter	Inflammatory skin and bowel disease, neonatal, 2|EGFR-related lung cancer
VHL	P40337	Glu52Lys	0	reviewed by expert panel	Von Hippel-Lindau syndrome|Chuvash polycythemia;Von Hippel-Lindau syndrome|Hereditary cancer-predisposing syndrome|not provided|Hepatoblastoma|not specified|Enchondromatosis|VHL-related disorder
LDLR	P01130	Gly20Arg	0	reviewed by expert panel	not provided|Hypercholesterolemia, familial, 1|not specified|Familial hypercholesterolemia|Hypercholesterolemia|Cardiovascular phenotype|LDLR-related disorder
LDLR	P01130	Glu101Lys	1	reviewed by expert panel	not provided|Hypercholesterolemia, familial, 1|Familial hypercholesterolemia|Homozygous familial hypercholesterolemia|Hypercholesterolemia|Cardiovascular phenotype|Dyslipidemia
LDLR	P01130	Asp266Glu	1	reviewed by expert panel	not provided|Hypercholesterolemia, familial, 1|Familial hypercholesterolemia|Homozygous familial hypercholesterolemia|Hypercholesterolemia|Cardiovascular phenotype|See cases|Dyslipidemia
LDLR	P01130	Gly269Asp	0	reviewed by expert panel	not provided|Hypercholesterolemia, familial, 1|Familial hypercholesterolemia|Hypercholesterolemia|Cardiovascular phenotype|not specified
LDLR	P01130	Glu288Lys	1	reviewed by expert panel	Hypercholesterolemia, familial, 1|Homozygous familial hypercholesterolemia|Familial hypercholesterolemia|not provided|Hypercholesterolemia|Cardiovascular phenotype|LDLR-related disorder
LDLR	P01130	Gly324Ser	0	reviewed by expert panel	not provided|Hypercholesterolemia, familial, 1|not specified|Familial hypercholesterolemia|Hypercholesterolemia|Cardiovascular phenotype
LDLR	P01130	Asp342Asn	0	reviewed by expert panel	not provided|not specified|Hypercholesterolemia, familial, 1|Familial hypercholesterolemia|Hypercholesterolemia|Cardiovascular phenotype
LDLR	P01130	Thr413Met	1	reviewed by expert panel	Hypercholesterolemia, familial, 1|not provided|Familial hypercholesterolemia|Hypercholesterolemia|Cardiovascular phenotype
LDLR	P01130	Gly478Arg	1	reviewed by expert panel	Hypercholesterolemia, familial, 1|Familial hypercholesterolemia|Homozygous familial hypercholesterolemia|not provided|Hypercholesterolemia|Cardiovascular phenotype
LDLR	P01130	Asp482Asn	1	reviewed by expert panel	Hypercholesterolemia, familial, 1|not provided|Familial hypercholesterolemia|Hypercholesterolemia|Cardiovascular phenotype|Dyslipidemia
LDLR	P01130	Asp492Asn	1	reviewed by expert panel	not provided|Hypercholesterolemia, familial, 1|Familial hypercholesterolemia|Hypercholesterolemia|Cardiovascular phenotype|Dyslipidemia
LDLR	P01130	Gly592Glu	1	reviewed by expert panel	not provided|Hypercholesterolemia, familial, 1|Familial hypercholesterolemia|Homozygous familial hypercholesterolemia|Hypercholesterolemia|Cardiovascular phenotype|Syndromic X-linked intellectual disability Najm type|See cases|Dyslipidemia
LDLR	P01130	Arg595Trp	1	reviewed by expert panel	Hypercholesterolemia, familial, 1|not provided|Familial hypercholesterolemia|Hypercholesterolemia|Cardiovascular phenotype
LDLR	P01130	Asn825Lys	1	reviewed by expert panel	Hypercholesterolemia, familial, 1|Familial hypercholesterolemia|Hypercholesterolemia|not provided|Cardiovascular phenotype
CFTR	P13569	Asn900Lys	1	no assertion criteria provided	Cystic fibrosis
BRAF	P15056	Phe595Leu	1	reviewed by expert panel	Cardio-facio-cutaneous syndrome|not provided|RASopathy|Noonan syndrome 7|Cardiofaciocutaneous syndrome 1
BRAF	P15056	Leu485Phe	1	reviewed by expert panel	RASopathy|Noonan syndrome;Cardio-facio-cutaneous syndrome|Noonan syndrome|Cardio-facio-cutaneous syndrome|not provided|Cardiofaciocutaneous syndrome 1
BRAF	P15056	Asp638Glu	1	criteria provided, multiple submitters, no conflicts	Cardio-facio-cutaneous syndrome|not provided|Inborn genetic diseases|RASopathy|Cardiofaciocutaneous syndrome 1|Noonan syndrome 1|Melanoma|Noonan syndrome 7|BRAF-related disorder
BRAF	P15056	Asn581Ser	1	criteria provided, single submitter	Non-small cell lung carcinoma|Lung adenocarcinoma|Neoplasm
KRAS	P01116	Phe156Ile	1	criteria provided, multiple submitters, no conflicts	Noonan syndrome;Cardio-facio-cutaneous syndrome|not provided|Noonan syndrome 3
KRAS	P01116	Arg97Lys	1	no assertion criteria provided	Non-small cell lung carcinoma
KRAS	P01116	Gln61Lys	1	criteria provided, single submitter	Non-small cell lung carcinoma|Colon adenocarcinoma|Thyroid cancer, nonmedullary, 1
FBN1	P35555	Arg627Cys	1	criteria provided, multiple submitters, no conflicts	Marfan syndrome|Marfan syndrome;Familial thoracic aortic aneurysm and aortic dissection|8 conditions|Marfan Syndrome/Loeys-Dietz Syndrome/Familial Thoracic Aortic Aneurysms and Dissections|not provided|Familial thoracic aortic aneurysm and aortic dissection|Cardiovascular phenotype
FBN1	P35555	Ala27Thr	0	reviewed by expert panel	not specified|Familial thoracic aortic aneurysm and aortic dissection|Geleophysic dysplasia|Stiff skin syndrome|Ectopia lentis 1, isolated, autosomal dominant|Marfan syndrome|Weill-Marchesani syndrome|Acromicric dysplasia|not provided|Marfan syndrome;Familial thoracic aortic aneurysm and aortic dissection
FBN1	P35555	Gly2514Arg	1	reviewed by expert panel	not specified|Marfan syndrome|Marfan syndrome;Familial thoracic aortic aneurysm and aortic dissection|not provided|Isolated thoracic aortic aneurysm|Marfan Syndrome/Loeys-Dietz Syndrome/Familial Thoracic Aortic Aneurysms and Dissections|FBN1-related disorder|Familial thoracic aortic aneurysm and aortic dissection
FBN1	P35555	Asp1197His	1	criteria provided, single submitter	Marfan syndrome
FBN1	P35555	Cys981Ser	1	criteria provided, multiple submitters, no conflicts	Marfan syndrome|not provided
TP53	P04637	Arg337Pro	1	reviewed by expert panel	Li-Fraumeni syndrome|Hereditary cancer-predisposing syndrome|Li-Fraumeni syndrome 1
VHL	P40337	Trp117Cys	1	criteria provided, multiple submitters, no conflicts	Von Hippel-Lindau syndrome|not provided|Hereditary cancer-predisposing syndrome
FBN1	P35555	Phe1954Cys	1	criteria provided, multiple submitters, no conflicts	Marfan syndrome|Marfan syndrome;Familial thoracic aortic aneurysm and aortic dissection
FBN1	P35555	Tyr1509Cys	1	reviewed by expert panel	Familial thoracic aortic aneurysm and aortic dissection|Familial thoracic aortic aneurysm and aortic dissection;Marfan syndrome|Marfan syndrome
FBN1	P35555	Cys1485Arg	1	criteria provided, single submitter	Familial thoracic aortic aneurysm and aortic dissection;Marfan syndrome
FBN1	P35555	Cys1044Tyr	1	criteria provided, single submitter	Familial thoracic aortic aneurysm and aortic dissection;Marfan syndrome
FBN1	P35555	Met1Val	1	criteria provided, multiple submitters, no conflicts	Marfan syndrome|Familial thoracic aortic aneurysm and aortic dissection|Familial thoracic aortic aneurysm and aortic dissection;Marfan syndrome|not provided
BRAF	P15056	Phe595Leu	1	criteria provided, multiple submitters, no conflicts	not provided|RASopathy
BRAF	P15056	His574Gln	1	criteria provided, single submitter	not provided
BRAF	P15056	Phe247Leu	1	reviewed by expert panel	not provided|Noonan syndrome and Noonan-related syndrome|Noonan syndrome|RASopathy|Noonan syndrome 7|Cardiofaciocutaneous syndrome 1;Noonan syndrome 1|Cardiofaciocutaneous syndrome 1
VHL	P40337	Ser65Leu	1	criteria provided, multiple submitters, no conflicts	Cerebellar hemangioblastoma;Pancreatic cysts;Retinal capillary hemangioma;Spinal hemangioblastoma|Von Hippel-Lindau syndrome;Chuvash polycythemia|Hereditary cancer-predisposing syndrome
VHL	P40337	Pro86Leu	1	reviewed by expert panel	Von Hippel-Lindau syndrome|Hereditary cancer-predisposing syndrome|Von Hippel-Lindau syndrome;Chuvash polycythemia
VHL	P40337	Leu158Pro	1	criteria provided, multiple submitters, no conflicts	not provided|Von Hippel-Lindau syndrome|Hereditary cancer-predisposing syndrome|Von Hippel-Lindau syndrome;Chuvash polycythemia
VHL	P40337	Arg161Gln	1	criteria provided, multiple submitters, no conflicts	not provided|Von Hippel-Lindau syndrome|Chuvash polycythemia;Von Hippel-Lindau syndrome|Hereditary cancer-predisposing syndrome|VHL-related disorder|Inherited phaeochromocytoma and paraganglioma excluding NF1|Nonpapillary renal cell carcinoma;Chuvash polycythemia;Pheochromocytoma;Von Hippel-Lindau syndrome
ATM	Q13315	Glu26Gln	0	reviewed by expert panel	not specified|Hereditary cancer-predisposing syndrome|Ataxia-telangiectasia syndrome|not provided|Familial cancer of breast|ATM-related cancer predisposition
ATM	Q13315	Leu1465Pro	1	reviewed by expert panel	not provided|Ataxia-telangiectasia syndrome|Hereditary cancer-predisposing syndrome|Familial cancer of breast|ATM-related cancer predisposition
TP53	P04637	Met384Val	0	reviewed by expert panel	Hereditary cancer-predisposing syndrome|Li-Fraumeni syndrome|not specified|TP53-related disorder|not provided
TP53	P04637	Arg175Leu	1	reviewed by expert panel	Hereditary cancer-predisposing syndrome|Li-Fraumeni syndrome|Li-Fraumeni syndrome 1
TP53	P04637	Cys124Ser	0	reviewed by expert panel	not provided|Hereditary cancer-predisposing syndrome|Li-Fraumeni syndrome
TP53	P04637	His115Arg	0	reviewed by expert panel	not provided|Hereditary cancer-predisposing syndrome|Li-Fraumeni syndrome|not specified
TP53	P04637	Pro82Leu	0	reviewed by expert panel	Hereditary cancer-predisposing syndrome|Li-Fraumeni syndrome|not provided|Squamous cell carcinoma of the head and neck|Malignant tumor of breast|Li-Fraumeni syndrome 1|TP53-related disorder
TP53	P04637	Ala63Val	0	reviewed by expert panel	Hereditary cancer-predisposing syndrome|not provided|Li-Fraumeni syndrome|Li-Fraumeni syndrome 1|not specified
LDLR	P01130	Arg81Cys	1	reviewed by expert panel	not provided|Hypercholesterolemia, familial, 1|Early-onset coronary artery disease|Homozygous familial hypercholesterolemia|Familial hypercholesterolemia|Cardiovascular phenotype
LDLR	P01130	Asp118Tyr	1	reviewed by expert panel	not provided|Hypercholesterolemia, familial, 1|Homozygous familial hypercholesterolemia|Familial hypercholesterolemia|Cardiovascular phenotype
LDLR	P01130	Pro181Arg	1	reviewed by expert panel	not provided|Hypercholesterolemia, familial, 1|Familial hypercholesterolemia|Cardiovascular phenotype|Dyslipidemia
LDLR	P01130	Asp221Gly	1	reviewed by expert panel	not provided|Hypercholesterolemia, familial, 1|Homozygous familial hypercholesterolemia|Familial hypercholesterolemia|Cardiovascular phenotype|Dyslipidemia
LDLR	P01130	Phe282Leu	1	reviewed by expert panel	not provided|Hypercholesterolemia, familial, 1|Cardiovascular phenotype|Familial hypercholesterolemia
LDLR	P01130	Gly335Ser	1	reviewed by expert panel	not provided|Homozygous familial hypercholesterolemia|Hypercholesterolemia, familial, 1|Familial hypercholesterolemia|Cardiovascular phenotype|Dyslipidemia
LDLR	P01130	Gly343Ser	1	reviewed by expert panel	not provided|Hypercholesterolemia, familial, 1|Familial hypercholesterolemia|Homozygous familial hypercholesterolemia|Cardiovascular phenotype|LDLR-related disorder
LDLR	P01130	Gln378Pro	1	reviewed by expert panel	not provided|Hypercholesterolemia, familial, 1|Familial hypercholesterolemia|LDLR-related disorder|Cardiovascular phenotype
LDLR	P01130	Ala391Thr	0	reviewed by expert panel	not provided|not specified|Hypercholesterolemia, familial, 1|Familial hypercholesterolemia|Cardiovascular phenotype
LDLR	P01130	Ala399Thr	1	reviewed by expert panel	not provided|Hypercholesterolemia, familial, 1|Familial hypercholesterolemia|Cardiovascular phenotype|not specified
LDLR	P01130	Gly461Cys	1	reviewed by expert panel	not provided|Hypercholesterolemia, familial, 1|Familial hypercholesterolemia|Cardiovascular phenotype
LDLR	P01130	Asp472Tyr	1	reviewed by expert panel	not provided|Hypercholesterolemia, familial, 1|Familial hypercholesterolemia|Homozygous familial hypercholesterolemia|Cardiovascular phenotype|LDLR-related disorder
LDLR	P01130	His583Asp	1	reviewed by expert panel	not provided|Hypercholesterolemia, familial, 1
LDLR	P01130	Arg595Gln	1	reviewed by expert panel	not provided|Hypercholesterolemia, familial, 1|Familial hypercholesterolemia|LDLR-related familial hypercholesterolemia|Cardiovascular phenotype|Dyslipidemia
LDLR	P01130	Asp651Asn	1	reviewed by expert panel	not provided|Hypercholesterolemia, familial, 1|Familial hypercholesterolemia|Cardiovascular phenotype
MSH2	P43246	Cys697Tyr	1	reviewed by expert panel	Hereditary cancer-predisposing syndrome|Lynch syndrome 1|Hereditary nonpolyposis colorectal neoplasms|Breast and/or ovarian cancer|Inherited MMR deficiency (Lynch syndrome)
PTEN	P60484	Asp24Asn	1	reviewed by expert panel	Hereditary cancer-predisposing syndrome|not provided|PTEN hamartoma tumor syndrome
PTEN	P60484	Asp24His	1	reviewed by expert panel	Hereditary cancer-predisposing syndrome|not specified|Ovarian neoplasm|PTEN hamartoma tumor syndrome|Cowden syndrome 1|not provided|Glioma|Neoplasm
PTEN	P60484	Leu57Trp	1	reviewed by expert panel	Hereditary cancer-predisposing syndrome|not provided|PTEN hamartoma tumor syndrome|Uterine corpus cancer|Cowden syndrome 1
PTEN	P60484	Cys124Gly	1	criteria provided, multiple submitters, no conflicts	Hereditary cancer-predisposing syndrome|PTEN hamartoma tumor syndrome|Familial cancer of breast
PTEN	P60484	Arg173Pro	1	criteria provided, multiple submitters, no conflicts	Hereditary cancer-predisposing syndrome|PTEN hamartoma tumor syndrome|not provided
PTEN	P60484	Thr277Ile	1	reviewed by expert panel	Hereditary cancer-predisposing syndrome|Cowden syndrome|not provided|PTEN hamartoma tumor syndrome|Macrocephaly-autism syndrome|Cowden syndrome 1|Neoplasm
ATM	Q13315	Met1Thr	1	reviewed by expert panel	Hereditary cancer-predisposing syndrome|Ataxia-telangiectasia syndrome|not provided|Familial cancer of breast|Familial cancer of breast;Ataxia-telangiectasia syndrome|ATM-related cancer predisposition
ATM	Q13315	Leu615Pro	1	reviewed by expert panel	Hereditary cancer-predisposing syndrome|Ataxia-telangiectasia syndrome|Familial cancer of breast|not provided|ATM-related cancer predisposition
ATM	Q13315	Leu950Arg	1	criteria provided, multiple submitters, no conflicts	Hereditary cancer-predisposing syndrome|not provided|Ataxia-telangiectasia syndrome|Familial cancer of breast;Ataxia-telangiectasia syndrome|Familial cancer of breast
ATM	Q13315	Leu1046Pro	1	reviewed by expert panel	Hereditary cancer-predisposing syndrome|Ataxia-telangiectasia syndrome|Familial cancer of breast|not provided|Ataxia-telangiectasia syndrome;Familial cancer of breast|ATM-related cancer predisposition
ATM	Q13315	Glu2904Gly	1	criteria provided, multiple submitters, no conflicts	Hereditary cancer-predisposing syndrome|Ataxia-telangiectasia syndrome|Familial cancer of breast
BRCA2	P51587	Tyr2601Cys	1	criteria provided, multiple submitters, no conflicts	Hereditary cancer-predisposing syndrome|Hereditary breast ovarian cancer syndrome|Breast-ovarian cancer, familial, susceptibility to, 2;Hereditary breast ovarian cancer syndrome
BRCA2	P51587	Pro2785Thr	0	criteria provided, single submitter	Hereditary cancer-predisposing syndrome
BRCA2	P51587	Pro2785Leu	0	reviewed by expert panel	Hereditary cancer-predisposing syndrome|Breast-ovarian cancer, familial, susceptibility to, 2|not specified|Hereditary breast ovarian cancer syndrome|Ovarian cancer|Familial cancer of breast|BRCA2-related cancer predisposition
BRCA1	P38398	Ile1858Leu	0	reviewed by expert panel	Hereditary cancer-predisposing syndrome|Breast-ovarian cancer, familial, susceptibility to, 1|not specified|Hereditary breast ovarian cancer syndrome|BRCA1-related cancer predisposition|NICE approved PARP inhibitor treatment
BRCA1	P38398	Ala744Thr	0	criteria provided, multiple submitters, no conflicts	Hereditary cancer-predisposing syndrome
BRCA1	P38398	Thr333Ala	0	reviewed by expert panel	Hereditary cancer-predisposing syndrome|Hereditary breast ovarian cancer syndrome|not provided|Breast-ovarian cancer, familial, susceptibility to, 1
BRCA1	P38398	Lys45Gln	0	reviewed by expert panel	Hereditary cancer-predisposing syndrome|Breast-ovarian cancer, familial, susceptibility to, 1|not specified|Hereditary breast ovarian cancer syndrome|not provided
BRCA1	P38398	Pro34Leu	1	reviewed by expert panel	Hereditary cancer-predisposing syndrome|Breast-ovarian cancer, familial, susceptibility to, 1|not provided|Hereditary breast ovarian cancer syndrome|BRCA1-related cancer predisposition
TP53	P04637	Arg379Ser	0	reviewed by expert panel	Hereditary cancer-predisposing syndrome|not provided|Li-Fraumeni syndrome 1|Li-Fraumeni syndrome
TP53	P04637	Arg333Cys	0	reviewed by expert panel	Hereditary cancer-predisposing syndrome|Li-Fraumeni syndrome|not provided|not specified|Squamous cell carcinoma of the head and neck|Li-Fraumeni syndrome 1|TP53-related disorder|Familial cancer of breast;Li-Fraumeni syndrome 1
TP53	P04637	Ser315Thr	0	reviewed by expert panel	Hereditary cancer-predisposing syndrome|Li-Fraumeni syndrome|not specified|TP53-related disorder
TP53	P04637	Val272Met	1	reviewed by expert panel	Hereditary cancer-predisposing syndrome|Li-Fraumeni syndrome|Ovarian neoplasm|Li-Fraumeni syndrome 1|not provided|Neoplasm|Familial pancreatic carcinoma;Li-Fraumeni syndrome 1|Diffuse midline glioma, H3 K27M-mutant
TP53	P04637	Asn247Ile	1	criteria provided, multiple submitters, no conflicts	Hereditary cancer-predisposing syndrome|Ovarian neoplasm|Li-Fraumeni syndrome
TP53	P04637	Thr170Met	0	reviewed by expert panel	Hereditary cancer-predisposing syndrome|Li-Fraumeni syndrome|not provided|Li-Fraumeni syndrome 1|not specified|TP53-related disorder
TP53	P04637	Val157Ile	0	reviewed by expert panel	Hereditary cancer-predisposing syndrome|not provided|Li-Fraumeni syndrome|not specified
TP53	P04637	Ala138Val	1	reviewed by expert panel	Hereditary cancer-predisposing syndrome|Li-Fraumeni syndrome|Adrenocortical carcinoma, hereditary|Li-Fraumeni syndrome 1|Adrenal cortex carcinoma|Choroid plexus carcinoma|Diffuse pediatric-type high-grade glioma, H3-wildtype and IDH-wildtype|Neoplasm
TP53	P04637	Pro72His	0	reviewed by expert panel	Hereditary cancer-predisposing syndrome|Li-Fraumeni syndrome|TP53-related disorder|not provided
TP53	P04637	Asp49Asn	0	reviewed by expert panel	Hereditary cancer-predisposing syndrome|not specified|Li-Fraumeni syndrome|Li-Fraumeni syndrome 1|not provided
MSH2	P43246	Gly164Glu	1	reviewed by expert panel	Hereditary nonpolyposis colorectal neoplasms|Hereditary cancer-predisposing syndrome|Lynch syndrome|Lynch syndrome 1
TP53	P04637	Val197Met	1	reviewed by expert panel	Li-Fraumeni syndrome|Hereditary cancer-predisposing syndrome|Li-Fraumeni syndrome 1|Neoplasm|not provided
PTEN	P60484	Asp24Tyr	1	criteria provided, multiple submitters, no conflicts	not provided|Cowden syndrome 1|PTEN-related disorder
PTEN	P60484	Tyr27Asn	1	criteria provided, multiple submitters, no conflicts	PTEN hamartoma tumor syndrome|Hereditary cancer-predisposing syndrome
PTEN	P60484	Gly36Arg	1	reviewed by expert panel	Macrocephaly|PTEN hamartoma tumor syndrome
PTEN	P60484	Arg47Gly	1	reviewed by expert panel	PTEN hamartoma tumor syndrome|Hereditary cancer-predisposing syndrome
PTEN	P60484	His61Arg	1	reviewed by expert panel	PTEN hamartoma tumor syndrome|Hereditary cancer-predisposing syndrome|Ovarian neoplasm|Cowden syndrome 1
PTEN	P60484	His93Asp	1	criteria provided, single submitter	PTEN hamartoma tumor syndrome
PTEN	P60484	Pro95Leu	1	reviewed by expert panel	PTEN hamartoma tumor syndrome|Hereditary cancer-predisposing syndrome|PTEN-related disorder
PTEN	P60484	Asp107Gly	1	criteria provided, single submitter	Hereditary cancer-predisposing syndrome
PTEN	P60484	Cys136Tyr	1	reviewed by expert panel	not provided|Hereditary cancer-predisposing syndrome|PTEN hamartoma tumor syndrome|Malignant tumor of urinary bladder|Cowden syndrome 1|Primary central nervous system lymphoma
PTEN	P60484	Gln171Arg	1	reviewed by expert panel	not specified|Hereditary cancer-predisposing syndrome|Prostate cancer;Cowden syndrome 1;Glioma susceptibility 2;Macrocephaly-autism syndrome;Familial meningioma|PTEN hamartoma tumor syndrome|Cowden syndrome 1|not provided
PTEN	P60484	Arg173Cys	1	reviewed by expert panel	not provided|Hereditary cancer-predisposing syndrome|PTEN hamartoma tumor syndrome|not specified|Macrocephaly-autism syndrome;VACTERL with hydrocephalus;Cowden syndrome 1|Cowden syndrome 1|Neurodevelopmental delay|Familial meningioma;Glioma susceptibility 2;Prostate cancer;Macrocephaly-autism syndrome;Cowden syndrome 1|Malignant lymphoma, large B-cell, diffuse|Glioma susceptibility 2|Diffuse pediatric-type high-grade glioma, H3-wildtype and IDH-wildtype|Neoplasm|Macrocephaly-autism syndrome
PTEN	P60484	Phe200Ser	1	reviewed by expert panel	not provided|PTEN hamartoma tumor syndrome|Cowden syndrome 1
PTEN	P60484	Pro204Ala	1	reviewed by expert panel	Hereditary cancer-predisposing syndrome|not provided|PTEN hamartoma tumor syndrome
COL1A1	P02452	Gly785Asp	1	criteria provided, single submitter	not provided
MSH2	P43246	Tyr408Phe	0	criteria provided, multiple submitters, no conflicts	Lynch syndrome 1|Hereditary nonpolyposis colorectal neoplasms|Hereditary cancer-predisposing syndrome
VHL	P40337	Arg82Pro	1	criteria provided, multiple submitters, no conflicts	Von Hippel-Lindau syndrome|not provided
COL1A1	P02452	Gly440Ser	1	criteria provided, single submitter	not provided
FBN1	P35555	Tyr2670Cys	1	criteria provided, single submitter	Familial thoracic aortic aneurysm and aortic dissection;Marfan syndrome
FBN1	P35555	Cys2592Tyr	1	criteria provided, multiple submitters, no conflicts	not provided|Familial thoracic aortic aneurysm and aortic dissection|Familial thoracic aortic aneurysm and aortic dissection;Marfan syndrome|FBN1-related disorder
FBN1	P35555	Leu2534Met	1	criteria provided, single submitter	not provided
FBN1	P35555	Asn2526Ser	1	reviewed by expert panel	not provided|Familial thoracic aortic aneurysm and aortic dissection;Marfan syndrome|not specified|Familial thoracic aortic aneurysm and aortic dissection|Marfan syndrome
FBN1	P35555	Cys2511Arg	1	criteria provided, multiple submitters, no conflicts	not provided|Familial thoracic aortic aneurysm and aortic dissection;Marfan syndrome|Marfan syndrome|FBN1-related disorder
FBN1	P35555	Cys2378Arg	1	criteria provided, single submitter	not provided
FBN1	P35555	Arg2335Trp	1	reviewed by expert panel	Marfan syndrome|Familial thoracic aortic aneurysm and aortic dissection;Marfan syndrome|not specified|Familial thoracic aortic aneurysm and aortic dissection
FBN1	P35555	Phe2219Cys	1	criteria provided, single submitter	not provided
FBN1	P35555	Asp2166Tyr	1	criteria provided, single submitter	not provided
FBN1	P35555	Cys2151Trp	1	criteria provided, multiple submitters, no conflicts	not provided|See cases
FBN1	P35555	Arg2150Cys	1	reviewed by expert panel	not provided|Familial thoracic aortic aneurysm and aortic dissection;Marfan syndrome|Familial thoracic aortic aneurysm and aortic dissection|Marfan syndrome
FBN1	P35555	Glu2105Gln	1	criteria provided, single submitter	not provided
FBN1	P35555	Cys2084Phe	1	criteria provided, single submitter	not provided
FBN1	P35555	Cys1942Phe	1	criteria provided, single submitter	not provided
FBN1	P35555	Cys1934Tyr	1	criteria provided, multiple submitters, no conflicts	not provided|Familial thoracic aortic aneurysm and aortic dissection;Marfan syndrome
FBN1	P35555	Cys1900Tyr	1	criteria provided, multiple submitters, no conflicts	not provided|Familial thoracic aortic aneurysm and aortic dissection;Marfan syndrome|Marfan syndrome
FBN1	P35555	Cys1733Gly	1	criteria provided, single submitter	not provided
FBN1	P35555	Cys1674Phe	1	criteria provided, single submitter	not provided
FBN1	P35555	Glu1325Asp	1	criteria provided, single submitter	Familial thoracic aortic aneurysm and aortic dissection;Marfan syndrome
FBN1	P35555	Asp1280Asn	1	criteria provided, multiple submitters, no conflicts	not provided|Marfan syndrome|Familial thoracic aortic aneurysm and aortic dissection;Marfan syndrome
FBN1	P35555	Asp1238Asn	1	reviewed by expert panel	not provided|Marfan syndrome|8 conditions|Marfan syndrome;Familial thoracic aortic aneurysm and aortic dissection|Familial thoracic aortic aneurysm and aortic dissection|Structural eye disease|Marfan Syndrome/Loeys-Dietz Syndrome/Familial Thoracic Aortic Aneurysms and Dissections|Cardiovascular phenotype
FBN1	P35555	Cys1223Phe	1	criteria provided, single submitter	not provided
FBN1	P35555	Cys1159Ser	1	criteria provided, single submitter	not provided
FBN1	P35555	Gly1058Val	1	criteria provided, multiple submitters, no conflicts	not provided|Familial thoracic aortic aneurysm and aortic dissection;Marfan syndrome
FBN1	P35555	Gly1049Cys	1	criteria provided, single submitter	not provided
FBN1	P35555	Cys734Phe	1	criteria provided, multiple submitters, no conflicts	not provided|Familial thoracic aortic aneurysm and aortic dissection;Marfan syndrome
FBN1	P35555	Asn630Lys	1	criteria provided, single submitter	not provided
FBN1	P35555	Asn630Ile	1	criteria provided, single submitter	not provided
FBN1	P35555	Cys576Gly	1	criteria provided, multiple submitters, no conflicts	not provided|Familial thoracic aortic aneurysm and aortic dissection;Marfan syndrome
FBN1	P35555	Cys555Phe	1	criteria provided, multiple submitters, no conflicts	not provided|Familial thoracic aortic aneurysm and aortic dissection;Marfan syndrome
FBN1	P35555	Cys528Tyr	1	criteria provided, multiple submitters, no conflicts	not provided|Familial thoracic aortic aneurysm and aortic dissection;Marfan syndrome
FBN1	P35555	Cys476Gly	1	criteria provided, multiple submitters, no conflicts	not provided|not specified|Familial thoracic aortic aneurysm and aortic dissection;Marfan syndrome|Marfan Syndrome/Loeys-Dietz Syndrome/Familial Thoracic Aortic Aneurysms and Dissections|Marfan syndrome
FBN1	P35555	Glu383Lys	1	reviewed by expert panel	not provided|Marfan syndrome|Familial thoracic aortic aneurysm and aortic dissection;Marfan syndrome|Familial thoracic aortic aneurysm and aortic dissection
FBN1	P35555	Cys102Phe	1	criteria provided, single submitter	not provided
FBN1	P35555	Trp71Ser	1	criteria provided, single submitter	not provided
LDLR	P01130	Glu240Lys	1	reviewed by expert panel	not provided|Hypercholesterolemia, familial, 1|Familial hypercholesterolemia|Homozygous familial hypercholesterolemia|Cardiovascular phenotype
LDLR	P01130	His583Tyr	1	reviewed by expert panel	not provided|Hypercholesterolemia, familial, 1|Familial hypercholesterolemia|Homozygous familial hypercholesterolemia|Cardiovascular phenotype
LDLR	P01130	Val639Asp	1	reviewed by expert panel	Hypercholesterolemia, familial, 1|Familial hypercholesterolemia|not provided|Cardiovascular phenotype
LDLR	P01130	Asp700Asn	1	reviewed by expert panel	not specified|Hypercholesterolemia, familial, 1|Familial hypercholesterolemia|Cardiovascular phenotype|not provided
PAH	P00439	Met1Thr	1	reviewed by expert panel	not provided|Phenylketonuria|Inborn genetic diseases
PAH	P00439	Ala342Glu	1	no assertion criteria provided	Phenylketonuria
PAH	P00439	Thr81Asn	1	reviewed by expert panel	Phenylketonuria
COL1A1	P02452	Gly956Arg	1	criteria provided, single submitter	Osteogenesis imperfecta type I
BRCA2	P51587	Cys1265Ser	0	reviewed by expert panel	Breast-ovarian cancer, familial, susceptibility to, 2|not specified|Hereditary cancer-predisposing syndrome|Hereditary breast ovarian cancer syndrome
BRCA2	P51587	Glu1537Lys	0	reviewed by expert panel	Breast-ovarian cancer, familial, susceptibility to, 2|Hereditary breast ovarian cancer syndrome|Hereditary cancer-predisposing syndrome
PTEN	P60484	His141Pro	1	reviewed by expert panel	PTEN hamartoma tumor syndrome|Hereditary cancer-predisposing syndrome|not provided
BRCA2	P51587	Met1Val	1	criteria provided, single submitter	Hereditary breast ovarian cancer syndrome
BRCA2	P51587	Leu3101Pro	1	reviewed by expert panel	Hereditary breast ovarian cancer syndrome|not specified|not provided|Hereditary cancer-predisposing syndrome|BRCA2-related cancer predisposition
TP53	P04637	Arg379Leu	0	reviewed by expert panel	Li-Fraumeni syndrome|Hereditary cancer-predisposing syndrome|not provided|Li-Fraumeni syndrome 1
TP53	P04637	Arg342Pro	1	reviewed by expert panel	Li-Fraumeni syndrome|Hereditary cancer-predisposing syndrome|Ovarian neoplasm|not provided|Li-Fraumeni syndrome 1|Diffuse glioma, H3 G34 mutant
TP53	P04637	Arg290Cys	0	reviewed by expert panel	Li-Fraumeni syndrome|not provided|Hereditary cancer-predisposing syndrome|not specified
TP53	P04637	Thr284Ile	0	reviewed by expert panel	Li-Fraumeni syndrome|not provided|Hereditary cancer-predisposing syndrome
TP53	P04637	Ile195Thr	1	criteria provided, multiple submitters, no conflicts	Li-Fraumeni syndrome|Lung adenocarcinoma|not provided|Ovarian neoplasm|Hereditary cancer-predisposing syndrome|Breast and/or ovarian cancer|Li-Fraumeni syndrome 1|Adrenocortical carcinoma, hereditary|Neoplasm|TP53-related disorder|Familial cancer of breast;Li-Fraumeni syndrome 1|Astrocytoma IDH-mutant
TP53	P04637	Thr125Lys	1	criteria provided, multiple submitters, no conflicts	Li-Fraumeni syndrome|Hereditary cancer-predisposing syndrome
TP53	P04637	Ile50Thr	0	reviewed by expert panel	Li-Fraumeni syndrome|Hereditary cancer-predisposing syndrome|Li-Fraumeni syndrome 1
KRAS	P01116	Leu19Phe	1	criteria provided, single submitter	OCULOECTODERMAL SYNDROME, SOMATIC|Encephalocraniocutaneous lipomatosis|RASopathy
VHL	P40337	Glu160Val	1	no assertion criteria provided	Pheochromocytoma
VHL	P40337	Val170Ala	1	no assertion criteria provided	Pheochromocytoma
MLH1	P40692	Leu559Pro	1	reviewed by expert panel	Lynch syndrome|not provided|Hereditary nonpolyposis colorectal neoplasms|Hereditary cancer-predisposing syndrome|Colorectal cancer, hereditary nonpolyposis, type 2
MLH1	P40692	Arg755Gly	1	reviewed by expert panel	Lynch syndrome 1
MSH2	P43246	Arg55Gln	0	reviewed by expert panel	Hereditary nonpolyposis colorectal neoplasms|Hereditary cancer-predisposing syndrome|not provided|Lynch syndrome
PTEN	P60484	Tyr174Cys	1	reviewed by expert panel	PTEN hamartoma tumor syndrome|not specified|not provided|Hereditary cancer-predisposing syndrome|Cowden syndrome 1
FBN1	P35555	Glu1852Gly	1	criteria provided, single submitter	Familial thoracic aortic aneurysm and aortic dissection;Marfan syndrome
TP53	P04637	Ser127Cys	1	reviewed by expert panel	Li-Fraumeni syndrome
FBN1	P35555	Tyr2474Cys	1	criteria provided, multiple submitters, no conflicts	Marfan syndrome|not provided
FBN1	P35555	Cys2274Arg	1	reviewed by expert panel	Marfan syndrome|Marfan syndrome;Familial thoracic aortic aneurysm and aortic dissection|not provided
FBN1	P35555	Cys2232Arg	1	criteria provided, single submitter	Familial thoracic aortic aneurysm and aortic dissection
FBN1	P35555	Cys1444Ser	1	reviewed by expert panel	Marfan syndrome|Familial thoracic aortic aneurysm and aortic dissection;Marfan syndrome
FBN1	P35555	Ser113Cys	1	reviewed by expert panel	Marfan syndrome|Marfan syndrome;Familial thoracic aortic aneurysm and aortic dissection
BRAF	P15056	Ser467Ala	1	criteria provided, single submitter	Cardio-facio-cutaneous syndrome|not provided
PTEN	P60484	Leu247Ser	1	reviewed by expert panel	Macrocephaly-autism syndrome|PTEN hamartoma tumor syndrome
VHL	P40337	Ser65Ala	1	no assertion criteria provided	Von Hippel-Lindau syndrome|Pheochromocytoma
VHL	P40337	Asn78Tyr	1	criteria provided, single submitter	Von Hippel-Lindau syndrome|Hereditary cancer-predisposing syndrome
VHL	P40337	Asn78Thr	1	criteria provided, multiple submitters, no conflicts	Von Hippel-Lindau syndrome|not provided|Von Hippel-Lindau syndrome;Chuvash polycythemia
VHL	P40337	Asn78Ile	1	criteria provided, single submitter	Von Hippel-Lindau syndrome|Von Hippel-Lindau syndrome;Chuvash polycythemia
VHL	P40337	Trp88Cys	1	reviewed by expert panel	Von Hippel-Lindau syndrome|Hereditary cancer-predisposing syndrome|Von Hippel-Lindau syndrome;Chuvash polycythemia
VHL	P40337	Asn90Ile	1	criteria provided, single submitter	Von Hippel-Lindau syndrome|Hereditary cancer-predisposing syndrome
VHL	P40337	Gly93Cys	1	no assertion criteria provided	Von Hippel-Lindau syndrome
VHL	P40337	Tyr98Cys	1	criteria provided, multiple submitters, no conflicts	Von Hippel-Lindau syndrome|Von Hippel-Lindau syndrome;Chuvash polycythemia|not provided|Hereditary cancer-predisposing syndrome
VHL	P40337	Arg107His	1	criteria provided, multiple submitters, no conflicts	Von Hippel-Lindau syndrome|Hereditary cancer-predisposing syndrome|Von Hippel-Lindau syndrome;Chuvash polycythemia|VHL-related disorder
VHL	P40337	Ser111Asn	1	criteria provided, multiple submitters, no conflicts	Von Hippel-Lindau syndrome|Hereditary cancer-predisposing syndrome|Von Hippel-Lindau syndrome;Chuvash polycythemia
VHL	P40337	Ser111Arg	1	criteria provided, multiple submitters, no conflicts	Von Hippel-Lindau syndrome|Hereditary cancer-predisposing syndrome|Von Hippel-Lindau syndrome;Chuvash polycythemia
VHL	P40337	Gly114Arg	1	criteria provided, multiple submitters, no conflicts	Von Hippel-Lindau syndrome|Von Hippel-Lindau syndrome;Chuvash polycythemia|Hereditary cancer-predisposing syndrome
VHL	P40337	Arg120Gly	1	criteria provided, multiple submitters, no conflicts	Von Hippel-Lindau syndrome|Von Hippel-Lindau syndrome;Chuvash polycythemia|not provided
VHL	P40337	His125Pro	1	criteria provided, single submitter	Von Hippel-Lindau syndrome|Hereditary cancer-predisposing syndrome
VHL	P40337	Ala149Thr	1	criteria provided, single submitter	Von Hippel-Lindau syndrome|Hereditary cancer-predisposing syndrome
VHL	P40337	Ala149Pro	1	criteria provided, single submitter	Von Hippel-Lindau syndrome|Von Hippel-Lindau syndrome;Chuvash polycythemia
VHL	P40337	Ile151Ser	1	no assertion criteria provided	Von Hippel-Lindau syndrome
VHL	P40337	Thr157Ile	1	criteria provided, multiple submitters, no conflicts	Von Hippel-Lindau syndrome|not provided|Hereditary cancer-predisposing syndrome|Pheochromocytoma
BRCA1	P38398	Ser1387Pro	0	reviewed by expert panel	Hereditary cancer-predisposing syndrome|Breast neoplasm|Breast-ovarian cancer, familial, susceptibility to, 1|Hereditary breast ovarian cancer syndrome|Ovarian cancer|BRCA1-related cancer predisposition|not specified
PTEN	P60484	Cys136Trp	1	reviewed by expert panel	Cowden syndrome|PTEN hamartoma tumor syndrome|Hereditary cancer-predisposing syndrome|not provided|Triple-negative breast cancer
PTEN	P60484	Asp162Glu	1	criteria provided, multiple submitters, no conflicts	Cowden syndrome|not provided
PAH	P00439	Ser391Thr	1	reviewed by expert panel	Phenylketonuria
PAH	P00439	His107Arg	1	reviewed by expert panel	Phenylketonuria
PAH	P00439	Leu37Pro	1	reviewed by expert panel	Phenylketonuria|not specified
BRCA1	P38398	Phe1734Leu	1	reviewed by expert panel	Breast-ovarian cancer, familial, susceptibility to, 1|Hereditary cancer-predisposing syndrome|Hereditary breast ovarian cancer syndrome|BRCA1-related cancer predisposition
LDLR	P01130	Cys27Trp	1	reviewed by expert panel	Hypercholesterolemia, familial, 1|Familial hypercholesterolemia|not provided|See cases|Cardiovascular phenotype|Dyslipidemia
LDLR	P01130	Cys75Tyr	1	criteria provided, multiple submitters, no conflicts	Hypercholesterolemia, familial, 1|Cardiovascular phenotype
LDLR	P01130	Asp90Gly	1	reviewed by expert panel	Hypercholesterolemia, familial, 1|Homozygous familial hypercholesterolemia|Cardiovascular phenotype|Familial hypercholesterolemia|LDLR-related disorder|not provided
LDLR	P01130	Asp139Glu	1	criteria provided, multiple submitters, no conflicts	Hypercholesterolemia, familial, 1|Familial hypercholesterolemia
LDLR	P01130	Cys222Arg	1	reviewed by expert panel	Hypercholesterolemia, familial, 1|Familial hypercholesterolemia|not provided|Cardiovascular phenotype|Dyslipidemia
LDLR	P01130	Asp266Asn	1	reviewed by expert panel	Hypercholesterolemia, familial, 1|Familial hypercholesterolemia|not provided|Homozygous familial hypercholesterolemia|Dyslipidemia|Cardiovascular phenotype
LDLR	P01130	Asp304Glu	1	reviewed by expert panel	Hypercholesterolemia, familial, 1|Familial hypercholesterolemia|Homozygous familial hypercholesterolemia|not provided|Cardiovascular phenotype|Dyslipidemia
LDLR	P01130	Arg350Pro	1	reviewed by expert panel	Hypercholesterolemia, familial, 1|Familial hypercholesterolemia|not provided|Cardiovascular phenotype
LDLR	P01130	Ala399Asp	1	reviewed by expert panel	Hypercholesterolemia, familial, 1|Familial hypercholesterolemia|Cardiovascular phenotype
LDLR	P01130	Arg406Trp	1	reviewed by expert panel	Hypercholesterolemia, familial, 1|Familial hypercholesterolemia|not provided|Cardiovascular phenotype|LDLR-related disorder|Homozygous familial hypercholesterolemia
LDLR	P01130	Arg406Pro	1	reviewed by expert panel	Hypercholesterolemia, familial, 1
LDLR	P01130	Val429Leu	1	reviewed by expert panel	Hypercholesterolemia, familial, 1|Familial hypercholesterolemia
LDLR	P01130	Trp490Leu	1	no assertion criteria provided	Hypercholesterolemia, familial, 1
LDLR	P01130	Ala540Thr	1	reviewed by expert panel	Hypercholesterolemia, familial, 1|not provided|Familial hypercholesterolemia|Homozygous familial hypercholesterolemia|Cardiovascular phenotype
LDLR	P01130	Leu605Pro	1	criteria provided, multiple submitters, no conflicts	Hypercholesterolemia, familial, 1|Cardiovascular phenotype
LDLR	P01130	Arg633Cys	1	reviewed by expert panel	Hypercholesterolemia, familial, 1|not provided|Familial hypercholesterolemia|Homozygous familial hypercholesterolemia|Cardiovascular phenotype|LDLR-related disorder
LDLR	P01130	Arg633His	1	reviewed by expert panel	Hypercholesterolemia, familial, 1|not provided|Familial hypercholesterolemia|Cardiovascular phenotype|Homozygous familial hypercholesterolemia
LDLR	P01130	Met652Thr	1	reviewed by expert panel	Hypercholesterolemia, familial, 1|Familial hypercholesterolemia|Cardiovascular phenotype|not provided
LDLR	P01130	Glu714Gln	1	criteria provided, single submitter	Hypercholesterolemia, familial, 1
LDLR	P01130	Tyr828Ser	1	criteria provided, multiple submitters, no conflicts	Hypercholesterolemia, familial, 1|Familial hypercholesterolemia
KRAS	P01116	Tyr71Asp	1	criteria provided, multiple submitters, no conflicts	Cardio-facio-cutaneous syndrome|not provided
LDLR	P01130	Arg406Gln	1	reviewed by expert panel	not specified|Hypercholesterolemia, familial, 1|Familial hypercholesterolemia|Cardiovascular phenotype|not provided
PTEN	P60484	Leu23Val	1	reviewed by expert panel	not provided|PTEN hamartoma tumor syndrome|Neoplasm|Cowden syndrome 1
PTEN	P60484	Thr26Pro	1	criteria provided, multiple submitters, no conflicts	not provided|PTEN hamartoma tumor syndrome
PTEN	P60484	Phe81Cys	1	criteria provided, single submitter	not provided
TP53	P04637	Val173Met	1	reviewed by expert panel	Hereditary cancer-predisposing syndrome|not provided|Li-Fraumeni syndrome|Ovarian neoplasm|Lip and oral cavity carcinoma|TP53-related disorder|Neoplasm|Squamous cell carcinoma of the head and neck|Glioma susceptibility 1|Gastric cancer|Squamous cell lung carcinoma
MSH2	P43246	Gln76His	0	criteria provided, single submitter	Hereditary cancer-predisposing syndrome
MSH2	P43246	Glu378Ala	0	criteria provided, single submitter	Hereditary cancer-predisposing syndrome
VHL	P40337	Val84Leu	1	criteria provided, multiple submitters, no conflicts	Hereditary cancer-predisposing syndrome|Von Hippel-Lindau syndrome|Chuvash polycythemia;Von Hippel-Lindau syndrome
VHL	P40337	Ile151Leu	1	criteria provided, single submitter	Hereditary cancer-predisposing syndrome
MLH1	P40692	Val194Gly	1	criteria provided, multiple submitters, no conflicts	Hereditary cancer-predisposing syndrome|Hereditary nonpolyposis colorectal neoplasms
MLH1	P40692	Lys311Glu	1	reviewed by expert panel	Hereditary cancer-predisposing syndrome|Hereditary nonpolyposis colorectal neoplasms|not provided|Lynch syndrome 1|Colorectal cancer, hereditary nonpolyposis, type 2|Hereditary nonpolyposis colon cancer
PTEN	P60484	Asp22His	1	reviewed by expert panel	Hereditary cancer-predisposing syndrome|PTEN hamartoma tumor syndrome|not provided
PTEN	P60484	Met35Val	1	reviewed by expert panel	not provided|PTEN hamartoma tumor syndrome|Hereditary cancer-predisposing syndrome|Familial meningioma|Cowden syndrome 1
PTEN	P60484	Pro38Thr	1	criteria provided, single submitter	Hereditary cancer-predisposing syndrome
PTEN	P60484	Ser170Ile	1	criteria provided, multiple submitters, no conflicts	Hereditary cancer-predisposing syndrome|Ovarian neoplasm|PTEN hamartoma tumor syndrome|PTEN-related disorder|Cowden syndrome 1
ATM	Q13315	Pro292Leu	1	reviewed by expert panel	Hereditary cancer-predisposing syndrome|not provided|Ataxia-telangiectasia syndrome|Breast carcinoma|Gastric cancer|Familial cancer of breast|ATM-related cancer predisposition|Ataxia-telangiectasia syndrome;Familial cancer of breast
ATM	Q13315	Pro862Thr	0	criteria provided, single submitter	Hereditary cancer-predisposing syndrome
ATM	Q13315	Ile2702Arg	1	reviewed by expert panel	Hereditary cancer-predisposing syndrome|Ataxia-telangiectasia syndrome|Familial cancer of breast|not provided|ATM-related cancer predisposition
ATM	Q13315	Leu3035Phe	1	reviewed by expert panel	Hereditary cancer-predisposing syndrome|Ataxia-telangiectasia syndrome|ATM-related cancer predisposition
BRCA2	P51587	Leu2396Ser	0	criteria provided, single submitter	Hereditary cancer-predisposing syndrome
BRCA2	P51587	Gly2609Val	1	reviewed by expert panel	Hereditary cancer-predisposing syndrome|not provided|Hereditary breast ovarian cancer syndrome|Familial cancer of breast|BRCA2-related cancer predisposition
BRCA2	P51587	Ile2627Asn	1	criteria provided, multiple submitters, no conflicts	Hereditary cancer-predisposing syndrome|Hereditary breast ovarian cancer syndrome|not provided
BRCA2	P51587	Ala2738Thr	0	criteria provided, single submitter	Hereditary cancer-predisposing syndrome
BRCA2	P51587	Leu2776Ile	0	criteria provided, single submitter	Hereditary cancer-predisposing syndrome
BRCA2	P51587	Pro2804His	0	criteria provided, single submitter	Hereditary cancer-predisposing syndrome
BRCA2	P51587	Lys2833Asn	0	criteria provided, single submitter	Hereditary cancer-predisposing syndrome
BRCA2	P51587	Pro2886Thr	0	criteria provided, single submitter	Hereditary cancer-predisposing syndrome
BRCA2	P51587	Gln2957His	0	criteria provided, single submitter	Hereditary cancer-predisposing syndrome
BRCA2	P51587	Tyr3035Phe	0	criteria provided, single submitter	Hereditary cancer-predisposing syndrome
BRCA1	P38398	Pro1749Thr	0	criteria provided, single submitter	Hereditary cancer-predisposing syndrome|Breast-ovarian cancer, familial, susceptibility to, 1
BRCA1	P38398	Phe1734Ile	1	reviewed by expert panel	Hereditary cancer-predisposing syndrome|Hereditary breast ovarian cancer syndrome|Breast-ovarian cancer, familial, susceptibility to, 1|not provided|Familial cancer of breast|BRCA1-related cancer predisposition
BRCA1	P38398	Tyr1703Cys	1	reviewed by expert panel	Hereditary cancer-predisposing syndrome|Hereditary breast ovarian cancer syndrome|Breast-ovarian cancer, familial, susceptibility to, 1|Fanconi anemia, complementation group S|BRCA1-related cancer predisposition
BRCA1	P38398	Gln1395His	1	reviewed by expert panel	Hereditary cancer-predisposing syndrome|Hereditary breast ovarian cancer syndrome|BRCA1-related cancer predisposition
BRCA1	P38398	Gly933Ala	0	reviewed by expert panel	Hereditary cancer-predisposing syndrome|not provided|Hereditary breast ovarian cancer syndrome|Breast-ovarian cancer, familial, susceptibility to, 1|BRCA1-related cancer predisposition
BRCA1	P38398	Ser387Thr	0	reviewed by expert panel	Hereditary cancer-predisposing syndrome|not specified|Hereditary breast ovarian cancer syndrome|Breast-ovarian cancer, familial, susceptibility to, 1|not provided
BRCA1	P38398	Asn247Asp	0	criteria provided, multiple submitters, no conflicts	Hereditary cancer-predisposing syndrome|not provided
BRCA1	P38398	His41Leu	1	reviewed by expert panel	Hereditary cancer-predisposing syndrome|Breast-ovarian cancer, familial, susceptibility to, 1|not provided|Fanconi anemia, complementation group S|Hereditary breast ovarian cancer syndrome|BRCA1-related cancer predisposition
BRCA1	P38398	Pro25Leu	1	reviewed by expert panel	Hereditary cancer-predisposing syndrome|Hereditary breast ovarian cancer syndrome|not provided|Breast and/or ovarian cancer|Breast-ovarian cancer, familial, susceptibility to, 1|BRCA1-related cancer predisposition
TP53	P04637	Gly374Arg	0	reviewed by expert panel	Hereditary cancer-predisposing syndrome|not provided|Li-Fraumeni syndrome|TP53-related disorder|not specified
TP53	P04637	Gly356Arg	0	reviewed by expert panel	Hereditary cancer-predisposing syndrome|Li-Fraumeni syndrome|not provided|not specified|TP53-related disorder
TP53	P04637	Gln354Lys	0	reviewed by expert panel	Hereditary cancer-predisposing syndrome|Li-Fraumeni syndrome|Colorectal polyposis;Colonic neoplasm|Li-Fraumeni syndrome 1|not specified
TP53	P04637	Arg342Gln	0	reviewed by expert panel	Hereditary cancer-predisposing syndrome|not provided|Li-Fraumeni syndrome|not specified
TP53	P04637	Gln317Lys	0	reviewed by expert panel	Hereditary cancer-predisposing syndrome|not provided|Li-Fraumeni syndrome|TP53-related disorder|Li-Fraumeni syndrome 1
TP53	P04637	Pro316Thr	0	reviewed by expert panel	Hereditary cancer-predisposing syndrome|not provided|Li-Fraumeni syndrome
TP53	P04637	Pro278Leu	1	criteria provided, multiple submitters, no conflicts	Hereditary cancer-predisposing syndrome|Ovarian neoplasm|Li-Fraumeni syndrome|Gallbladder cancer|not provided
TP53	P04637	Ser260Tyr	0	reviewed by expert panel	Hereditary cancer-predisposing syndrome|Li-Fraumeni syndrome
TP53	P04637	Arg248Leu	1	reviewed by expert panel	Hereditary cancer-predisposing syndrome|Li-Fraumeni syndrome|Adrenocortical carcinoma, hereditary|Li-Fraumeni syndrome 1|Neoplasm
TP53	P04637	Asp186Glu	0	criteria provided, multiple submitters, no conflicts	Hereditary cancer-predisposing syndrome|not provided|Li-Fraumeni syndrome|Li-Fraumeni syndrome 1
TP53	P04637	Met160Ile	0	reviewed by expert panel	Hereditary cancer-predisposing syndrome|not provided|Li-Fraumeni syndrome|Li-Fraumeni syndrome 1
TP53	P04637	Phe134Cys	1	criteria provided, multiple submitters, no conflicts	Hereditary cancer-predisposing syndrome|not provided|Li-Fraumeni syndrome
TP53	P04637	Arg110Pro	1	reviewed by expert panel	Hereditary cancer-predisposing syndrome|Li-Fraumeni syndrome|Li-Fraumeni syndrome 1|Adrenocortical carcinoma, hereditary|Familial cancer of breast|IDH-wildtype glioblastoma|Astrocytoma, IDH-mutant, grade 3|Neoplasm
TP53	P04637	Ala63Gly	0	reviewed by expert panel	Hereditary cancer-predisposing syndrome|Li-Fraumeni syndrome|not specified|not provided
TP53	P04637	Ala63Thr	0	criteria provided, single submitter	Hereditary cancer-predisposing syndrome
TP53	P04637	Val10Leu	0	reviewed by expert panel	Hereditary cancer-predisposing syndrome|Li-Fraumeni syndrome|Li-Fraumeni syndrome 1
TP53	P04637	Pro8Leu	0	criteria provided, single submitter	Hereditary cancer-predisposing syndrome
MSH2	P43246	Asp748His	1	criteria provided, multiple submitters, no conflicts	Hereditary nonpolyposis colorectal neoplasms|Hereditary cancer-predisposing syndrome|Lynch syndrome 1
MLH1	P40692	Asn551Ser	0	reviewed by expert panel	Hereditary nonpolyposis colorectal neoplasms|Hereditary cancer-predisposing syndrome|Lynch syndrome|not provided|Carcinoma of colon|Colorectal cancer, hereditary nonpolyposis, type 2
FBN1	P35555	Gly2091Asp	1	criteria provided, single submitter	Familial thoracic aortic aneurysm and aortic dissection;Marfan syndrome
FBN1	P35555	Cys1835Ser	1	criteria provided, single submitter	Familial thoracic aortic aneurysm and aortic dissection;Marfan syndrome
FBN1	P35555	Cys1485Ser	1	criteria provided, single submitter	Familial thoracic aortic aneurysm and aortic dissection;Marfan syndrome
FBN1	P35555	Cys639Tyr	1	criteria provided, single submitter	Marfan syndrome|Familial thoracic aortic aneurysm and aortic dissection;Marfan syndrome
BRCA1	P38398	Gly1748Arg	1	criteria provided, multiple submitters, no conflicts	Hereditary breast ovarian cancer syndrome|Breast-ovarian cancer, familial, susceptibility to, 1|Hereditary cancer-predisposing syndrome
BRCA1	P38398	Thr1675Ile	0	reviewed by expert panel	not provided|Hereditary cancer-predisposing syndrome|Breast-ovarian cancer, familial, susceptibility to, 1|Hereditary breast ovarian cancer syndrome|not specified
TP53	P04637	Arg337Gly	1	reviewed by expert panel	Li-Fraumeni syndrome
TP53	P04637	Pro4Leu	0	reviewed by expert panel	Li-Fraumeni syndrome|Hereditary cancer-predisposing syndrome|not provided|Li-Fraumeni syndrome 1|not specified
LDLR	P01130	Glu113Lys	1	reviewed by expert panel	Hypercholesterolemia, familial, 1|Familial hypercholesterolemia|not provided|Homozygous familial hypercholesterolemia|Cardiovascular phenotype|Dyslipidemia
BRCA1	P38398	Arg1495Thr	1	reviewed by expert panel	not provided|Breast-ovarian cancer, familial, susceptibility to, 1|Hereditary cancer-predisposing syndrome|Hereditary breast ovarian cancer syndrome
BRCA1	P38398	Val11Gly	1	reviewed by expert panel	not provided|Hereditary cancer-predisposing syndrome|Hereditary breast ovarian cancer syndrome|Breast-ovarian cancer, familial, susceptibility to, 1|BRCA1-related cancer predisposition
TP53	P04637	Arg379His	0	reviewed by expert panel	not provided|Li-Fraumeni syndrome 1|Hereditary cancer-predisposing syndrome|Li-Fraumeni syndrome
TP53	P04637	Glu180Lys	1	reviewed by expert panel	not provided|Li-Fraumeni syndrome|Hereditary cancer-predisposing syndrome|TP53-related disorder|Li-Fraumeni syndrome 1
TP53	P04637	Lys164Glu	1	reviewed by expert panel	not provided|Li-Fraumeni syndrome|Li-Fraumeni syndrome 1|Hereditary cancer-predisposing syndrome
TP53	P04637	Arg158Pro	1	reviewed by expert panel	not provided|Li-Fraumeni syndrome|Squamous cell carcinoma of the head and neck|Hereditary cancer-predisposing syndrome|Li-Fraumeni syndrome 1|IDH-wildtype glioblastoma|Neoplasm
LDLR	P01130	Met1Leu	1	reviewed by expert panel	Hypercholesterolemia, familial, 1|Familial hypercholesterolemia
LDLR	P01130	Met1Val	1	reviewed by expert panel	Hypercholesterolemia, familial, 1|Cardiovascular phenotype|Familial hypercholesterolemia
LDLR	P01130	Met1Leu	1	reviewed by expert panel	Hypercholesterolemia, familial, 1|Familial hypercholesterolemia|Cardiovascular phenotype
LDLR	P01130	Met1Ile	1	reviewed by expert panel	Hypercholesterolemia, familial, 1
LDLR	P01130	Trp10Arg	1	criteria provided, multiple submitters, no conflicts	Hypercholesterolemia, familial, 1
LDLR	P01130	Leu15Pro	1	reviewed by expert panel	Hypercholesterolemia, familial, 1|Familial hypercholesterolemia|not provided
LDLR	P01130	Phe32Cys	1	criteria provided, single submitter	Hypercholesterolemia, familial, 1
LDLR	P01130	Cys34Ser	1	criteria provided, single submitter	Hypercholesterolemia, familial, 1
LDLR	P01130	Cys46Tyr	1	criteria provided, single submitter	Hypercholesterolemia, familial, 1
LDLR	P01130	Ser49Arg	0	criteria provided, single submitter	Hypercholesterolemia, familial, 1
LDLR	P01130	Glu58Lys	1	criteria provided, single submitter	Hypercholesterolemia, familial, 1
LDLR	P01130	Glu58Gly	1	criteria provided, multiple submitters, no conflicts	Hypercholesterolemia, familial, 1|Familial hypercholesterolemia
LDLR	P01130	Cys75Trp	1	criteria provided, single submitter	Hypercholesterolemia, familial, 1
LDLR	P01130	Cys89Arg	1	reviewed by expert panel	Hypercholesterolemia, familial, 1|Familial hypercholesterolemia|Cardiovascular phenotype
LDLR	P01130	Cys89Gly	1	criteria provided, multiple submitters, no conflicts	Hypercholesterolemia, familial, 1
LDLR	P01130	Asp90Asn	1	reviewed by expert panel	Hypercholesterolemia, familial, 1|not provided|Familial hypercholesterolemia|Cardiovascular phenotype|Homozygous familial hypercholesterolemia
LDLR	P01130	Asp90Tyr	1	reviewed by expert panel	Hypercholesterolemia, familial, 1|Familial hypercholesterolemia|Cardiovascular phenotype
LDLR	P01130	Asp90Glu	1	reviewed by expert panel	Hypercholesterolemia, familial, 1|Familial hypercholesterolemia|Cardiovascular phenotype
LDLR	P01130	Asp94Tyr	1	criteria provided, multiple submitters, no conflicts	Hypercholesterolemia, familial, 1|Familial hypercholesterolemia
LDLR	P01130	Cys95Gly	1	reviewed by expert panel	Hypercholesterolemia, familial, 1|Familial hypercholesterolemia
LDLR	P01130	Cys95Tyr	1	reviewed by expert panel	Hypercholesterolemia, familial, 1|Familial hypercholesterolemia|not provided
LDLR	P01130	Asp100Asn	1	reviewed by expert panel	Hypercholesterolemia, familial, 1|Familial hypercholesterolemia|Cardiovascular phenotype
LDLR	P01130	Asp100Gly	1	reviewed by expert panel	Hypercholesterolemia, familial, 1
LDLR	P01130	Cys104Phe	1	reviewed by expert panel	Hypercholesterolemia, familial, 1|Familial hypercholesterolemia
LDLR	P01130	Cys104Trp	1	criteria provided, single submitter	Hypercholesterolemia, familial, 1
LDLR	P01130	Arg115Cys	1	reviewed by expert panel	Hypercholesterolemia, familial, 1|Familial hypercholesterolemia|Cardiovascular phenotype|not provided|Autosomal dominant LDLR-related disorders
LDLR	P01130	Cys116Phe	1	criteria provided, single submitter	Hypercholesterolemia, familial, 1
LDLR	P01130	His117Tyr	0	criteria provided, single submitter	Hypercholesterolemia, familial, 1
LDLR	P01130	Cys121Ser	1	criteria provided, multiple submitters, no conflicts	Hypercholesterolemia, familial, 1|Familial hypercholesterolemia
LDLR	P01130	Cys121Gly	1	criteria provided, single submitter	Hypercholesterolemia, familial, 1
LDLR	P01130	Cys121Phe	1	criteria provided, multiple submitters, no conflicts	Hypercholesterolemia, familial, 1|Familial hypercholesterolemia
LDLR	P01130	Ile122Phe	1	criteria provided, single submitter	Hypercholesterolemia, familial, 1
LDLR	P01130	Ser123Thr	0	criteria provided, single submitter	Hypercholesterolemia, familial, 1
LDLR	P01130	Arg124Gly	0	criteria provided, single submitter	Hypercholesterolemia, familial, 1
LDLR	P01130	Phe126Leu	1	criteria provided, single submitter	Hypercholesterolemia, familial, 1
LDLR	P01130	Phe126Tyr	1	criteria provided, single submitter	Hypercholesterolemia, familial, 1
LDLR	P01130	Cys128Phe	1	criteria provided, single submitter	Hypercholesterolemia, familial, 1
LDLR	P01130	Asp129Gly	1	criteria provided, single submitter	Hypercholesterolemia, familial, 1|Familial hypercholesterolemia
LDLR	P01130	Cys134Trp	1	criteria provided, single submitter	Hypercholesterolemia, familial, 1
LDLR	P01130	Asp136Val	1	criteria provided, multiple submitters, no conflicts	Hypercholesterolemia, familial, 1
LDLR	P01130	Asp139Asn	1	criteria provided, multiple submitters, no conflicts	Hypercholesterolemia, familial, 1
LDLR	P01130	Asp139His	1	criteria provided, single submitter	Hypercholesterolemia, familial, 1
LDLR	P01130	Glu140Lys	1	reviewed by expert panel	Hypercholesterolemia, familial, 1|Familial hypercholesterolemia|not provided|Cardiovascular phenotype|See cases
LDLR	P01130	Thr147Ile	1	reviewed by expert panel	Hypercholesterolemia, familial, 1|Familial hypercholesterolemia|not provided|Cardiovascular phenotype
LDLR	P01130	Cys148Trp	1	criteria provided, single submitter	Hypercholesterolemia, familial, 1
LDLR	P01130	Ala151Thr	0	criteria provided, single submitter	Hypercholesterolemia, familial, 1
LDLR	P01130	Phe153Val	1	criteria provided, multiple submitters, no conflicts	Hypercholesterolemia, familial, 1
LDLR	P01130	Phe153Cys	1	criteria provided, single submitter	Hypercholesterolemia, familial, 1
LDLR	P01130	Cys155Phe	1	criteria provided, multiple submitters, no conflicts	Hypercholesterolemia, familial, 1|Cardiovascular phenotype
LDLR	P01130	Ser158Cys	1	criteria provided, multiple submitters, no conflicts	Hypercholesterolemia, familial, 1
LDLR	P01130	Thr159Ile	0	criteria provided, single submitter	Hypercholesterolemia, familial, 1
LDLR	P01130	Trp165Gly	1	criteria provided, single submitter	Hypercholesterolemia, familial, 1
LDLR	P01130	Asp168Gly	1	criteria provided, multiple submitters, no conflicts	Hypercholesterolemia, familial, 1|Familial hypercholesterolemia
LDLR	P01130	Asn169Ile	1	criteria provided, single submitter	Hypercholesterolemia, familial, 1
LDLR	P01130	Asp172Gly	1	criteria provided, multiple submitters, no conflicts	Hypercholesterolemia, familial, 1|Cardiovascular phenotype|Familial hypercholesterolemia
LDLR	P01130	Asp172Glu	1	criteria provided, multiple submitters, no conflicts	Hypercholesterolemia, familial, 1|Cardiovascular phenotype
LDLR	P01130	Cys173Gly	1	criteria provided, multiple submitters, no conflicts	Hypercholesterolemia, familial, 1
LDLR	P01130	Cys173Tyr	1	criteria provided, multiple submitters, no conflicts	Hypercholesterolemia, familial, 1|Familial hypercholesterolemia
LDLR	P01130	Asp175Tyr	1	criteria provided, multiple submitters, no conflicts	Hypercholesterolemia, familial, 1|not provided
LDLR	P01130	Gly176Val	1	criteria provided, multiple submitters, no conflicts	Hypercholesterolemia, familial, 1|not provided
LDLR	P01130	Asp178Asn	1	criteria provided, multiple submitters, no conflicts	Hypercholesterolemia, familial, 1
LDLR	P01130	Asp178Tyr	1	criteria provided, single submitter	Hypercholesterolemia, familial, 1
LDLR	P01130	Glu179Gly	1	criteria provided, single submitter	Hypercholesterolemia, familial, 1
LDLR	P01130	Cys184Trp	1	criteria provided, single submitter	Hypercholesterolemia, familial, 1
LDLR	P01130	Cys197Phe	1	reviewed by expert panel	Hypercholesterolemia, familial, 1|Familial hypercholesterolemia|Cardiovascular phenotype
LDLR	P01130	Phe200Leu	0	criteria provided, single submitter	Hypercholesterolemia, familial, 1
LDLR	P01130	Glu201Lys	1	criteria provided, multiple submitters, no conflicts	Hypercholesterolemia, familial, 1|not provided|Familial hypercholesterolemia|Cardiovascular phenotype
LDLR	P01130	Cys204Tyr	1	criteria provided, multiple submitters, no conflicts	Hypercholesterolemia, familial, 1
LDLR	P01130	Cys204Ser	1	criteria provided, single submitter	Hypercholesterolemia, familial, 1
LDLR	P01130	Cys204Phe	1	criteria provided, multiple submitters, no conflicts	Hypercholesterolemia, familial, 1|Cardiovascular phenotype|Familial hypercholesterolemia
LDLR	P01130	Trp214Ser	1	criteria provided, multiple submitters, no conflicts	Hypercholesterolemia, familial, 1
LDLR	P01130	Arg215Ser	1	criteria provided, multiple submitters, no conflicts	Hypercholesterolemia, familial, 1
LDLR	P01130	Asp221Tyr	1	reviewed by expert panel	Hypercholesterolemia, familial, 1|Familial hypercholesterolemia
LDLR	P01130	Asp221Val	1	criteria provided, multiple submitters, no conflicts	Hypercholesterolemia, familial, 1
LDLR	P01130	Cys222Gly	1	criteria provided, multiple submitters, no conflicts	Hypercholesterolemia, familial, 1|Familial hypercholesterolemia
LDLR	P01130	Cys222Phe	1	reviewed by expert panel	Hypercholesterolemia, familial, 1|Familial hypercholesterolemia
LDLR	P01130	Cys222Trp	1	criteria provided, multiple submitters, no conflicts	Hypercholesterolemia, familial, 1
LDLR	P01130	Lys223Asn	1	criteria provided, multiple submitters, no conflicts	Hypercholesterolemia, familial, 1|Familial hypercholesterolemia
LDLR	P01130	Asp224Ala	1	criteria provided, single submitter	Hypercholesterolemia, familial, 1
LDLR	P01130	Ser226Cys	1	criteria provided, multiple submitters, no conflicts	Hypercholesterolemia, familial, 1|Familial hypercholesterolemia
LDLR	P01130	Cys231Trp	1	reviewed by expert panel	Hypercholesterolemia, familial, 1|Cardiovascular phenotype|Familial hypercholesterolemia
LDLR	P01130	Cys236Arg	1	criteria provided, single submitter	Hypercholesterolemia, familial, 1
LDLR	P01130	Cys243Arg	1	reviewed by expert panel	Hypercholesterolemia, familial, 1|Familial hypercholesterolemia
LDLR	P01130	Cys248Gly	1	criteria provided, single submitter	Hypercholesterolemia, familial, 1
LDLR	P01130	Cys248Tyr	1	criteria provided, multiple submitters, no conflicts	Hypercholesterolemia, familial, 1|Familial hypercholesterolemia
LDLR	P01130	Cys255Ser	1	criteria provided, multiple submitters, no conflicts	Hypercholesterolemia, familial, 1
LDLR	P01130	Cys255Tyr	1	criteria provided, single submitter	Hypercholesterolemia, familial, 1
LDLR	P01130	Asp256Glu	1	criteria provided, single submitter	Hypercholesterolemia, familial, 1
LDLR	P01130	Glu258Lys	0	criteria provided, single submitter	Hypercholesterolemia, familial, 1
LDLR	P01130	Met264Val	0	criteria provided, single submitter	Hypercholesterolemia, familial, 1
LDLR	P01130	Asp266Tyr	1	reviewed by expert panel	Hypercholesterolemia, familial, 1|Familial hypercholesterolemia|Cardiovascular phenotype
LDLR	P01130	Asp266Gly	1	reviewed by expert panel	Hypercholesterolemia, familial, 1|Familial hypercholesterolemia|Cardiovascular phenotype
LDLR	P01130	Asp266Val	1	reviewed by expert panel	Hypercholesterolemia, familial, 1
LDLR	P01130	Glu267Asp	1	criteria provided, multiple submitters, no conflicts	Hypercholesterolemia, familial, 1|Familial hypercholesterolemia
LDLR	P01130	Cys270Ser	1	criteria provided, single submitter	Hypercholesterolemia, familial, 1
LDLR	P01130	Thr274Ser	0	criteria provided, single submitter	Hypercholesterolemia, familial, 1
LDLR	P01130	Cys276Arg	1	reviewed by expert panel	Hypercholesterolemia, familial, 1|Familial hypercholesterolemia|not provided|Dyslipidemia
LDLR	P01130	Cys276Gly	1	criteria provided, multiple submitters, no conflicts	Hypercholesterolemia, familial, 1
LDLR	P01130	Cys284Gly	1	criteria provided, single submitter	Hypercholesterolemia, familial, 1
LDLR	P01130	Ser286Arg	1	reviewed by expert panel	Hypercholesterolemia, familial, 1|Familial hypercholesterolemia|not provided|Cardiovascular phenotype|Dyslipidemia
LDLR	P01130	Gly287Cys	1	reviewed by expert panel	Hypercholesterolemia, familial, 1|Familial hypercholesterolemia
LDLR	P01130	Cys289Arg	1	reviewed by expert panel	Hypercholesterolemia, familial, 1|Cardiovascular phenotype
LDLR	P01130	Ile290Ser	1	criteria provided, single submitter	Hypercholesterolemia, familial, 1
LDLR	P01130	Lys294Glu	1	criteria provided, multiple submitters, no conflicts	Hypercholesterolemia, familial, 1|not provided
LDLR	P01130	Arg300Gly	1	reviewed by expert panel	Hypercholesterolemia, familial, 1|not provided|Cardiovascular phenotype|Familial hypercholesterolemia
LDLR	P01130	Asp301Ala	1	criteria provided, single submitter	Hypercholesterolemia, familial, 1
LDLR	P01130	Cys302Tyr	1	reviewed by expert panel	Hypercholesterolemia, familial, 1|Familial hypercholesterolemia
LDLR	P01130	Asp304Tyr	1	reviewed by expert panel	Hypercholesterolemia, familial, 1|Familial hypercholesterolemia
LDLR	P01130	Asp307His	1	criteria provided, multiple submitters, no conflicts	Hypercholesterolemia, familial, 1|Familial hypercholesterolemia
LDLR	P01130	Glu308Lys	1	criteria provided, multiple submitters, no conflicts	Hypercholesterolemia, familial, 1|Familial hypercholesterolemia
LDLR	P01130	Ile310Thr	0	criteria provided, single submitter	Hypercholesterolemia, familial, 1
LDLR	P01130	Cys313Arg	1	reviewed by expert panel	Hypercholesterolemia, familial, 1|Familial hypercholesterolemia
LDLR	P01130	Cys313Gly	1	criteria provided, multiple submitters, no conflicts	Hypercholesterolemia, familial, 1|Cardiovascular phenotype|Familial hypercholesterolemia|not provided
LDLR	P01130	Cys318Tyr	1	criteria provided, multiple submitters, no conflicts	Hypercholesterolemia, familial, 1|Cardiovascular phenotype
LDLR	P01130	Cys325Tyr	1	reviewed by expert panel	Hypercholesterolemia, familial, 1|Familial hypercholesterolemia|not provided|Cardiovascular phenotype|Dyslipidemia
LDLR	P01130	Ser326Cys	1	reviewed by expert panel	Hypercholesterolemia, familial, 1|Familial hypercholesterolemia|not provided
LDLR	P01130	Ser326Phe	1	reviewed by expert panel	Hypercholesterolemia, familial, 1
LDLR	P01130	Cys329Phe	1	criteria provided, multiple submitters, no conflicts	Hypercholesterolemia, familial, 1
LDLR	P01130	Cys338Arg	1	criteria provided, single submitter	Hypercholesterolemia, familial, 1
LDLR	P01130	Pro341Arg	0	criteria provided, single submitter	Hypercholesterolemia, familial, 1
LDLR	P01130	Gly343Cys	1	reviewed by expert panel	Hypercholesterolemia, familial, 1
LDLR	P01130	Gly343Asp	1	reviewed by expert panel	Hypercholesterolemia, familial, 1|Cardiovascular phenotype|Familial hypercholesterolemia
LDLR	P01130	Cys352Ser	1	criteria provided, multiple submitters, no conflicts	Hypercholesterolemia, familial, 1|Cardiovascular phenotype
LDLR	P01130	Cys352Arg	1	criteria provided, multiple submitters, no conflicts	Hypercholesterolemia, familial, 1
LDLR	P01130	Asp354Ala	1	criteria provided, multiple submitters, no conflicts	Hypercholesterolemia, familial, 1|Cardiovascular phenotype
LDLR	P01130	Asp356Ala	1	reviewed by expert panel	Hypercholesterolemia, familial, 1
LDLR	P01130	Glu357Lys	1	reviewed by expert panel	Hypercholesterolemia, familial, 1|Familial hypercholesterolemia|not provided|Cardiovascular phenotype|Homozygous familial hypercholesterolemia
LDLR	P01130	Cys364Arg	1	reviewed by expert panel	Hypercholesterolemia, familial, 1|Familial hypercholesterolemia|not provided|Cardiovascular phenotype
LDLR	P01130	Cys364Ser	1	criteria provided, multiple submitters, no conflicts	Hypercholesterolemia, familial, 1
LDLR	P01130	Cys364Phe	1	criteria provided, single submitter	Hypercholesterolemia, familial, 1
LDLR	P01130	Gln366Pro	1	criteria provided, multiple submitters, no conflicts	Hypercholesterolemia, familial, 1|Cardiovascular phenotype
LDLR	P01130	Cys368Gly	1	criteria provided, single submitter	Hypercholesterolemia, familial, 1
LDLR	P01130	Cys368Ser	1	criteria provided, multiple submitters, no conflicts	Hypercholesterolemia, familial, 1
LDLR	P01130	Gly373Cys	1	criteria provided, multiple submitters, no conflicts	Hypercholesterolemia, familial, 1|not provided|Familial hypercholesterolemia
LDLR	P01130	Gly396Ser	1	reviewed by expert panel	Hypercholesterolemia, familial, 1|Cardiovascular phenotype
LDLR	P01130	Thr404Ile	1	reviewed by expert panel	Hypercholesterolemia, familial, 1|Dyslipidemia|Familial hypercholesterolemia
LDLR	P01130	Glu408Val	1	reviewed by expert panel	Hypercholesterolemia, familial, 1|Familial hypercholesterolemia|Cardiovascular phenotype|not provided
LDLR	P01130	Arg410Ser	1	criteria provided, single submitter	Hypercholesterolemia, familial, 1
LDLR	P01130	Lys411Glu	1	criteria provided, multiple submitters, no conflicts	Hypercholesterolemia, familial, 1
LDLR	P01130	Met412Ile	0	criteria provided, single submitter	Hypercholesterolemia, familial, 1
LDLR	P01130	Asp415His	1	reviewed by expert panel	Hypercholesterolemia, familial, 1|Familial hypercholesterolemia
LDLR	P01130	Asp415Gly	1	reviewed by expert panel	Hypercholesterolemia, familial, 1
LDLR	P01130	Arg416Pro	1	criteria provided, multiple submitters, no conflicts	Hypercholesterolemia, familial, 1|Familial hypercholesterolemia
LDLR	P01130	Arg416Leu	1	criteria provided, multiple submitters, no conflicts	Hypercholesterolemia, familial, 1|Familial hypercholesterolemia|Hypercholesterolemia, familial, 4
LDLR	P01130	Leu426Pro	1	reviewed by expert panel	Hypercholesterolemia, familial, 1|Familial hypercholesterolemia|Cardiovascular phenotype
LDLR	P01130	Leu432Pro	1	criteria provided, multiple submitters, no conflicts	Hypercholesterolemia, familial, 1|Familial hypercholesterolemia
LDLR	P01130	Asp433Tyr	1	criteria provided, single submitter	Hypercholesterolemia, familial, 1
LDLR	P01130	Thr434Lys	1	reviewed by expert panel	Hypercholesterolemia, familial, 1|Familial hypercholesterolemia
LDLR	P01130	Thr434Arg	1	reviewed by expert panel	Hypercholesterolemia, familial, 1|Familial hypercholesterolemia|Cardiovascular phenotype
LDLR	P01130	Ile441Thr	1	reviewed by expert panel	Hypercholesterolemia, familial, 1|Familial hypercholesterolemia|Cardiovascular phenotype|LDLR-related disorder
LDLR	P01130	Tyr442Asn	1	criteria provided, single submitter	Hypercholesterolemia, familial, 1
LDLR	P01130	Trp443Ser	1	reviewed by expert panel	Hypercholesterolemia, familial, 1|Familial hypercholesterolemia
LDLR	P01130	Trp443Cys	1	reviewed by expert panel	Hypercholesterolemia, familial, 1|not provided|Familial hypercholesterolemia|Homozygous familial hypercholesterolemia|Cardiovascular phenotype
LDLR	P01130	Trp443Cys	1	reviewed by expert panel	Hypercholesterolemia, familial, 1|Familial hypercholesterolemia|not provided
LDLR	P01130	Ser447Pro	1	criteria provided, single submitter	Hypercholesterolemia, familial, 1
LDLR	P01130	Ile451Phe	1	criteria provided, multiple submitters, no conflicts	Hypercholesterolemia, familial, 1|Familial hypercholesterolemia
LDLR	P01130	Thr454Asn	1	reviewed by expert panel	Hypercholesterolemia, familial, 1
LDLR	P01130	Ala459Gly	0	criteria provided, single submitter	Hypercholesterolemia, familial, 1
LDLR	P01130	Arg471Gly	0	criteria provided, single submitter	Hypercholesterolemia, familial, 1
LDLR	P01130	Ile473Asn	1	criteria provided, multiple submitters, no conflicts	Hypercholesterolemia, familial, 1|Familial hypercholesterolemia
LDLR	P01130	Pro476Ser	1	criteria provided, single submitter	Hypercholesterolemia, familial, 1
LDLR	P01130	Ala480Pro	1	criteria provided, single submitter	Hypercholesterolemia, familial, 1
LDLR	P01130	Asp482His	1	reviewed by expert panel	Hypercholesterolemia, familial, 1|Familial hypercholesterolemia
LDLR	P01130	Asp482Gly	1	reviewed by expert panel	Hypercholesterolemia, familial, 1|Familial hypercholesterolemia
LDLR	P01130	Ile488Asn	1	reviewed by expert panel	Hypercholesterolemia, familial, 1|Familial hypercholesterolemia
LDLR	P01130	Trp490Gly	1	criteria provided, multiple submitters, no conflicts	Hypercholesterolemia, familial, 1|Familial hypercholesterolemia
LDLR	P01130	Asp492Gly	1	reviewed by expert panel	Hypercholesterolemia, familial, 1|not provided|Familial hypercholesterolemia
LDLR	P01130	Val498Phe	0	criteria provided, single submitter	Hypercholesterolemia, familial, 1
LDLR	P01130	Ser499Pro	1	reviewed by expert panel	Hypercholesterolemia, familial, 1|Familial hypercholesterolemia
LDLR	P01130	Lys507Thr	1	criteria provided, single submitter	Hypercholesterolemia, familial, 1
LDLR	P01130	Lys509Glu	1	criteria provided, multiple submitters, no conflicts	Hypercholesterolemia, familial, 1|Cardiovascular phenotype
LDLR	P01130	Leu511Ser	1	criteria provided, single submitter	Hypercholesterolemia, familial, 1
LDLR	P01130	Val523Leu	1	reviewed by expert panel	Hypercholesterolemia, familial, 1
LDLR	P01130	Asp525Val	1	criteria provided, multiple submitters, no conflicts	Hypercholesterolemia, familial, 1|Cardiovascular phenotype|Familial hypercholesterolemia
LDLR	P01130	Asp535Tyr	1	criteria provided, single submitter	Hypercholesterolemia, familial, 1
LDLR	P01130	Trp536Gly	1	criteria provided, multiple submitters, no conflicts	Hypercholesterolemia, familial, 1|Familial hypercholesterolemia
LDLR	P01130	Ala540Ser	1	reviewed by expert panel	Hypercholesterolemia, familial, 1
LDLR	P01130	Asn548Lys	1	criteria provided, single submitter	Hypercholesterolemia, familial, 1
LDLR	P01130	Asn548Lys	1	criteria provided, multiple submitters, no conflicts	Hypercholesterolemia, familial, 1
LDLR	P01130	Gly549Val	1	criteria provided, single submitter	Hypercholesterolemia, familial, 1
LDLR	P01130	Leu555Pro	1	criteria provided, multiple submitters, no conflicts	Hypercholesterolemia, familial, 1
LDLR	P01130	Ser572Asn	0	criteria provided, multiple submitters, no conflicts	Hypercholesterolemia, familial, 1
LDLR	P01130	Arg574His	1	reviewed by expert panel	Hypercholesterolemia, familial, 1|Familial hypercholesterolemia|Cardiovascular phenotype|not provided|not specified|LDLR-related disorder
LDLR	P01130	Tyr576Ser	1	criteria provided, single submitter	Hypercholesterolemia, familial, 1
LDLR	P01130	Trp577Gly	1	reviewed by expert panel	Hypercholesterolemia, familial, 1|Familial hypercholesterolemia
LDLR	P01130	Asp579Ala	1	criteria provided, single submitter	Hypercholesterolemia, familial, 1
LDLR	P01130	Asp579Gly	1	criteria provided, multiple submitters, no conflicts	Hypercholesterolemia, familial, 1
LDLR	P01130	Asp579Glu	1	criteria provided, single submitter	Hypercholesterolemia, familial, 1
LDLR	P01130	His583Arg	1	reviewed by expert panel	Hypercholesterolemia, familial, 1|Familial hypercholesterolemia
LDLR	P01130	His583Gln	1	reviewed by expert panel	Hypercholesterolemia, familial, 1
LDLR	P01130	Ser584Pro	1	reviewed by expert panel	Hypercholesterolemia, familial, 1|Familial hypercholesterolemia
LDLR	P01130	Ile585Asn	1	criteria provided, single submitter	Hypercholesterolemia, familial, 1
LDLR	P01130	Arg595Leu	1	reviewed by expert panel	Hypercholesterolemia, familial, 1
LDLR	P01130	Leu599Ser	1	reviewed by expert panel	Hypercholesterolemia, familial, 1|Cardiovascular phenotype|Familial hypercholesterolemia
LDLR	P01130	Asp601Tyr	1	criteria provided, single submitter	Hypercholesterolemia, familial, 1
LDLR	P01130	Asp601Val	1	criteria provided, multiple submitters, no conflicts	Hypercholesterolemia, familial, 1|Familial hypercholesterolemia
LDLR	P01130	Lys603Asn	0	criteria provided, single submitter	Hypercholesterolemia, familial, 1
LDLR	P01130	His607Arg	1	criteria provided, single submitter	Hypercholesterolemia, familial, 1
LDLR	P01130	Pro608Arg	1	criteria provided, multiple submitters, no conflicts	Hypercholesterolemia, familial, 1
LDLR	P01130	Ser610Cys	1	criteria provided, multiple submitters, no conflicts	Hypercholesterolemia, familial, 1
LDLR	P01130	Leu611Phe	1	criteria provided, multiple submitters, no conflicts	Hypercholesterolemia, familial, 1|Cardiovascular phenotype
LDLR	P01130	Phe614Ile	1	reviewed by expert panel	Hypercholesterolemia, familial, 1
LDLR	P01130	Phe619Leu	1	reviewed by expert panel	Hypercholesterolemia, familial, 1|Familial hypercholesterolemia|not provided|Cardiovascular phenotype
LDLR	P01130	Phe619Ser	1	reviewed by expert panel	Hypercholesterolemia, familial, 1|Familial hypercholesterolemia
LDLR	P01130	Phe619Cys	1	reviewed by expert panel	Hypercholesterolemia, familial, 1
LDLR	P01130	Trp620Arg	1	criteria provided, single submitter	Hypercholesterolemia, familial, 1
LDLR	P01130	Trp620Cys	1	criteria provided, multiple submitters, no conflicts	Hypercholesterolemia, familial, 1
LDLR	P01130	Asp622Ala	1	criteria provided, multiple submitters, no conflicts	Hypercholesterolemia, familial, 1|Familial hypercholesterolemia
LDLR	P01130	Ala627Val	1	criteria provided, multiple submitters, no conflicts	Hypercholesterolemia, familial, 1|Familial hypercholesterolemia|Cardiovascular phenotype
LDLR	P01130	Phe629Cys	1	criteria provided, multiple submitters, no conflicts	Hypercholesterolemia, familial, 1|Familial hypercholesterolemia
LDLR	P01130	Ala631Asp	1	criteria provided, single submitter	Hypercholesterolemia, familial, 1
LDLR	P01130	Arg633Leu	1	reviewed by expert panel	Hypercholesterolemia, familial, 1|Familial hypercholesterolemia
LDLR	P01130	Val639Gly	1	reviewed by expert panel	Hypercholesterolemia, familial, 1
LDLR	P01130	Leu642Ser	1	criteria provided, single submitter	Hypercholesterolemia, familial, 1
LDLR	P01130	Ser648Pro	1	reviewed by expert panel	Hypercholesterolemia, familial, 1|not provided|Familial hypercholesterolemia
LDLR	P01130	Asp651Tyr	1	reviewed by expert panel	Hypercholesterolemia, familial, 1
LDLR	P01130	Phe655Leu	1	reviewed by expert panel	Hypercholesterolemia, familial, 1
LDLR	P01130	Leu658Pro	1	criteria provided, multiple submitters, no conflicts	Hypercholesterolemia, familial, 1
LDLR	P01130	Thr659Pro	1	reviewed by expert panel	Hypercholesterolemia, familial, 1
LDLR	P01130	Gln660Lys	1	criteria provided, single submitter	Hypercholesterolemia, familial, 1
LDLR	P01130	Gly663Glu	1	criteria provided, multiple submitters, no conflicts	Hypercholesterolemia, familial, 1|not provided
LDLR	P01130	Cys667Ser	1	criteria provided, single submitter	Hypercholesterolemia, familial, 1
LDLR	P01130	Cys667Phe	1	criteria provided, multiple submitters, no conflicts	Hypercholesterolemia, familial, 1|Cardiovascular phenotype
LDLR	P01130	Gly675Ser	1	reviewed by expert panel	Hypercholesterolemia, familial, 1|Familial hypercholesterolemia|Cardiovascular phenotype|not provided
LDLR	P01130	Cys681Gly	1	reviewed by expert panel	Hypercholesterolemia, familial, 1|not provided|Familial hypercholesterolemia
LDLR	P01130	Cys681Trp	1	reviewed by expert panel	Hypercholesterolemia, familial, 1
LDLR	P01130	Pro685Thr	1	criteria provided, single submitter	Hypercholesterolemia, familial, 1
LDLR	P01130	Phe694Val	1	criteria provided, single submitter	Hypercholesterolemia, familial, 1
LDLR	P01130	Cys696Trp	1	criteria provided, multiple submitters, no conflicts	Hypercholesterolemia, familial, 1
LDLR	P01130	Ala697Pro	1	reviewed by expert panel	Hypercholesterolemia, familial, 1|Familial hypercholesterolemia
LDLR	P01130	Asp700Gly	1	reviewed by expert panel	Hypercholesterolemia, familial, 1|Familial hypercholesterolemia|not provided
LDLR	P01130	Asp707Tyr	1	reviewed by expert panel	Hypercholesterolemia, familial, 1
LDLR	P01130	Cys711Ser	1	criteria provided, single submitter	Hypercholesterolemia, familial, 1
LDLR	P01130	Cys711Phe	1	criteria provided, single submitter	Hypercholesterolemia, familial, 1
LDLR	P01130	Val719Leu	0	criteria provided, single submitter	Hypercholesterolemia, familial, 1
LDLR	P01130	Ile764Thr	0	reviewed by expert panel	Hypercholesterolemia, familial, 1|Familial hypercholesterolemia|Cardiovascular phenotype
LDLR	P01130	Val765Gly	0	criteria provided, single submitter	Hypercholesterolemia, familial, 1
LDLR	P01130	Leu799Arg	1	criteria provided, multiple submitters, no conflicts	Hypercholesterolemia, familial, 1|Cardiovascular phenotype
LDLR	P01130	Gly805Arg	1	criteria provided, multiple submitters, no conflicts	Hypercholesterolemia, familial, 1
LDLR	P01130	Val806Asp	0	criteria provided, single submitter	Hypercholesterolemia, familial, 1
LDLR	P01130	Asn825Asp	1	reviewed by expert panel	Hypercholesterolemia, familial, 1
LDLR	P01130	Asn825Lys	1	reviewed by expert panel	Hypercholesterolemia, familial, 1|not provided|Familial hypercholesterolemia
LDLR	P01130	Tyr828His	1	criteria provided, multiple submitters, no conflicts	Hypercholesterolemia, familial, 1
LDLR	P01130	Val859Met	0	reviewed by expert panel	Hypercholesterolemia, familial, 1|Familial hypercholesterolemia|not provided|Cardiovascular phenotype|not specified
BRCA1	P38398	Tyr1703Asp	1	criteria provided, multiple submitters, no conflicts	Breast-ovarian cancer, familial, susceptibility to, 1|Hereditary breast ovarian cancer syndrome
BRCA1	P38398	Ile26Asn	1	no assertion criteria provided	Breast-ovarian cancer, familial, susceptibility to, 1
EGFR	P00533	Cys326Phe	1	no assertion criteria provided	Cowden syndrome 1
BRCA1	P38398	Val1838Gly	1	criteria provided, single submitter	Breast-ovarian cancer, familial, susceptibility to, 1
FBN1	P35555	Thr2788Met	0	reviewed by expert panel	Familial thoracic aortic aneurysm and aortic dissection|Marfan syndrome|not provided|Familial thoracic aortic aneurysm and aortic dissection;Marfan syndrome
FBN1	P35555	Cys2455Arg	1	criteria provided, single submitter	Familial thoracic aortic aneurysm and aortic dissection
FBN1	P35555	Cys2331Ser	1	criteria provided, single submitter	Familial thoracic aortic aneurysm and aortic dissection
FBN1	P35555	Asn2144His	1	criteria provided, multiple submitters, no conflicts	Cardiovascular phenotype|Familial thoracic aortic aneurysm and aortic dissection;Marfan syndrome
FBN1	P35555	Cys2011Tyr	1	reviewed by expert panel	not provided|not specified|Familial thoracic aortic aneurysm and aortic dissection;Marfan syndrome|Familial thoracic aortic aneurysm and aortic dissection|Marfan syndrome
FBN1	P35555	Cys2258Tyr	1	criteria provided, single submitter	Familial thoracic aortic aneurysm and aortic dissection|FBN1-related disorder
FBN1	P35555	Cys1942Ser	1	criteria provided, single submitter	Familial thoracic aortic aneurysm and aortic dissection
FBN1	P35555	Cys1195Tyr	1	criteria provided, single submitter	Familial thoracic aortic aneurysm and aortic dissection
FBN1	P35555	Met1230Thr	0	reviewed by expert panel	Familial thoracic aortic aneurysm and aortic dissection;Marfan syndrome|Familial thoracic aortic aneurysm and aortic dissection|Marfan syndrome|FBN1-related disorder
FBN1	P35555	Cys1153Arg	1	reviewed by expert panel	Cardiovascular phenotype|Familial thoracic aortic aneurysm and aortic dissection|Marfan syndrome
FBN1	P35555	Cys875Tyr	1	reviewed by expert panel	Familial thoracic aortic aneurysm and aortic dissection|Familial thoracic aortic aneurysm and aortic dissection;Marfan syndrome|Marfan syndrome
FBN1	P35555	Cys792Phe	1	criteria provided, single submitter	Familial thoracic aortic aneurysm and aortic dissection
FBN1	P35555	Cys734Tyr	1	criteria provided, multiple submitters, no conflicts	Cardiovascular phenotype|Familial thoracic aortic aneurysm and aortic dissection;Marfan syndrome
FBN1	P35555	Met1Ile	1	criteria provided, multiple submitters, no conflicts	Brugada syndrome 1|Familial thoracic aortic aneurysm and aortic dissection
FBN1	P35555	Cys377Arg	1	criteria provided, multiple submitters, no conflicts	Familial thoracic aortic aneurysm and aortic dissection;Marfan syndrome|Familial thoracic aortic aneurysm and aortic dissection
BRAF	P15056	Trp531Cys	1	criteria provided, single submitter	not provided
COL1A1	P02452	Gly560Ser	1	criteria provided, multiple submitters, no conflicts	not provided|Osteogenesis imperfecta type I|Osteogenesis imperfecta|Ehlers-Danlos syndrome|COL1A1-related disorder|Osteogenesis imperfecta type I;Osteogenesis imperfecta with normal sclerae, dominant form;Osteogenesis imperfecta type III
BRCA2	P51587	Asn1766Lys	0	criteria provided, single submitter	Malignant tumor of breast|Hereditary cancer-predisposing syndrome
BRCA1	P38398	Arg71Thr	1	criteria provided, multiple submitters, no conflicts	Breast-ovarian cancer, familial, susceptibility to, 1|Hereditary cancer-predisposing syndrome|Hereditary breast ovarian cancer syndrome|Ovarian neoplasm
BRCA1	P38398	Cys47Ser	1	criteria provided, single submitter	Breast-ovarian cancer, familial, susceptibility to, 1
BRCA1	P38398	Cys39Trp	1	criteria provided, multiple submitters, no conflicts	Breast-ovarian cancer, familial, susceptibility to, 1|Hereditary breast ovarian cancer syndrome
BRCA1	P38398	Met1Ile	1	criteria provided, single submitter	Breast-ovarian cancer, familial, susceptibility to, 1
BRAF	P15056	Phe498Tyr	1	criteria provided, single submitter	not provided
BRAF	P15056	Gly464Arg	1	criteria provided, multiple submitters, no conflicts	not provided|Noonan syndrome 7
BRAF	P15056	Thr599Arg	1	reviewed by expert panel	not provided|Cardiofaciocutaneous syndrome 1|RASopathy
PTEN	P60484	Cys211Trp	1	reviewed by expert panel	not provided|Hereditary cancer-predisposing syndrome|PTEN hamartoma tumor syndrome|Cowden syndrome 1
PTEN	P60484	Tyr27Ser	1	reviewed by expert panel	not provided|PTEN hamartoma tumor syndrome|Hereditary cancer-predisposing syndrome|Cowden syndrome 1|Cowden syndrome
COL1A1	P02452	Gly1139Ser	1	criteria provided, single submitter	not provided
FBN1	P35555	Met1Arg	1	criteria provided, multiple submitters, no conflicts	not provided|Familial thoracic aortic aneurysm and aortic dissection;Marfan syndrome
COL1A1	P02452	Gly707Ser	1	criteria provided, single submitter	not provided
COL1A1	P02452	Gly977Val	1	criteria provided, single submitter	not provided
COL1A1	P02452	Gly863Ala	1	criteria provided, single submitter	not provided
COL1A1	P02452	Gly1043Arg	1	criteria provided, single submitter	not provided
BRAF	P15056	Thr589Pro	1	criteria provided, single submitter	not provided
BRAF	P15056	Leu525Arg	1	criteria provided, single submitter	not provided|Malignant lymphoma, large B-cell, diffuse
BRAF	P15056	Gly464Arg	1	criteria provided, multiple submitters, no conflicts	not provided|Cardio-facio-cutaneous syndrome|RASopathy|Prostate cancer, hereditary, 1|Noonan syndrome 7
PTEN	P60484	Arg47Lys	1	reviewed by expert panel	not provided|PTEN hamartoma tumor syndrome|Glioma susceptibility 2|Hereditary cancer-predisposing syndrome
PTEN	P60484	Asp107Val	1	reviewed by expert panel	not provided|PTEN hamartoma tumor syndrome|Macrocephaly-autism syndrome|Cowden syndrome 1
KRAS	P01116	Lys5Asn	1	criteria provided, single submitter	not provided
FBN1	P35555	Cys2029Tyr	1	criteria provided, multiple submitters, no conflicts	not provided|Marfan syndrome;Familial thoracic aortic aneurysm and aortic dissection|Marfan syndrome
FBN1	P35555	Cys1263Trp	1	criteria provided, single submitter	not provided
COL1A1	P02452	Gly1070Ser	1	criteria provided, single submitter	not provided
LDLR	P01130	Gly592Arg	1	reviewed by expert panel	Hypercholesterolemia, familial, 1|Familial hypercholesterolemia|Cardiovascular phenotype|not provided|LDLR-related disorder
BRCA1	P38398	Ser1655Pro	1	reviewed by expert panel	Breast neoplasm|Hereditary breast ovarian cancer syndrome|Breast-ovarian cancer, familial, susceptibility to, 1|Malignant tumor of breast|not provided|Inherited ovarian cancer (without breast cancer)|BRCA1-related cancer predisposition
FBN1	P35555	Cys2672Trp	1	criteria provided, single submitter	7 conditions
FBN1	P35555	Tyr2425Cys	1	no assertion criteria provided	Dilatation of aorta;Ascending aortic dissection;Polycystic liver disease 1;Aortic dissection
FBN1	P35555	Asn2267Ile	1	no assertion criteria provided	7 conditions
FBN1	P35555	Cys494Phe	1	criteria provided, single submitter	Pectus carinatum;Lens subluxation;Myopia;Tall stature
FBN1	P35555	Pro2002Ser	1	criteria provided, single submitter	Congenital contractural arachnodactyly;Marfan syndrome
APOE	P02649	Arg154Leu	1	criteria provided, single submitter	Abnormal circulating lipid concentration
LDLR	P01130	Ala18Val	0	criteria provided, single submitter	Hypercholesterolemia, familial, 1
LDLR	P01130	Cys68Arg	1	criteria provided, multiple submitters, no conflicts	Familial hypercholesterolemia|Hypercholesterolemia, familial, 1
LDLR	P01130	Asp168Ala	1	criteria provided, multiple submitters, no conflicts	Hypercholesterolemia, familial, 1
LDLR	P01130	Ile210Thr	1	criteria provided, single submitter	Hypercholesterolemia, familial, 1
LDLR	P01130	Asp224Glu	1	criteria provided, multiple submitters, no conflicts	Familial hypercholesterolemia|Hypercholesterolemia, familial, 1
LDLR	P01130	Cys236Gly	1	criteria provided, single submitter	Hypercholesterolemia, familial, 1
LDLR	P01130	Cys248Ser	1	criteria provided, multiple submitters, no conflicts	Hypercholesterolemia, familial, 1
LDLR	P01130	Glu308Asp	1	criteria provided, single submitter	Hypercholesterolemia, familial, 1
LDLR	P01130	Gly323Cys	1	reviewed by expert panel	Hypercholesterolemia, familial, 1|not provided
LDLR	P01130	Cys329Arg	1	criteria provided, single submitter	Hypercholesterolemia, familial, 1
LDLR	P01130	Cys379Gly	1	criteria provided, single submitter	Hypercholesterolemia, familial, 1
LDLR	P01130	Phe402Ser	1	criteria provided, single submitter	Hypercholesterolemia, familial, 1
LDLR	P01130	Tyr419Cys	1	criteria provided, multiple submitters, no conflicts	Hypercholesterolemia, familial, 1
LDLR	P01130	Asn439Tyr	1	criteria provided, multiple submitters, no conflicts	Hypercholesterolemia, familial, 1
LDLR	P01130	Gly565Asp	1	criteria provided, multiple submitters, no conflicts	Hypercholesterolemia, familial, 1|Familial hypercholesterolemia
LDLR	P01130	Asp569Asn	1	criteria provided, single submitter	Hypercholesterolemia, familial, 1
LDLR	P01130	Gln686Glu	1	criteria provided, single submitter	Hypercholesterolemia, familial, 1
BRAF	P15056	Asp594Glu	1	no assertion criteria provided	Cardio-facio-cutaneous syndrome
BRAF	P15056	Asp594Val	1	reviewed by expert panel	RASopathy|Cardio-facio-cutaneous syndrome
PTEN	P60484	Arg130Gly	1	reviewed by expert panel	PTEN hamartoma tumor syndrome|Endometrial carcinoma|not provided|Cowden syndrome 1|Hereditary cancer-predisposing syndrome|Neoplasm
PTEN	P60484	Arg159Ser	1	reviewed by expert panel	PTEN hamartoma tumor syndrome|Neoplasm|Macrocephaly-autism syndrome
KRAS	P01116	Lys117Asn	1	criteria provided, single submitter	Mosaic KRAS-related syndrome|Neoplasm|Neuroblastoma
KRAS	P01116	Lys117Asn	1	criteria provided, multiple submitters, no conflicts	not provided|Encephalocraniocutaneous lipomatosis|Colorectal cancer|Primary intracranial sarcoma, DICER1-mutant|Embryonal rhabdomyosarcoma
KRAS	P01116	Leu19Phe	1	no assertion criteria provided	not provided|Neoplasm
TP53	P04637	Cys135Gly	1	reviewed by expert panel	Ovarian neoplasm|Li-Fraumeni syndrome|Hereditary cancer-predisposing syndrome|Li-Fraumeni syndrome 1
TP53	P04637	Cys141Trp	1	criteria provided, multiple submitters, no conflicts	Li-Fraumeni syndrome|Hereditary cancer-predisposing syndrome|Diffuse midline glioma, H3 K27M-mutant
TP53	P04637	Cys242Trp	1	criteria provided, single submitter	Li-Fraumeni syndrome
TP53	P04637	Cys275Phe	1	criteria provided, multiple submitters, no conflicts	Ovarian neoplasm|Li-Fraumeni syndrome|Hereditary cancer-predisposing syndrome|Neoplasm|Diffuse glioma, H3 G34 mutant
TP53	P04637	Glu286Ala	1	criteria provided, single submitter	Li-Fraumeni syndrome 1
TP53	P04637	Phe270Val	1	criteria provided, single submitter	Hereditary cancer-predisposing syndrome|Choroid plexus carcinoma
TP53	P04637	Gly244Ser	1	criteria provided, multiple submitters, no conflicts	Hereditary cancer-predisposing syndrome|Li-Fraumeni syndrome|Rhabdomyosarcoma|Li-Fraumeni syndrome 1|Gastric cancer|Adrenocortical carcinoma, hereditary|Malignant tumor of urinary bladder|Neoplasm|Diffuse midline glioma, H3 K27M-mutant|Juvenile type testicular granulosa cell tumor
TP53	P04637	Gly244Val	1	criteria provided, single submitter	Ovarian neoplasm|Li-Fraumeni syndrome 1
TP53	P04637	Gly245Val	1	criteria provided, multiple submitters, no conflicts	Hereditary cancer-predisposing syndrome|Li-Fraumeni syndrome|not provided|Li-Fraumeni syndrome 1|Neoplasm|Adrenocortical carcinoma, hereditary
TP53	P04637	Gly266Arg	1	criteria provided, multiple submitters, no conflicts	Li-Fraumeni syndrome|Hereditary cancer-predisposing syndrome|Li-Fraumeni syndrome 1
TP53	P04637	His193Pro	1	reviewed by expert panel	Li-Fraumeni syndrome|Hereditary cancer-predisposing syndrome
TP53	P04637	His214Arg	1	reviewed by expert panel	Li-Fraumeni syndrome|Hereditary cancer-predisposing syndrome|not provided|Li-Fraumeni syndrome 1|Neoplasm|12 conditions|TP53-related disorder
TP53	P04637	His214Leu	1	reviewed by expert panel	Li-Fraumeni syndrome|Hereditary cancer-predisposing syndrome
TP53	P04637	Lys132Asn	1	reviewed by expert panel	Li-Fraumeni syndrome 1|not provided|Neoplasm|Choroid plexus carcinoma|Hereditary cancer-predisposing syndrome|Squamous cell carcinoma of the head and neck|Li-Fraumeni syndrome
TP53	P04637	Leu111Pro	1	reviewed by expert panel	Ovarian neoplasm|not provided|Li-Fraumeni syndrome|Li-Fraumeni syndrome 1|Hereditary cancer-predisposing syndrome
TP53	P04637	Leu111Arg	1	reviewed by expert panel	Li-Fraumeni syndrome
TP53	P04637	Leu111Gln	1	reviewed by expert panel	Li-Fraumeni syndrome 1|Hereditary cancer-predisposing syndrome|Li-Fraumeni syndrome
TP53	P04637	Leu194Arg	1	reviewed by expert panel	Colorectal cancer|Li-Fraumeni syndrome|Hereditary cancer-predisposing syndrome|Ovarian neoplasm|Li-Fraumeni syndrome 1|Hereditary breast ovarian cancer syndrome|TP53-related disorder
TP53	P04637	Pro151Ala	1	criteria provided, multiple submitters, no conflicts	Li-Fraumeni syndrome|Hereditary cancer-predisposing syndrome
TP53	P04637	Arg175Gly	1	reviewed by expert panel	Ovarian neoplasm|Li-Fraumeni syndrome|not provided|Hereditary cancer-predisposing syndrome|Li-Fraumeni syndrome 1|Neoplasm
TP53	P04637	Arg273Leu	1	criteria provided, multiple submitters, no conflicts	Ovarian neoplasm|Li-Fraumeni syndrome|not provided|Hereditary cancer-predisposing syndrome|Li-Fraumeni syndrome 1|12 conditions|Neoplasm|Neuroendocrine tumor of pancreas|Embryonal rhabdomyosarcoma
TP53	P04637	Arg273Ser	1	criteria provided, multiple submitters, no conflicts	Hereditary cancer-predisposing syndrome|Li-Fraumeni syndrome|Li-Fraumeni syndrome 1|Lung cancer|Gastric cancer|Hepatocellular carcinoma
TP53	P04637	Tyr163His	1	reviewed by expert panel	Hereditary cancer-predisposing syndrome|Li-Fraumeni syndrome|Li-Fraumeni syndrome 1|Adrenocortical carcinoma, hereditary
TP53	P04637	Tyr205Cys	1	criteria provided, multiple submitters, no conflicts	Li-Fraumeni syndrome|Li-Fraumeni syndrome 1|Hereditary cancer-predisposing syndrome|TP53-related disorder|not provided
FBN1	P35555	Cys596Gly	1	criteria provided, multiple submitters, no conflicts	not provided|Familial thoracic aortic aneurysm and aortic dissection;Marfan syndrome|Familial thoracic aortic aneurysm and aortic dissection
BRCA2	P51587	Ile3412Ser	0	criteria provided, single submitter	not specified|Malignant tumor of breast
FBN1	P35555	Gly2668Cys	1	reviewed by expert panel	not provided|Marfan syndrome|Marfan syndrome;Familial thoracic aortic aneurysm and aortic dissection
FBN1	P35555	Asp2402His	1	criteria provided, single submitter	not provided
FBN1	P35555	Cys2265Tyr	1	criteria provided, multiple submitters, no conflicts	not provided|Marfan syndrome;Familial thoracic aortic aneurysm and aortic dissection
FBN1	P35555	Cys557Tyr	1	criteria provided, multiple submitters, no conflicts	not provided|Marfan syndrome|Marfan syndrome;Familial thoracic aortic aneurysm and aortic dissection
FBN1	P35555	Cys2489Arg	1	criteria provided, multiple submitters, no conflicts	not provided|Marfan syndrome;Familial thoracic aortic aneurysm and aortic dissection
FBN1	P35555	Cys1212Ser	1	criteria provided, single submitter	not provided
FBN1	P35555	Cys937Tyr	1	criteria provided, multiple submitters, no conflicts	not provided|Familial thoracic aortic aneurysm and aortic dissection;Marfan syndrome
FBN1	P35555	Gly592Cys	1	criteria provided, single submitter	not provided
BRCA2	P51587	Gly2181Arg	0	criteria provided, multiple submitters, no conflicts	not specified|Hereditary cancer-predisposing syndrome
BRCA2	P51587	Gly2724Trp	1	criteria provided, single submitter	not provided
FBN1	P35555	Cys908Ser	1	criteria provided, multiple submitters, no conflicts	not provided|Familial thoracic aortic aneurysm and aortic dissection;Marfan syndrome
COL1A1	P02452	Gly906Ser	0	criteria provided, multiple submitters, no conflicts	Osteogenesis imperfecta type I|not provided|See cases|Osteogenesis imperfecta|COL1A1-related disorder|Cardiovascular phenotype|not specified
COL1A1	P02452	Gly644Ser	1	criteria provided, single submitter	not provided
MSH2	P43246	Cys693Tyr	1	criteria provided, multiple submitters, no conflicts	not specified|Hereditary cancer-predisposing syndrome|Lynch syndrome 1
LDLR	P01130	Cys128Ser	1	criteria provided, single submitter	Hypercholesterolemia, familial, 1
LDLR	P01130	Asp170Glu	1	reviewed by expert panel	Hypercholesterolemia, familial, 1|Familial hypercholesterolemia
LDLR	P01130	Ser177Pro	1	criteria provided, single submitter	Hypercholesterolemia, familial, 1
LDLR	P01130	Lys393Gln	1	criteria provided, single submitter	Hypercholesterolemia, familial, 1
LDLR	P01130	Cys803Arg	1	criteria provided, single submitter	Hypercholesterolemia, familial, 1
MSH2	P43246	Met726Ile	0	criteria provided, multiple submitters, no conflicts	Hereditary nonpolyposis colorectal neoplasms|Lynch syndrome 1
VHL	P40337	Leu163Arg	1	criteria provided, multiple submitters, no conflicts	Von Hippel-Lindau syndrome;Chuvash polycythemia|Von Hippel-Lindau syndrome
BRAF	P15056	Ile326Val	0	reviewed by expert panel	RASopathy|not provided
PTEN	P60484	Arg15Lys	1	reviewed by expert panel	PTEN hamartoma tumor syndrome|not provided
PTEN	P60484	Tyr27Cys	1	reviewed by expert panel	PTEN hamartoma tumor syndrome|Hereditary cancer-predisposing syndrome|Cowden syndrome 1|Macrocephaly-autism syndrome
PTEN	P60484	Tyr155Cys	1	reviewed by expert panel	PTEN hamartoma tumor syndrome|Cowden syndrome 1|Hereditary cancer-predisposing syndrome|not provided|PTEN hamartoma tumor syndromes|Gastric cancer|Glioma susceptibility 2|Papillary tumor of the pineal region|Cowden syndrome 1;Macrocephaly-autism syndrome|Hereditary breast ovarian cancer syndrome|Triple-negative breast cancer|Cowden syndrome
ATM	Q13315	Gly1746Arg	1	reviewed by expert panel	Ataxia-telangiectasia syndrome|Hereditary cancer-predisposing syndrome|not specified|ATM-related cancer predisposition|Familial cancer of breast
ATM	Q13315	Asp2708His	1	criteria provided, multiple submitters, no conflicts	Ataxia-telangiectasia syndrome|Hereditary cancer-predisposing syndrome|Ataxia-telangiectasia syndrome;Familial cancer of breast
BRCA2	P51587	Ala2233Val	0	criteria provided, multiple submitters, no conflicts	Hereditary breast ovarian cancer syndrome|Hereditary cancer-predisposing syndrome
BRCA2	P51587	Leu2656Gln	1	reviewed by expert panel	Hereditary breast ovarian cancer syndrome|Hereditary cancer-predisposing syndrome|BRCA2-related cancer predisposition
RB1	P06400	Val654Leu	1	criteria provided, multiple submitters, no conflicts	Retinoblastoma|Hereditary cancer-predisposing syndrome
BRCA2	P51587	Tyr828His	0	reviewed by expert panel	Hereditary breast ovarian cancer syndrome|Breast-ovarian cancer, familial, susceptibility to, 2|Hereditary cancer-predisposing syndrome|Breast neoplasm|BRCA2-related cancer predisposition
FBN1	P35555	Cys2489Tyr	1	criteria provided, single submitter	Familial thoracic aortic aneurysm and aortic dissection;Marfan syndrome
FBN1	P35555	Asp2444Gly	1	criteria provided, single submitter	Familial thoracic aortic aneurysm and aortic dissection;Marfan syndrome
FBN1	P35555	Cys2192Trp	1	criteria provided, single submitter	Marfan syndrome|Familial thoracic aortic aneurysm and aortic dissection;Marfan syndrome
FBN1	P35555	Cys1777Tyr	1	criteria provided, multiple submitters, no conflicts	Marfan syndrome|not provided|Familial thoracic aortic aneurysm and aortic dissection;Marfan syndrome
FBN1	P35555	Cys1456Phe	1	criteria provided, multiple submitters, no conflicts	Familial thoracic aortic aneurysm and aortic dissection;Marfan syndrome|Marfan syndrome
FBN1	P35555	Cys617Gly	1	criteria provided, multiple submitters, no conflicts	Marfan syndrome|Familial thoracic aortic aneurysm and aortic dissection;Marfan syndrome
FBN1	P35555	Asn1907Ser	1	criteria provided, single submitter	Familial thoracic aortic aneurysm and aortic dissection;Marfan syndrome
FBN1	P35555	Cys1140Tyr	1	criteria provided, single submitter	Familial thoracic aortic aneurysm and aortic dissection;Marfan syndrome
FBN1	P35555	Cys639Ser	1	criteria provided, single submitter	Familial thoracic aortic aneurysm and aortic dissection;Marfan syndrome
FBN1	P35555	Cys2070Phe	1	criteria provided, single submitter	Familial thoracic aortic aneurysm and aortic dissection;Marfan syndrome
FBN1	P35555	Cys1876Tyr	1	criteria provided, single submitter	Familial thoracic aortic aneurysm and aortic dissection;Marfan syndrome
FBN1	P35555	Cys1736Tyr	1	criteria provided, single submitter	Familial thoracic aortic aneurysm and aortic dissection;Marfan syndrome
FBN1	P35555	Cys513Phe	1	reviewed by expert panel	Familial thoracic aortic aneurysm and aortic dissection;Marfan syndrome|Marfan syndrome|Marfan Syndrome/Loeys-Dietz Syndrome/Familial Thoracic Aortic Aneurysms and Dissections
FBN1	P35555	Gly509Cys	1	criteria provided, single submitter	Familial thoracic aortic aneurysm and aortic dissection;Marfan syndrome
FBN1	P35555	Cys271Gly	1	criteria provided, multiple submitters, no conflicts	not provided|Familial thoracic aortic aneurysm and aortic dissection;Marfan syndrome
FBN1	P35555	Cys2509Gly	1	criteria provided, multiple submitters, no conflicts	Familial thoracic aortic aneurysm and aortic dissection;Marfan syndrome|Familial thoracic aortic aneurysm and aortic dissection
FBN1	P35555	Cys1389Ser	1	criteria provided, multiple submitters, no conflicts	Familial thoracic aortic aneurysm and aortic dissection;Marfan syndrome|not provided
FBN1	P35555	Cys790Phe	1	criteria provided, multiple submitters, no conflicts	Familial thoracic aortic aneurysm and aortic dissection;Marfan syndrome|not provided
TP53	P04637	Ile254Val	0	reviewed by expert panel	Li-Fraumeni syndrome|not provided|Hereditary cancer-predisposing syndrome|11 conditions|not specified|Malignant glioma
TP53	P04637	Asp186Asn	0	reviewed by expert panel	Li-Fraumeni syndrome|not provided|Hereditary cancer-predisposing syndrome
TP53	P04637	His179Gln	1	reviewed by expert panel	Li-Fraumeni syndrome|Hereditary cancer-predisposing syndrome|Ovarian neoplasm|Acute myeloid leukemia|not provided
TP53	P04637	Arg110Leu	1	reviewed by expert panel	Li-Fraumeni syndrome 1|Adrenal cortex carcinoma|not provided|Neoplasm|Adenocarcinoma of the large intestine|Li-Fraumeni syndrome|Hereditary cancer-predisposing syndrome|Ovarian neoplasm
BRCA1	P38398	His41Asn	1	reviewed by expert panel	Hereditary breast ovarian cancer syndrome|not provided|Breast-ovarian cancer, familial, susceptibility to, 1|Hereditary cancer-predisposing syndrome|BRCA1-related cancer predisposition
BRCA1	P38398	Arg1753Ser	1	criteria provided, single submitter	Hereditary breast ovarian cancer syndrome|Breast-ovarian cancer, familial, susceptibility to, 1
TP53	P04637	Met384Thr	0	reviewed by expert panel	Li-Fraumeni syndrome|Hereditary cancer-predisposing syndrome|Li-Fraumeni syndrome 1|not provided|not specified
TP53	P04637	Lys292Arg	0	reviewed by expert panel	Li-Fraumeni syndrome|Hereditary cancer-predisposing syndrome
LDLR	P01130	Ala521Val	1	criteria provided, single submitter	Familial hypercholesterolemia
LDLR	P01130	Cys392Tyr	1	reviewed by expert panel	Hypercholesterolemia, familial, 1|Familial hypercholesterolemia
BRCA2	P51587	Glu377Gln	0	criteria provided, single submitter	Breast-ovarian cancer, familial, susceptibility to, 2|Hereditary cancer-predisposing syndrome
BRCA1	P38398	Gly1770Val	1	reviewed by expert panel	Breast-ovarian cancer, familial, susceptibility to, 1|Malignant tumor of breast|Hereditary cancer-predisposing syndrome|Hereditary breast ovarian cancer syndrome|not provided|Familial cancer of breast
MSH2	P43246	Pro349Thr	1	criteria provided, multiple submitters, no conflicts	not provided|Endometrial carcinoma|Hereditary nonpolyposis colorectal neoplasms|Lynch syndrome 1
VHL	P40337	Gly30Glu	0	reviewed by expert panel	Von Hippel-Lindau syndrome;Chuvash polycythemia|Hereditary cancer-predisposing syndrome|Von Hippel-Lindau syndrome|not provided|VHL-related disorder
PTEN	P60484	Pro38Arg	1	criteria provided, single submitter	not provided
PTEN	P60484	Leu316Pro	1	reviewed by expert panel	not provided|Cowden syndrome 1;Macrocephaly-autism syndrome|PTEN hamartoma tumor syndrome
ATM	Q13315	Tyr2080Asp	1	criteria provided, multiple submitters, no conflicts	not provided|Hereditary cancer-predisposing syndrome
ATM	Q13315	Pro2829Leu	1	reviewed by expert panel	not provided|Hereditary cancer-predisposing syndrome|Ataxia-telangiectasia syndrome|ATM-related cancer predisposition|Familial cancer of breast
BRCA2	P51587	Gly2596Glu	1	reviewed by expert panel	not provided|Hereditary breast ovarian cancer syndrome|Hereditary cancer-predisposing syndrome|BRCA2-related cancer predisposition
BRCA2	P51587	Arg2625Ile	1	reviewed by expert panel	not provided|Hereditary breast ovarian cancer syndrome|Hereditary cancer-predisposing syndrome|Breast-ovarian cancer, familial, susceptibility to, 2|BRCA2-related cancer predisposition
FBN1	P35555	Cys2592Phe	1	reviewed by expert panel	not provided|not specified|Marfan syndrome;Familial thoracic aortic aneurysm and aortic dissection|Marfan syndrome
FBN1	P35555	Cys2590Trp	1	criteria provided, multiple submitters, no conflicts	not provided|Marfan syndrome;Familial thoracic aortic aneurysm and aortic dissection
FBN1	P35555	Gly2140Glu	1	criteria provided, multiple submitters, no conflicts	not provided|Marfan syndrome
FBN1	P35555	Cys2038Gly	1	criteria provided, single submitter	not provided
FBN1	P35555	Cys1646Gly	1	criteria provided, single submitter	not provided
FBN1	P35555	Gly1418Cys	1	criteria provided, single submitter	not provided
FBN1	P35555	Cys1166Arg	1	criteria provided, single submitter	not provided
FBN1	P35555	Cys1095Ser	1	criteria provided, single submitter	not provided
BRCA1	P38398	Pro34Ser	1	reviewed by expert panel	not provided|Hereditary cancer-predisposing syndrome|Breast-ovarian cancer, familial, susceptibility to, 1|Hereditary breast ovarian cancer syndrome|BRCA1-related cancer predisposition
COL1A1	P02452	Gly1139Asp	1	criteria provided, single submitter	not provided
TP53	P04637	Pro190Leu	1	reviewed by expert panel	Hereditary cancer-predisposing syndrome|not provided|Li-Fraumeni syndrome|Li-Fraumeni syndrome 1
TP53	P04637	Thr118Ile	0	reviewed by expert panel	not provided|Li-Fraumeni syndrome|Hereditary cancer-predisposing syndrome|Hereditary breast ovarian cancer syndrome
LDLR	P01130	Ala480Val	1	criteria provided, multiple submitters, no conflicts	not provided|Familial hypercholesterolemia
COL1A1	P02452	Thr1431Ile	1	criteria provided, single submitter	Osteogenesis imperfecta with normal sclerae, dominant form|Osteogenesis imperfecta type I
COL1A1	P02452	Cys1299Trp	1	criteria provided, multiple submitters, no conflicts	Osteogenesis imperfecta with normal sclerae, dominant form|COL1A1-related disorder|Osteogenesis imperfecta type I
COL1A1	P02452	Met1264Val	1	criteria provided, single submitter	Osteogenesis imperfecta type I
COL1A1	P02452	Asp1219Asn	1	no assertion criteria provided	Osteogenesis imperfecta with normal sclerae, dominant form
COL1A1	P02452	Gly866Ser	1	criteria provided, multiple submitters, no conflicts	Osteogenesis imperfecta type III|not provided|Osteogenesis imperfecta type I|See cases
COL1A1	P02452	Gly821Ser	1	criteria provided, multiple submitters, no conflicts	Osteogenesis imperfecta with normal sclerae, dominant form|Osteogenesis imperfecta type I|not provided
COL1A1	P02452	Gly779Ser	1	no assertion criteria provided	Osteogenesis imperfecta with normal sclerae, dominant form
COL1A1	P02452	Gly719Ser	1	criteria provided, multiple submitters, no conflicts	Osteogenesis imperfecta type III|Osteogenesis imperfecta type I|not provided|8 conditions|Osteogenesis imperfecta with normal sclerae, dominant form
COL1A1	P02452	Gly692Ala	1	no assertion criteria provided	Osteogenesis imperfecta type III
COL1A1	P02452	Gly401Ser	1	criteria provided, single submitter	Osteogenesis imperfecta with normal sclerae, dominant form|Osteogenesis imperfecta type I
COL1A1	P02452	Gly353Ser	1	criteria provided, single submitter	Osteogenesis imperfecta with normal sclerae, dominant form|Osteogenesis imperfecta type I
COL1A1	P02452	Gly326Asp	1	criteria provided, single submitter	Osteogenesis imperfecta type I
COL1A1	P02452	Gly284Ala	1	criteria provided, single submitter	Osteogenesis imperfecta type I
COL1A1	P02452	Gly281Ser	1	criteria provided, single submitter	Osteogenesis imperfecta type I
COL1A1	P02452	Gly257Arg	1	criteria provided, multiple submitters, no conflicts	Osteogenesis imperfecta type I|not provided|8 conditions|Osteogenesis imperfecta|COL1A1-related disorder|Combined osteogenesis imperfecta and Ehlers-Danlos syndrome 1
COL1A1	P02452	Gly251Asp	1	no assertion criteria provided	Osteogenesis imperfecta type I
COL1A1	P02452	Gly197Cys	1	criteria provided, multiple submitters, no conflicts	Osteogenesis imperfecta type I|not provided
FBN1	P35555	Pro2724Ser	1	criteria provided, single submitter	not provided
FBN1	P35555	Ser2621Cys	1	criteria provided, single submitter	not provided
FBN1	P35555	Asp2485Gly	1	criteria provided, multiple submitters, no conflicts	not provided|Marfan syndrome|Familial thoracic aortic aneurysm and aortic dissection
FBN1	P35555	Cys210Tyr	1	reviewed by expert panel	not provided|Marfan syndrome
COL1A1	P02452	Gly359Glu	1	criteria provided, single submitter	not provided
PTEN	P60484	Asn12Thr	1	criteria provided, single submitter	PTEN hamartoma tumor syndrome
PTEN	P60484	Gly44Asp	1	reviewed by expert panel	PTEN hamartoma tumor syndrome|not provided|Cowden syndrome
PTEN	P60484	Thr202Ile	1	criteria provided, single submitter	PTEN hamartoma tumor syndrome
MSH2	P43246	Leu556Trp	1	reviewed by expert panel	Lynch syndrome 1|Hereditary nonpolyposis colorectal neoplasms|Hereditary cancer-predisposing syndrome|MSH2-related disorder|Inherited MMR deficiency (Lynch syndrome)
MSH2	P43246	Pro622Gln	1	criteria provided, multiple submitters, no conflicts	Hereditary cancer-predisposing syndrome|Lynch syndrome 1|Hereditary nonpolyposis colon cancer|Hereditary nonpolyposis colorectal neoplasms
MSH2	P43246	Asp660Gly	1	reviewed by expert panel	Lynch syndrome|Hereditary cancer-predisposing syndrome|Hereditary nonpolyposis colorectal neoplasms
MSH2	P43246	Leu190Pro	1	criteria provided, single submitter	Hereditary cancer-predisposing syndrome
MSH2	P43246	Gly587Cys	1	criteria provided, single submitter	Hereditary cancer-predisposing syndrome
MSH2	P43246	Ala689Pro	1	criteria provided, multiple submitters, no conflicts	Hereditary cancer-predisposing syndrome|Lynch syndrome 1
MSH2	P43246	His801Pro	1	criteria provided, multiple submitters, no conflicts	Hereditary cancer-predisposing syndrome|Lynch syndrome 1
PTEN	P60484	Arg15Thr	1	reviewed by expert panel	Hereditary cancer-predisposing syndrome|PTEN hamartoma tumor syndrome
PTEN	P60484	Gly20Val	1	reviewed by expert panel	Hereditary cancer-predisposing syndrome|PTEN hamartoma tumor syndrome|not provided
PTEN	P60484	Met35Thr	1	criteria provided, multiple submitters, no conflicts	Hereditary cancer-predisposing syndrome|Cowden syndrome 1
PTEN	P60484	Val119Leu	1	criteria provided, multiple submitters, no conflicts	Hereditary cancer-predisposing syndrome|not provided|Cowden syndrome 1
PTEN	P60484	Val119Phe	1	reviewed by expert panel	Hereditary cancer-predisposing syndrome|PTEN hamartoma tumor syndrome|PTEN-related disorder
PTEN	P60484	His123Asp	1	reviewed by expert panel	Hereditary cancer-predisposing syndrome|PTEN hamartoma tumor syndrome|Cowden syndrome 1|not provided
PTEN	P60484	Gly127Glu	1	reviewed by expert panel	Hereditary cancer-predisposing syndrome|PTEN hamartoma tumor syndrome
PTEN	P60484	Lys128Asn	1	criteria provided, multiple submitters, no conflicts	Hereditary cancer-predisposing syndrome|PTEN hamartoma tumor syndrome
PTEN	P60484	Met134Ile	1	criteria provided, multiple submitters, no conflicts	Hereditary cancer-predisposing syndrome|not provided
PTEN	P60484	Gly165Arg	1	reviewed by expert panel	Hereditary cancer-predisposing syndrome|not provided|PTEN hamartoma tumor syndrome|Cowden syndrome 1|Glioma susceptibility 2|Malignant tumor of urinary bladder
PTEN	P60484	Arg173Leu	1	criteria provided, multiple submitters, no conflicts	Hereditary cancer-predisposing syndrome|Ovarian neoplasm|Macrocephaly-autism syndrome
PTEN	P60484	Lys254Thr	1	criteria provided, multiple submitters, no conflicts	not provided|Hereditary cancer-predisposing syndrome
PTEN	P60484	His272Pro	1	criteria provided, single submitter	Hereditary cancer-predisposing syndrome
PTEN	P60484	Thr277Arg	1	reviewed by expert panel	Hereditary cancer-predisposing syndrome|PTEN hamartoma tumor syndrome|Cowden syndrome 1
VHL	P40337	Leu118Pro	1	criteria provided, multiple submitters, no conflicts	Hereditary cancer-predisposing syndrome|Von Hippel-Lindau syndrome;Chuvash polycythemia|not provided|Von Hippel-Lindau syndrome
VHL	P40337	Leu118Arg	1	criteria provided, multiple submitters, no conflicts	Hereditary cancer-predisposing syndrome|Von Hippel-Lindau syndrome
VHL	P40337	Thr133Pro	1	criteria provided, single submitter	Hereditary cancer-predisposing syndrome
VHL	P40337	Ile151Thr	1	criteria provided, multiple submitters, no conflicts	Hereditary cancer-predisposing syndrome|Von Hippel-Lindau syndrome|Von Hippel-Lindau syndrome;Chuvash polycythemia|See cases
RB1	P06400	Gln702Arg	1	criteria provided, single submitter	Hereditary cancer-predisposing syndrome
TP53	P04637	Gly334Trp	1	criteria provided, multiple submitters, no conflicts	Li-Fraumeni syndrome 1|Hereditary cancer-predisposing syndrome
TP53	P04637	Asn310Lys	0	criteria provided, single submitter	Hereditary cancer-predisposing syndrome
TP53	P04637	Pro295Ser	0	reviewed by expert panel	Hereditary cancer-predisposing syndrome|Li-Fraumeni syndrome
TP53	P04637	Arg267Pro	1	criteria provided, multiple submitters, no conflicts	Hereditary cancer-predisposing syndrome|Li-Fraumeni syndrome|Acute myeloid leukemia
TP53	P04637	Ser215Arg	1	criteria provided, multiple submitters, no conflicts	Hereditary cancer-predisposing syndrome|Li-Fraumeni syndrome|Li-Fraumeni syndrome 1
TP53	P04637	Val172Gly	1	criteria provided, single submitter	Hereditary cancer-predisposing syndrome
TP53	P04637	Leu130Pro	1	criteria provided, multiple submitters, no conflicts	Hereditary cancer-predisposing syndrome|12 conditions
ATM	Q13315	Arg2832Leu	1	reviewed by expert panel	not provided|Ataxia-telangiectasia syndrome|Hereditary cancer-predisposing syndrome|Familial cancer of breast|ATM-related cancer predisposition
FBN1	P35555	Cys2181Arg	1	reviewed by expert panel	not specified|not provided|Marfan syndrome|Familial thoracic aortic aneurysm and aortic dissection;Marfan syndrome
FBN1	P35555	Cys2099Phe	1	criteria provided, single submitter	not provided
FBN1	P35555	Cys1563Ser	1	criteria provided, single submitter	not provided
FBN1	P35555	Cys1380Arg	1	criteria provided, single submitter	not provided
FBN1	P35555	Cys1254Tyr	1	criteria provided, single submitter	not provided
FBN1	P35555	Cys1138Arg	1	criteria provided, single submitter	Marfan syndrome|not provided
FBN1	P35555	Cys1097Arg	1	criteria provided, single submitter	not provided
FBN1	P35555	Asp1028Gly	1	criteria provided, multiple submitters, no conflicts	not provided|Familial thoracic aortic aneurysm and aortic dissection;Marfan syndrome|Marfan syndrome|Familial thoracic aortic aneurysm and aortic dissection|Thoracic aortic aneurysm or dissection
COL1A1	P02452	Ala1218Pro	1	criteria provided, single submitter	not provided
LDLR	P01130	Cys289Gly	1	criteria provided, single submitter	not provided
COL1A1	P02452	Gly881Ser	1	criteria provided, single submitter	Osteogenesis imperfecta type I|not provided
LDLR	P01130	Cys39Phe	1	criteria provided, single submitter	Hypercholesterolemia, familial, 1
LDLR	P01130	Cys104Ser	1	criteria provided, single submitter	Hypercholesterolemia, familial, 1
LDLR	P01130	Asp139Glu	1	criteria provided, multiple submitters, no conflicts	Hypercholesterolemia, familial, 1|Dyslipidemia
LDLR	P01130	Cys184Ser	1	reviewed by expert panel	Hypercholesterolemia, familial, 1|not provided
LDLR	P01130	Pro361Ser	1	criteria provided, single submitter	Hypercholesterolemia, familial, 1
LDLR	P01130	Gln660Pro	1	criteria provided, single submitter	Hypercholesterolemia, familial, 1
LDLR	P01130	Gly663Ala	1	criteria provided, single submitter	Hypercholesterolemia, familial, 1
LDLR	P01130	Leu682Phe	1	criteria provided, single submitter	Hypercholesterolemia, familial, 1
LDLR	P01130	Leu808Val	1	criteria provided, single submitter	Hypercholesterolemia, familial, 1
COL1A1	P02452	Gly1148Asp	1	criteria provided, single submitter	Osteogenesis imperfecta type III
KRAS	P01116	Lys147Arg	1	criteria provided, single submitter	Noonan syndrome 3
BRCA2	P51587	Gln1562Arg	0	criteria provided, single submitter	Hereditary breast ovarian cancer syndrome|Hereditary cancer-predisposing syndrome
BRCA1	P38398	Ile171Val	0	criteria provided, single submitter	not specified
BRCA2	P51587	Gly1696Val	1	no assertion criteria provided	Hereditary breast ovarian cancer syndrome
BRCA1	P38398	Ala521Pro	0	criteria provided, single submitter	not specified|Hereditary cancer-predisposing syndrome
COL1A1	P02452	Gly416Asp	1	criteria provided, multiple submitters, no conflicts	Osteogenesis imperfecta type I|not provided
LDLR	P01130	Cys82Ser	1	criteria provided, multiple submitters, no conflicts	Hypercholesterolemia, familial, 1|Dyslipidemia|Familial hypercholesterolemia
PTEN	P60484	Met134Arg	1	criteria provided, single submitter	not provided
PTEN	P60484	Thr160Ile	1	criteria provided, single submitter	not provided
FBN1	P35555	Cys2038Tyr	1	criteria provided, multiple submitters, no conflicts	not provided|Marfan syndrome|Familial thoracic aortic aneurysm and aortic dissection|Marfan syndrome;Familial thoracic aortic aneurysm and aortic dissection
FBN1	P35555	Cys1497Arg	1	criteria provided, single submitter	not provided
FBN1	P35555	Cys1032Arg	1	criteria provided, single submitter	not provided
FBN1	P35555	Glu1031Lys	1	criteria provided, single submitter	not provided
FBN1	P35555	Cys890Tyr	1	reviewed by expert panel	not provided|Marfan syndrome|Progeroid and marfanoid aspect-lipodystrophy syndrome|Connective tissue disorder|Marfan syndrome;Familial thoracic aortic aneurysm and aortic dissection
MSH2	P43246	Leu602Pro	1	criteria provided, multiple submitters, no conflicts	Carcinoma of colon|Hereditary cancer-predisposing syndrome|Hereditary nonpolyposis colorectal neoplasms|Hereditary nonpolyposis colon cancer
MSH2	P43246	Ser676Leu	1	criteria provided, single submitter	Carcinoma of colon|Lynch syndrome 1
MLH1	P40692	Arg265Pro	1	reviewed by expert panel	Hereditary cancer-predisposing syndrome|Lynch syndrome 1|Hereditary nonpolyposis colorectal neoplasms|not provided|Colorectal cancer, hereditary nonpolyposis, type 2
BRCA2	P51587	Ala487Ser	0	criteria provided, single submitter	Breast-ovarian cancer, familial, susceptibility to, 2|Hereditary cancer-predisposing syndrome
BRCA2	P51587	Val1497Phe	0	criteria provided, single submitter	Malignant tumor of breast|Hereditary cancer-predisposing syndrome
BRCA2	P51587	Thr1586Ile	0	criteria provided, single submitter	Hereditary cancer-predisposing syndrome
BRCA2	P51587	Asn1805Asp	0	criteria provided, single submitter	Malignant tumor of breast|Hereditary cancer-predisposing syndrome
BRCA2	P51587	Gly2168Ala	0	criteria provided, single submitter	Malignant tumor of breast|Hereditary cancer-predisposing syndrome
BRCA2	P51587	Ala3399Ser	0	criteria provided, single submitter	Malignant tumor of breast|Hereditary cancer-predisposing syndrome
BRCA1	P38398	Tyr1853Asn	1	reviewed by expert panel	Breast-ovarian cancer, familial, susceptibility to, 1|Hereditary breast ovarian cancer syndrome|not provided|BRCA1-related cancer predisposition
BRCA1	P38398	Arg1751Gly	1	criteria provided, single submitter	Malignant tumor of breast|Breast-ovarian cancer, familial, susceptibility to, 1|Hereditary breast ovarian cancer syndrome
BRCA1	P38398	Val1687Gly	1	criteria provided, multiple submitters, no conflicts	Malignant tumor of breast|Breast-ovarian cancer, familial, susceptibility to, 1|Hereditary breast ovarian cancer syndrome|Inherited breast cancer and ovarian cancer|Inherited ovarian cancer (without breast cancer)
BRCA1	P38398	Ser1125Tyr	0	criteria provided, single submitter	Malignant tumor of breast|Hereditary cancer-predisposing syndrome
BRCA1	P38398	Glu1013Lys	0	criteria provided, single submitter	Malignant tumor of breast|Hereditary cancer-predisposing syndrome
LDLR	P01130	Ser580Phe	1	reviewed by expert panel	Hypercholesterolemia, familial, 1|Familial hypercholesterolemia|Cardiovascular phenotype|not provided
LDLR	P01130	Cys155Ser	1	no assertion criteria provided	Hypercholesterolemia, familial, 1
BRCA2	P51587	Trp2619Cys	1	reviewed by expert panel	Hereditary cancer-predisposing syndrome|Breast-ovarian cancer, familial, susceptibility to, 2|Hereditary breast ovarian cancer syndrome|BRCA2-related cancer predisposition|not provided
KRAS	P01116	Ser65Ile	1	reviewed by expert panel	Noonan syndrome 3|RASopathy
MSH2	P43246	Gly751Arg	1	reviewed by expert panel	not provided|Lynch syndrome 1|Hereditary cancer-predisposing syndrome|Hereditary nonpolyposis colorectal neoplasms|Hereditary nonpolyposis colon cancer
HBB	P68871	Met1Val	1	criteria provided, multiple submitters, no conflicts	not provided|Hemoglobinopathy|beta Thalassemia|8 conditions
BRCA2	P51587	Ala3122Pro	1	reviewed by expert panel	not provided|Hereditary cancer-predisposing syndrome|Hereditary breast ovarian cancer syndrome|BRCA2-related cancer predisposition
BRCA1	P38398	Phe1761Cys	1	reviewed by expert panel	not specified|Breast-ovarian cancer, familial, susceptibility to, 1|Hereditary breast ovarian cancer syndrome|BRCA1-related cancer predisposition
PTEN	P60484	Phe241Leu	1	criteria provided, multiple submitters, no conflicts	Hereditary cancer-predisposing syndrome|not provided|not specified
COL1A1	P02452	Ile1439Thr	1	criteria provided, single submitter	not specified
COL1A1	P02452	Gly455Ser	1	criteria provided, single submitter	not specified
COL1A1	P02452	Gly386Glu	1	criteria provided, multiple submitters, no conflicts	not specified|COL1A1-related disorder
FBN1	P35555	Cys1074Tyr	1	criteria provided, single submitter	not provided
FBN1	P35555	Cys2221Arg	1	criteria provided, multiple submitters, no conflicts	not provided|Marfan syndrome;Familial thoracic aortic aneurysm and aortic dissection|Marfan syndrome
FBN1	P35555	Tyr511Cys	1	criteria provided, single submitter	not specified
LDLR	P01130	Arg88Gly	1	no assertion criteria provided	Hypercholesterolemia, familial, 1
LDLR	P01130	Arg88Lys	1	no assertion criteria provided	Hypercholesterolemia, familial, 1
LDLR	P01130	Asp90Ala	1	reviewed by expert panel	Hypercholesterolemia, familial, 1|Cardiovascular phenotype
LDLR	P01130	Cys121Trp	1	no assertion criteria provided	Hypercholesterolemia, familial, 1
LDLR	P01130	Val127Gly	1	no assertion criteria provided	Hypercholesterolemia, familial, 1
LDLR	P01130	Gly149Arg	1	no assertion criteria provided	Hypercholesterolemia, familial, 1
LDLR	P01130	Ile161Thr	1	criteria provided, single submitter	Hypercholesterolemia, familial, 1|Familial hypercholesterolemia
LDLR	P01130	Arg183His	0	no assertion criteria provided	Hypercholesterolemia, familial, 1
LDLR	P01130	Pro196Thr	1	no assertion criteria provided	Hypercholesterolemia, familial, 1
LDLR	P01130	Ile210Leu	1	no assertion criteria provided	Hypercholesterolemia, familial, 1
LDLR	P01130	Cys296Arg	1	no assertion criteria provided	Hypercholesterolemia, familial, 1
LDLR	P01130	Gly343Val	1	reviewed by expert panel	Hypercholesterolemia, familial, 1|Familial hypercholesterolemia
LDLR	P01130	Asp356Val	1	reviewed by expert panel	Hypercholesterolemia, familial, 1|Familial hypercholesterolemia
LDLR	P01130	Ala399Ser	1	criteria provided, single submitter	Hypercholesterolemia, familial, 1|Familial hypercholesterolemia
LDLR	P01130	Met412Leu	1	no assertion criteria provided	Hypercholesterolemia, familial, 1
LDLR	P01130	Gln448Lys	1	no assertion criteria provided	Hypercholesterolemia, familial, 1
LDLR	P01130	Gly478Glu	1	reviewed by expert panel	Hypercholesterolemia, familial, 1|Familial hypercholesterolemia
LDLR	P01130	Ala480Thr	1	criteria provided, multiple submitters, no conflicts	Hypercholesterolemia, familial, 1|Familial hypercholesterolemia|not provided
LDLR	P01130	Lys507Asn	1	no assertion criteria provided	Hypercholesterolemia, familial, 1
LDLR	P01130	Asp535Asn	1	no assertion criteria provided	Hypercholesterolemia, familial, 1
LDLR	P01130	Leu646Gln	1	no assertion criteria provided	Hypercholesterolemia, familial, 1
LDLR	P01130	Gly676Cys	1	no assertion criteria provided	Hypercholesterolemia, familial, 1
LDLR	P01130	Cys711Gly	1	no assertion criteria provided	Hypercholesterolemia, familial, 1
LDLR	P01130	Gly754Arg	0	no assertion criteria provided	Hypercholesterolemia, familial, 1
LDLR	P01130	Gly805Arg	1	criteria provided, single submitter	Hypercholesterolemia, familial, 1|Familial hypercholesterolemia
LDLR	P01130	Met1Thr	1	reviewed by expert panel	Hypercholesterolemia, familial, 1|Early-onset coronary artery disease
LDLR	P01130	Cys160Phe	1	criteria provided, multiple submitters, no conflicts	Hypercholesterolemia, familial, 1|Cardiovascular phenotype
LDLR	P01130	Cys329Trp	1	criteria provided, single submitter	Hypercholesterolemia, familial, 1
LDLR	P01130	Cys338Phe	1	criteria provided, multiple submitters, no conflicts	Hypercholesterolemia, familial, 1|Familial hypercholesterolemia
LDLR	P01130	Pro685Gln	1	criteria provided, multiple submitters, no conflicts	Hypercholesterolemia, familial, 1|not provided
BRCA2	P51587	Lys172Asn	1	criteria provided, single submitter	Hereditary cancer-predisposing syndrome|Melanoma
BRCA2	P51587	Leu2732Val	0	criteria provided, single submitter	Hereditary cancer-predisposing syndrome
BRCA2	P51587	Ala2951Ser	0	criteria provided, single submitter	Hereditary cancer-predisposing syndrome|Familial cancer of breast
BRCA1	P38398	Asp1757Tyr	0	criteria provided, single submitter	Hereditary cancer-predisposing syndrome|Breast-ovarian cancer, familial, susceptibility to, 1
BRCA1	P38398	Ile90Val	0	criteria provided, single submitter	Hereditary cancer-predisposing syndrome|Breast-ovarian cancer, familial, susceptibility to, 1
FBN1	P35555	Cys628Phe	1	no assertion criteria provided	Marfan syndrome
PAH	P00439	Gly312Cys	1	criteria provided, single submitter	Phenylketonuria
COL1A1	P02452	Gly788Ser	1	criteria provided, multiple submitters, no conflicts	not provided|7 conditions|Osteogenesis imperfecta type I|COL1A1-related disorder
COL1A1	P02452	Gly374Ala	1	criteria provided, multiple submitters, no conflicts	not provided|Osteogenesis imperfecta type I
COL1A1	P02452	Gly338Val	1	criteria provided, single submitter	not provided|Osteogenesis imperfecta, perinatal lethal
COL1A1	P02452	Gly290Arg	1	criteria provided, multiple submitters, no conflicts	not provided
BRAF	P15056	Arg384Gly	0	reviewed by expert panel	RASopathy|not specified|Noonan syndrome and Noonan-related syndrome
PTEN	P60484	Pro96Leu	1	reviewed by expert panel	not provided|PTEN hamartoma tumor syndrome|Hereditary cancer-predisposing syndrome|Neoplasm
KRAS	P01116	Gly15Val	1	criteria provided, single submitter	not provided
FBN1	P35555	Cys2674Ser	1	criteria provided, multiple submitters, no conflicts	not provided|Marfan syndrome;Familial thoracic aortic aneurysm and aortic dissection
FBN1	P35555	Gly2627Glu	1	criteria provided, multiple submitters, no conflicts	not provided|Familial thoracic aortic aneurysm and aortic dissection|Marfan syndrome;Familial thoracic aortic aneurysm and aortic dissection
FBN1	P35555	Cys2318Tyr	1	criteria provided, multiple submitters, no conflicts	not provided|Marfan syndrome|Marfan syndrome;Familial thoracic aortic aneurysm and aortic dissection
FBN1	P35555	Tyr1427Cys	1	reviewed by expert panel	not provided|Familial thoracic aortic aneurysm and aortic dissection|Marfan syndrome;Familial thoracic aortic aneurysm and aortic dissection|Marfan syndrome
FBN1	P35555	Cys1044Phe	1	criteria provided, single submitter	not provided
FBN1	P35555	Asp1028Asn	1	criteria provided, single submitter	not provided
FBN1	P35555	Cys890Ser	1	criteria provided, single submitter	not provided
FBN1	P35555	Cys474Arg	1	criteria provided, single submitter	not provided
COL1A1	P02452	Gly1016Arg	1	criteria provided, single submitter	not provided
COL1A1	P02452	Gly872Val	1	criteria provided, single submitter	not provided
COL1A1	P02452	Gly803Val	1	criteria provided, single submitter	not provided
COL1A1	P02452	Gly713Asp	1	criteria provided, single submitter	not provided
COL1A1	P02452	Gly434Ser	1	criteria provided, single submitter	not provided
COL1A1	P02452	Gly224Val	1	criteria provided, multiple submitters, no conflicts	not provided|Osteogenesis imperfecta type I
TP53	P04637	Gly199Val	1	criteria provided, single submitter	not provided|Familial cancer of breast|Diffuse pediatric-type high-grade glioma, H3-wildtype and IDH-wildtype|Familial prostate cancer
MSH2	P43246	Leu241Val	0	criteria provided, single submitter	Hereditary nonpolyposis colorectal neoplasms
MSH2	P43246	Ala328Ser	0	criteria provided, multiple submitters, no conflicts	Hereditary nonpolyposis colorectal neoplasms|Hereditary cancer-predisposing syndrome
MSH2	P43246	Met726Ile	0	criteria provided, single submitter	Hereditary nonpolyposis colorectal neoplasms
MSH2	P43246	Pro670Arg	0	criteria provided, multiple submitters, no conflicts	Hereditary nonpolyposis colorectal neoplasms|Hereditary cancer-predisposing syndrome
VHL	P40337	Trp88Arg	1	criteria provided, multiple submitters, no conflicts	Von Hippel-Lindau syndrome;Chuvash polycythemia|Von Hippel-Lindau syndrome|not provided|Hereditary cancer-predisposing syndrome|Chuvash polycythemia
MLH1	P40692	Asp304Tyr	1	criteria provided, multiple submitters, no conflicts	Hereditary cancer-predisposing syndrome|Hereditary nonpolyposis colorectal neoplasms
PTEN	P60484	His93Pro	1	reviewed by expert panel	PTEN hamartoma tumor syndrome|Hereditary cancer-predisposing syndrome
PTEN	P60484	Ala126Thr	1	criteria provided, multiple submitters, no conflicts	PTEN hamartoma tumor syndrome|not provided|Hereditary cancer-predisposing syndrome|Diffuse pediatric-type high-grade glioma, H3-wildtype and IDH-wildtype
PTEN	P60484	Asp22Tyr	1	reviewed by expert panel	PTEN hamartoma tumor syndrome|not provided
ATM	Q13315	Arg248Leu	1	reviewed by expert panel	Ataxia-telangiectasia syndrome|Hereditary cancer-predisposing syndrome|not provided|not specified|Familial cancer of breast|ATM-related cancer predisposition
PTEN	P60484	Met198Lys	1	criteria provided, single submitter	PTEN hamartoma tumor syndrome
PAH	P00439	Gly346Glu	1	reviewed by expert panel	Phenylketonuria
PAH	P00439	Gly289Arg	1	reviewed by expert panel	Phenylketonuria
BRCA2	P51587	Arg3052Leu	1	criteria provided, multiple submitters, no conflicts	Hereditary breast ovarian cancer syndrome|Hereditary cancer-predisposing syndrome
RB1	P06400	Glu287Asp	1	criteria provided, single submitter	Retinoblastoma
BRCA2	P51587	His962Tyr	0	criteria provided, multiple submitters, no conflicts	Hereditary breast ovarian cancer syndrome|Hereditary cancer-predisposing syndrome|Breast-ovarian cancer, familial, susceptibility to, 2|BRCA2-related cancer predisposition
RB1	P06400	Asp36Asn	0	criteria provided, multiple submitters, no conflicts	Retinoblastoma|Hereditary cancer-predisposing syndrome
FBN1	P35555	Ile2681Arg	1	criteria provided, multiple submitters, no conflicts	Familial thoracic aortic aneurysm and aortic dissection;Marfan syndrome|Marfan syndrome
FBN1	P35555	Cys2302Trp	1	criteria provided, single submitter	Familial thoracic aortic aneurysm and aortic dissection;Marfan syndrome
FBN1	P35555	Ala2211Ser	0	criteria provided, single submitter	Familial thoracic aortic aneurysm and aortic dissection;Marfan syndrome
FBN1	P35555	Cys1631Ser	1	criteria provided, multiple submitters, no conflicts	Familial thoracic aortic aneurysm and aortic dissection;Marfan syndrome|Marfan syndrome|Familial thoracic aortic aneurysm and aortic dissection
FBN1	P35555	Ser1565Phe	1	criteria provided, multiple submitters, no conflicts	Marfan syndrome;Familial thoracic aortic aneurysm and aortic dissection|Familial thoracic aortic aneurysm and aortic dissection
FBN1	P35555	Cys2131Ser	1	criteria provided, single submitter	Familial thoracic aortic aneurysm and aortic dissection;Marfan syndrome
FBN1	P35555	Cys1942Gly	1	criteria provided, single submitter	Familial thoracic aortic aneurysm and aortic dissection;Marfan syndrome
FBN1	P35555	Cys1415Tyr	1	criteria provided, single submitter	Familial thoracic aortic aneurysm and aortic dissection;Marfan syndrome
FBN1	P35555	Cys958Ser	1	criteria provided, single submitter	Familial thoracic aortic aneurysm and aortic dissection;Marfan syndrome
FBN1	P35555	Glu913Ala	1	criteria provided, single submitter	Familial thoracic aortic aneurysm and aortic dissection;Marfan syndrome
FBN1	P35555	Cys876Arg	1	criteria provided, single submitter	Familial thoracic aortic aneurysm and aortic dissection;Marfan syndrome
FBN1	P35555	Cys557Phe	1	criteria provided, single submitter	Familial thoracic aortic aneurysm and aortic dissection;Marfan syndrome
FBN1	P35555	Gly985Trp	1	criteria provided, single submitter	Familial thoracic aortic aneurysm and aortic dissection;Marfan syndrome
FBN1	P35555	Trp883Arg	1	criteria provided, multiple submitters, no conflicts	Familial thoracic aortic aneurysm and aortic dissection;Marfan syndrome|Marfan syndrome
FBN1	P35555	Cys661Trp	1	criteria provided, single submitter	Familial thoracic aortic aneurysm and aortic dissection;Marfan syndrome
FBN1	P35555	Cys145Arg	1	criteria provided, multiple submitters, no conflicts	Familial thoracic aortic aneurysm and aortic dissection;Marfan syndrome|Familial thoracic aortic aneurysm and aortic dissection
FBN1	P35555	Cys136Gly	1	criteria provided, single submitter	Familial thoracic aortic aneurysm and aortic dissection;Marfan syndrome|Marfan syndrome
FBN1	P35555	Cys1265Ser	1	criteria provided, multiple submitters, no conflicts	Familial thoracic aortic aneurysm and aortic dissection;Marfan syndrome|not provided
FBN1	P35555	Gly1206Arg	1	criteria provided, single submitter	Familial thoracic aortic aneurysm and aortic dissection;Marfan syndrome
FBN1	P35555	Cys360Tyr	1	criteria provided, single submitter	Familial thoracic aortic aneurysm and aortic dissection;Marfan syndrome
COL1A1	P02452	Gly266Arg	1	criteria provided, single submitter	Osteogenesis imperfecta type I
BRCA1	P38398	Leu1780Gln	1	criteria provided, single submitter	Hereditary breast ovarian cancer syndrome
BRCA1	P38398	Leu1223Phe	0	criteria provided, multiple submitters, no conflicts	Hereditary breast ovarian cancer syndrome|Hereditary cancer-predisposing syndrome
COL1A1	P02452	Gly1136Ala	1	criteria provided, single submitter	Osteogenesis imperfecta type I
COL1A1	P02452	Gly203Val	1	criteria provided, multiple submitters, no conflicts	Osteogenesis imperfecta type I|not provided
COL1A1	P02452	Gly257Glu	1	criteria provided, single submitter	Osteogenesis imperfecta type I
TP53	P04637	Gly266Arg	1	criteria provided, multiple submitters, no conflicts	Li-Fraumeni syndrome|Ovarian neoplasm|Hereditary cancer-predisposing syndrome|Li-Fraumeni syndrome 1|Neoplasm|Adrenocortical carcinoma, hereditary|not provided
MSH2	P43246	Gly587Ser	1	criteria provided, multiple submitters, no conflicts	Hereditary cancer-predisposing syndrome|Hereditary nonpolyposis colorectal neoplasms
MSH2	P43246	Gly630Arg	0	criteria provided, single submitter	Hereditary cancer-predisposing syndrome
MSH2	P43246	Gln314His	1	criteria provided, single submitter	Hereditary cancer-predisposing syndrome
MSH2	P43246	Asp864Tyr	0	criteria provided, single submitter	Hereditary cancer-predisposing syndrome
MSH2	P43246	Met866Val	0	criteria provided, single submitter	Hereditary cancer-predisposing syndrome
VHL	P40337	Ala18Ser	0	criteria provided, single submitter	Hereditary cancer-predisposing syndrome
VHL	P40337	Leu101Pro	1	criteria provided, multiple submitters, no conflicts	Hereditary cancer-predisposing syndrome|Von Hippel-Lindau syndrome;Chuvash polycythemia
MLH1	P40692	Pro648Arg	1	criteria provided, multiple submitters, no conflicts	Hereditary cancer-predisposing syndrome|Hereditary nonpolyposis colorectal neoplasms
MLH1	P40692	His733Tyr	0	reviewed by expert panel	Hereditary cancer-predisposing syndrome|Lynch syndrome 1|Hereditary nonpolyposis colorectal neoplasms
PTEN	P60484	Asp107Tyr	1	reviewed by expert panel	Hereditary cancer-predisposing syndrome|PTEN hamartoma tumor syndrome|Cowden syndrome 1
PTEN	P60484	Val166Glu	1	criteria provided, single submitter	Hereditary cancer-predisposing syndrome
PTEN	P60484	Met1Val	1	reviewed by expert panel	Hereditary cancer-predisposing syndrome|PTEN hamartoma tumor syndrome|not provided|Cowden syndrome 1|PTEN-related disorder
PTEN	P60484	Arg142Pro	1	criteria provided, multiple submitters, no conflicts	Hereditary cancer-predisposing syndrome|Cowden syndrome 1
PTEN	P60484	Leu345Pro	1	reviewed by expert panel	Hereditary cancer-predisposing syndrome|PTEN hamartoma tumor syndrome
PTEN	P60484	Gly36Glu	1	reviewed by expert panel	Hereditary cancer-predisposing syndrome|not specified|not provided|PTEN hamartoma tumor syndrome|Cowden syndrome 1
ATM	Q13315	Asn796Ile	0	criteria provided, single submitter	Hereditary cancer-predisposing syndrome
PTEN	P60484	Val119Gly	1	criteria provided, single submitter	Hereditary cancer-predisposing syndrome
ATM	Q13315	Met2239Ile	0	criteria provided, single submitter	Hereditary cancer-predisposing syndrome
ATM	Q13315	Leu2452Pro	1	reviewed by expert panel	Hereditary cancer-predisposing syndrome|Ataxia-telangiectasia syndrome|not specified|ATM-related cancer predisposition
ATM	Q13315	Gln2637Arg	0	criteria provided, single submitter	Hereditary cancer-predisposing syndrome
ATM	Q13315	Val3005Ile	0	criteria provided, single submitter	Hereditary cancer-predisposing syndrome
ATM	Q13315	Asn2370Ser	0	criteria provided, single submitter	Hereditary cancer-predisposing syndrome
BRCA2	P51587	Gly578Arg	0	reviewed by expert panel	Hereditary cancer-predisposing syndrome|Familial cancer of breast|Ovarian cancer|BRCA2-related cancer predisposition
BRCA2	P51587	Ser599Phe	0	reviewed by expert panel	Hereditary cancer-predisposing syndrome|Hereditary breast ovarian cancer syndrome|Breast-ovarian cancer, familial, susceptibility to, 2
BRCA2	P51587	Asn801Lys	0	criteria provided, multiple submitters, no conflicts	Hereditary cancer-predisposing syndrome
BRCA2	P51587	Asp156Glu	0	criteria provided, single submitter	Hereditary cancer-predisposing syndrome|Breast-ovarian cancer, familial, susceptibility to, 2
BRCA2	P51587	Tyr1751Ser	0	criteria provided, multiple submitters, no conflicts	Hereditary cancer-predisposing syndrome|Breast-ovarian cancer, familial, susceptibility to, 2
BRCA2	P51587	Tyr2567His	0	criteria provided, single submitter	Hereditary cancer-predisposing syndrome
BRCA2	P51587	Gly2596Val	1	reviewed by expert panel	Hereditary cancer-predisposing syndrome|Hereditary breast ovarian cancer syndrome|Breast-ovarian cancer, familial, susceptibility to, 2|BRCA2-related cancer predisposition
BRCA2	P51587	Glu2599Gly	1	reviewed by expert panel	Hereditary cancer-predisposing syndrome|Hereditary breast ovarian cancer syndrome|BRCA2-related cancer predisposition|not provided
BRCA2	P51587	Gln2749Glu	0	criteria provided, single submitter	Hereditary cancer-predisposing syndrome
BRCA2	P51587	Glu2772Val	0	criteria provided, single submitter	Hereditary cancer-predisposing syndrome
BRCA2	P51587	Ala2780Asp	1	criteria provided, single submitter	Hereditary cancer-predisposing syndrome
BRCA2	P51587	Leu1384Val	0	criteria provided, multiple submitters, no conflicts	Hereditary cancer-predisposing syndrome
BRCA2	P51587	Leu2862Gln	0	criteria provided, single submitter	Hereditary cancer-predisposing syndrome
BRCA2	P51587	Asn3024Asp	0	criteria provided, single submitter	Hereditary cancer-predisposing syndrome
BRCA2	P51587	Val358Met	0	criteria provided, multiple submitters, no conflicts	Hereditary cancer-predisposing syndrome
BRCA2	P51587	Ser2546Pro	0	criteria provided, single submitter	Hereditary cancer-predisposing syndrome
BRCA2	P51587	Tyr2789Phe	0	criteria provided, single submitter	Hereditary cancer-predisposing syndrome
BRCA2	P51587	Leu2792Arg	1	reviewed by expert panel	Hereditary cancer-predisposing syndrome|Hereditary breast ovarian cancer syndrome|BRCA2-related cancer predisposition
BRCA2	P51587	Asn3337Asp	0	criteria provided, single submitter	Hereditary cancer-predisposing syndrome
BRCA2	P51587	Tyr1480His	0	criteria provided, multiple submitters, no conflicts	Hereditary cancer-predisposing syndrome
BRCA2	P51587	Lys2674Asn	0	criteria provided, single submitter	Hereditary cancer-predisposing syndrome
BRCA2	P51587	Thr2722Ala	1	reviewed by expert panel	Hereditary cancer-predisposing syndrome|Hereditary breast ovarian cancer syndrome|BRCA2-related cancer predisposition|not provided
BRCA2	P51587	Thr2880Ile	0	criteria provided, single submitter	Hereditary cancer-predisposing syndrome
RB1	P06400	Arg320Gln	0	criteria provided, multiple submitters, no conflicts	Hereditary cancer-predisposing syndrome|Retinoblastoma
BRCA1	P38398	Asp1739His	1	criteria provided, single submitter	Hereditary cancer-predisposing syndrome|Breast-ovarian cancer, familial, susceptibility to, 1
BRCA1	P38398	Val1719Gly	1	criteria provided, single submitter	Hereditary cancer-predisposing syndrome|Breast-ovarian cancer, familial, susceptibility to, 1
BRCA1	P38398	Thr1684Ala	0	criteria provided, multiple submitters, no conflicts	Hereditary cancer-predisposing syndrome|Breast-ovarian cancer, familial, susceptibility to, 1|Familial cancer of breast
BRCA1	P38398	Thr1312Ser	0	criteria provided, multiple submitters, no conflicts	Hereditary cancer-predisposing syndrome
BRCA1	P38398	Leu413Val	0	criteria provided, multiple submitters, no conflicts	Hereditary cancer-predisposing syndrome
BRCA1	P38398	Glu736Gly	0	criteria provided, multiple submitters, no conflicts	Hereditary cancer-predisposing syndrome
BRCA1	P38398	Cys27Phe	1	criteria provided, multiple submitters, no conflicts	Hereditary cancer-predisposing syndrome|Hereditary breast ovarian cancer syndrome|Breast-ovarian cancer, familial, susceptibility to, 1
TP53	P04637	Phe385Leu	0	criteria provided, single submitter	Hereditary cancer-predisposing syndrome
TP53	P04637	Ala307Gly	0	criteria provided, single submitter	Hereditary cancer-predisposing syndrome
TP53	P04637	Arg283Pro	1	reviewed by expert panel	Hereditary cancer-predisposing syndrome|not specified|Li-Fraumeni syndrome 1|Li-Fraumeni syndrome
TP53	P04637	Met246Lys	1	criteria provided, multiple submitters, no conflicts	Hereditary cancer-predisposing syndrome|Li-Fraumeni syndrome|Li-Fraumeni syndrome 1
BRCA1	P38398	Thr1640Ala	0	criteria provided, single submitter	Hereditary cancer-predisposing syndrome|Breast-ovarian cancer, familial, susceptibility to, 1
TP53	P04637	Asp7Glu	0	criteria provided, single submitter	Hereditary cancer-predisposing syndrome
TP53	P04637	His178Asp	1	reviewed by expert panel	Hereditary cancer-predisposing syndrome|Li-Fraumeni syndrome|Li-Fraumeni syndrome 1
CFTR	P13569	Ser549Arg	1	reviewed by expert panel	Cystic fibrosis|Hereditary pancreatitis
MSH2	P43246	Pro349Ser	1	criteria provided, multiple submitters, no conflicts	Hereditary cancer-predisposing syndrome|not provided|Hereditary nonpolyposis colorectal neoplasms|Lynch syndrome 1|Inherited MMR deficiency (Lynch syndrome)
ATM	Q13315	Leu2068Ser	1	criteria provided, multiple submitters, no conflicts	Hereditary cancer-predisposing syndrome|Ataxia-telangiectasia syndrome|Familial cancer of breast
BRCA2	P51587	Ser2670Trp	1	reviewed by expert panel	Hereditary cancer-predisposing syndrome|Hereditary breast ovarian cancer syndrome|not provided|BRCA2-related cancer predisposition
BRCA2	P51587	Val2652Gly	1	reviewed by expert panel	Hereditary breast ovarian cancer syndrome|Hereditary cancer-predisposing syndrome|BRCA2-related cancer predisposition
MLH1	P40692	Met1Leu	1	criteria provided, single submitter	Hereditary cancer-predisposing syndrome
ATM	Q13315	Lys1192Asn	1	criteria provided, multiple submitters, no conflicts	Hereditary cancer-predisposing syndrome|Ataxia-telangiectasia syndrome|Familial cancer of breast
ATM	Q13315	Arg2849Pro	1	reviewed by expert panel	Hereditary cancer-predisposing syndrome|Ataxia-telangiectasia syndrome|Familial cancer of breast|not provided|Familial cancer of breast;Ataxia-telangiectasia syndrome|ATM-related cancer predisposition
PTEN	P60484	Ile50Thr	1	reviewed by expert panel	not specified|PTEN hamartoma tumor syndrome|not provided|Glioma susceptibility 2|Hereditary cancer-predisposing syndrome
TP53	P04637	Ser106Arg	1	reviewed by expert panel	not specified|Li-Fraumeni syndrome|not provided
FBN1	P35555	Cys2221Tyr	1	reviewed by expert panel	Marfan syndrome|Familial thoracic aortic aneurysm and aortic dissection;Marfan syndrome
FBN1	P35555	Cys1171Trp	1	criteria provided, single submitter	Marfan syndrome|Marfan Syndrome/Loeys-Dietz Syndrome/Familial Thoracic Aortic Aneurysms and Dissections
VHL	P40337	Thr105Pro	1	criteria provided, single submitter	Von Hippel-Lindau syndrome
VHL	P40337	Phe119Leu	1	criteria provided, multiple submitters, no conflicts	Von Hippel-Lindau syndrome|Chuvash polycythemia;Von Hippel-Lindau syndrome|Hereditary cancer-predisposing syndrome
VHL	P40337	Ser80Arg	1	criteria provided, multiple submitters, no conflicts	Von Hippel-Lindau syndrome|Chuvash polycythemia;Von Hippel-Lindau syndrome
VHL	P40337	Val130Phe	1	criteria provided, multiple submitters, no conflicts	Von Hippel-Lindau syndrome|Hereditary cancer-predisposing syndrome
VHL	P40337	Trp88Arg	1	criteria provided, multiple submitters, no conflicts	Von Hippel-Lindau syndrome|Chuvash polycythemia;Von Hippel-Lindau syndrome
VHL	P40337	Cys162Arg	1	criteria provided, multiple submitters, no conflicts	Von Hippel-Lindau syndrome|Chuvash polycythemia;Von Hippel-Lindau syndrome
CFTR	P13569	Phe191Val	1	reviewed by expert panel	not provided|Cystic fibrosis|Cystic fibrosis;Congenital bilateral aplasia of vas deferens from CFTR mutation|not specified|CFTR-related disorder|Cystic fibrosis;CFTR-related disorder|Bronchiectasis with or without elevated sweat chloride 1|Bronchiectasis with or without elevated sweat chloride 1;Cystic fibrosis;Congenital bilateral aplasia of vas deferens from CFTR mutation;Hereditary pancreatitis
FBN1	P35555	Gly1863Arg	1	criteria provided, single submitter	Marfan Syndrome/Loeys-Dietz Syndrome/Familial Thoracic Aortic Aneurysms and Dissections|Marfan syndrome
FBN1	P35555	Cys1236Tyr	1	reviewed by expert panel	not provided|Familial thoracic aortic aneurysm and aortic dissection;Marfan syndrome|Marfan syndrome
FBN1	P35555	Cys980Phe	1	criteria provided, single submitter	Marfan Syndrome/Loeys-Dietz Syndrome/Familial Thoracic Aortic Aneurysms and Dissections
FBN1	P35555	Cys639Ser	1	criteria provided, single submitter	Marfan Syndrome/Loeys-Dietz Syndrome/Familial Thoracic Aortic Aneurysms and Dissections
FBN1	P35555	Cys504Ser	1	criteria provided, single submitter	Marfan Syndrome/Loeys-Dietz Syndrome/Familial Thoracic Aortic Aneurysms and Dissections
FBN1	P35555	Cys304Tyr	1	reviewed by expert panel	not provided|Familial thoracic aortic aneurysm and aortic dissection|Marfan syndrome
FBN1	P35555	Cys129Ser	1	criteria provided, single submitter	Marfan Syndrome/Loeys-Dietz Syndrome/Familial Thoracic Aortic Aneurysms and Dissections
FBN1	P35555	Cys2339Tyr	1	reviewed by expert panel	not provided|Marfan syndrome
FBN1	P35555	Tyr1186Cys	1	reviewed by expert panel	not provided|Marfan syndrome|Familial thoracic aortic aneurysm and aortic dissection;Marfan syndrome
RB1	P06400	Ser474Ile	1	criteria provided, multiple submitters, no conflicts	Hereditary cancer-predisposing syndrome
FBN1	P35555	Arg1915Cys	1	reviewed by expert panel	Marfan Syndrome/Loeys-Dietz Syndrome/Familial Thoracic Aortic Aneurysms and Dissections|Marfan syndrome|Marfan syndrome;Familial thoracic aortic aneurysm and aortic dissection|Familial thoracic aortic aneurysm and aortic dissection|not provided
FBN1	P35555	Met1Leu	1	reviewed by expert panel	Marfan Syndrome/Loeys-Dietz Syndrome/Familial Thoracic Aortic Aneurysms and Dissections|Marfan syndrome|Familial thoracic aortic aneurysm and aortic dissection
FBN1	P35555	Asn630Tyr	1	criteria provided, single submitter	Marfan syndrome
FBN1	P35555	Cys617Tyr	1	reviewed by expert panel	Marfan syndrome|Marfan syndrome;Familial thoracic aortic aneurysm and aortic dissection|Marfan Syndrome/Loeys-Dietz Syndrome/Familial Thoracic Aortic Aneurysms and Dissections
FBN1	P35555	Gly544Arg	1	reviewed by expert panel	Familial thoracic aortic aneurysm and aortic dissection;Marfan syndrome|Marfan syndrome|Marfan Syndrome/Loeys-Dietz Syndrome/Familial Thoracic Aortic Aneurysms and Dissections
COL1A1	P02452	Gly1022Ala	1	criteria provided, multiple submitters, no conflicts	not provided|Osteogenesis imperfecta type I|8 conditions
FBN1	P35555	Cys494Ser	1	reviewed by expert panel	not provided|Marfan syndrome|Marfan syndrome;Familial thoracic aortic aneurysm and aortic dissection
FBN1	P35555	Cys2500Ser	1	criteria provided, multiple submitters, no conflicts	Marfan syndrome|8 conditions
FBN1	P35555	Lys2848Gln	0	criteria provided, multiple submitters, no conflicts	not specified|Familial thoracic aortic aneurysm and aortic dissection;Marfan syndrome|Familial thoracic aortic aneurysm and aortic dissection
BRCA1	P38398	Leu1276Val	0	criteria provided, multiple submitters, no conflicts	not specified|Hereditary cancer-predisposing syndrome
FBN1	P35555	Cys474Trp	1	no assertion criteria provided	Familial thoracic aortic aneurysm and aortic dissection
FBN1	P35555	Cys209Tyr	1	no assertion criteria provided	Familial thoracic aortic aneurysm and aortic dissection
BRCA2	P51587	Asp559Asn	0	criteria provided, multiple submitters, no conflicts	Breast-ovarian cancer, familial, susceptibility to, 2|Hereditary cancer-predisposing syndrome
FBN1	P35555	Cys2672Gly	1	criteria provided, multiple submitters, no conflicts	Marfan syndrome;Familial thoracic aortic aneurysm and aortic dissection|Marfan syndrome;MASS syndrome;Stiff skin syndrome;Ectopia lentis 1, isolated, autosomal dominant;Familial thoracic aortic aneurysm and aortic dissection|Familial thoracic aortic aneurysm and aortic dissection
FBN1	P35555	Gly2668Asp	1	criteria provided, single submitter	Familial thoracic aortic aneurysm and aortic dissection
FBN1	P35555	Cys2622Tyr	1	criteria provided, single submitter	Familial thoracic aortic aneurysm and aortic dissection
FBN1	P35555	Cys2581Phe	1	criteria provided, single submitter	Familial thoracic aortic aneurysm and aortic dissection
FBN1	P35555	Cys2550Ser	1	criteria provided, single submitter	Familial thoracic aortic aneurysm and aortic dissection
FBN1	P35555	Cys2137Ser	1	criteria provided, single submitter	Familial thoracic aortic aneurysm and aortic dissection
FBN1	P35555	Cys1900Ser	1	criteria provided, single submitter	Familial thoracic aortic aneurysm and aortic dissection
FBN1	P35555	Arg1840Cys	1	reviewed by expert panel	not provided|Familial thoracic aortic aneurysm and aortic dissection|Marfan syndrome;Familial thoracic aortic aneurysm and aortic dissection|Marfan syndrome|not specified|Thoracic aortic aneurysm or dissection
FBN1	P35555	Arg1530Pro	1	criteria provided, multiple submitters, no conflicts	Marfan syndrome;Familial thoracic aortic aneurysm and aortic dissection|Marfan syndrome|Familial thoracic aortic aneurysm and aortic dissection
FBN1	P35555	Gly1507Val	1	criteria provided, multiple submitters, no conflicts	Familial thoracic aortic aneurysm and aortic dissection|not provided
FBN1	P35555	Cys1415Arg	1	criteria provided, multiple submitters, no conflicts	Marfan syndrome|Abnormality of connective tissue|Familial thoracic aortic aneurysm and aortic dissection
FBN1	P35555	Cys1402Tyr	1	criteria provided, multiple submitters, no conflicts	Marfan syndrome;Familial thoracic aortic aneurysm and aortic dissection|Familial thoracic aortic aneurysm and aortic dissection
FBN1	P35555	Cys1361Tyr	1	criteria provided, multiple submitters, no conflicts	Marfan syndrome|Familial thoracic aortic aneurysm and aortic dissection|Familial thoracic aortic aneurysm and aortic dissection;Marfan syndrome
FBN1	P35555	Gly1042Asp	1	criteria provided, multiple submitters, no conflicts	Familial thoracic aortic aneurysm and aortic dissection|Thoracic aortic aneurysm or dissection
FBN1	P35555	Cys914Gly	1	criteria provided, single submitter	Cardiovascular phenotype
FBN1	P35555	Cys821Trp	1	criteria provided, single submitter	Familial thoracic aortic aneurysm and aortic dissection
FBN1	P35555	Cys763Arg	1	reviewed by expert panel	not specified|Marfan syndrome;Familial thoracic aortic aneurysm and aortic dissection|Familial thoracic aortic aneurysm and aortic dissection|Marfan syndrome
FBN1	P35555	Cys136Trp	1	criteria provided, single submitter	Familial thoracic aortic aneurysm and aortic dissection
FBN1	P35555	Cys68Ser	1	criteria provided, single submitter	Cardiovascular phenotype
FBN1	P35555	Cys1672Trp	1	criteria provided, single submitter	not provided
FBN1	P35555	Gly899Glu	1	criteria provided, single submitter	Marfan syndrome
FBN1	P35555	Cys739Tyr	1	criteria provided, multiple submitters, no conflicts	not provided|Marfan syndrome|Marfan syndrome;Familial thoracic aortic aneurysm and aortic dissection
MLH1	P40692	Ile276Arg	1	reviewed by expert panel	Lynch syndrome 1|Lynch syndrome|Hereditary nonpolyposis colorectal neoplasms
COL1A1	P02452	Gly130Cys	1	criteria provided, single submitter	Inborn genetic diseases
PTEN	P60484	His93Asn	1	criteria provided, multiple submitters, no conflicts	Macrocephaly;Large for gestational age;Loss of consciousness|Triple-negative breast cancer
FBN1	P35555	Glu2610Gly	1	criteria provided, single submitter	Mitral valve prolapse;Pulmonary artery dilatation;Striae distensae
VHL	P40337	Arg167Leu	1	criteria provided, single submitter	Chuvash polycythemia;Von Hippel-Lindau syndrome
VHL	P40337	Pro154Ala	1	criteria provided, single submitter	Chuvash polycythemia;Von Hippel-Lindau syndrome
CFTR	P13569	Ile507Phe	1	criteria provided, single submitter	Cystic fibrosis
PTEN	P60484	Lys267Asn	1	reviewed by expert panel	PTEN hamartoma tumor syndrome|not provided|Hereditary cancer-predisposing syndrome|Segmental outgrowth-lipomatosis-arteriovenous malformation-epidermal nevus syndrome;Cowden syndrome
PTEN	P60484	Gly251Val	1	reviewed by expert panel	PTEN hamartoma tumor syndrome|Hereditary cancer-predisposing syndrome
ATM	Q13315	Pro1785His	0	criteria provided, single submitter	Ataxia-telangiectasia syndrome
BRCA2	P51587	Lys1944Glu	0	criteria provided, multiple submitters, no conflicts	Hereditary breast ovarian cancer syndrome|Hereditary cancer-predisposing syndrome
RB1	P06400	Gln444His	1	criteria provided, single submitter	Retinoblastoma
BRCA2	P51587	Ile1258Arg	0	criteria provided, multiple submitters, no conflicts	Hereditary breast ovarian cancer syndrome|Hereditary cancer-predisposing syndrome
RB1	P06400	Glu737Asp	1	criteria provided, single submitter	Retinoblastoma
FBN1	P35555	Cys2378Trp	1	criteria provided, single submitter	Marfan syndrome;Familial thoracic aortic aneurysm and aortic dissection
FBN1	P35555	Cys1367Ser	1	criteria provided, single submitter	Marfan syndrome;Familial thoracic aortic aneurysm and aortic dissection
FBN1	P35555	Asn1504Tyr	1	criteria provided, single submitter	Marfan syndrome;Familial thoracic aortic aneurysm and aortic dissection
FBN1	P35555	Cys639Arg	1	criteria provided, single submitter	Marfan syndrome;Familial thoracic aortic aneurysm and aortic dissection
FBN1	P35555	Cys134Arg	1	criteria provided, single submitter	Marfan syndrome;Familial thoracic aortic aneurysm and aortic dissection|Marfan syndrome
FBN1	P35555	Tyr2433Cys	1	criteria provided, single submitter	Marfan syndrome;Familial thoracic aortic aneurysm and aortic dissection
FBN1	P35555	Cys2053Tyr	1	criteria provided, single submitter	Marfan syndrome;Familial thoracic aortic aneurysm and aortic dissection
FBN1	P35555	Cys1348Trp	1	criteria provided, single submitter	Marfan syndrome;Familial thoracic aortic aneurysm and aortic dissection
FBN1	P35555	Cys996Arg	1	criteria provided, single submitter	Marfan syndrome;Familial thoracic aortic aneurysm and aortic dissection
FBN1	P35555	Cys926Tyr	1	criteria provided, multiple submitters, no conflicts	Marfan syndrome;Familial thoracic aortic aneurysm and aortic dissection|Marfan syndrome|Marfan Syndrome/Loeys-Dietz Syndrome/Familial Thoracic Aortic Aneurysms and Dissections
FBN1	P35555	Gly234Asp	1	criteria provided, single submitter	Marfan syndrome;Familial thoracic aortic aneurysm and aortic dissection|Marfan syndrome
FBN1	P35555	Leu2778Arg	1	criteria provided, single submitter	Marfan syndrome;Familial thoracic aortic aneurysm and aortic dissection
FBN1	P35555	Cys2652Arg	1	criteria provided, single submitter	Marfan syndrome;Familial thoracic aortic aneurysm and aortic dissection
FBN1	P35555	Cys2455Trp	1	criteria provided, single submitter	Marfan syndrome;Familial thoracic aortic aneurysm and aortic dissection
FBN1	P35555	Cys1658Tyr	1	criteria provided, single submitter	Marfan syndrome;Familial thoracic aortic aneurysm and aortic dissection
FBN1	P35555	Gly753Glu	1	criteria provided, single submitter	Marfan syndrome;Familial thoracic aortic aneurysm and aortic dissection
BRCA1	P38398	His1686Tyr	1	reviewed by expert panel	Hereditary breast ovarian cancer syndrome|Familial cancer of breast;Breast-ovarian cancer, familial, susceptibility to, 1;Pancreatic cancer, susceptibility to, 4;Fanconi anemia, complementation group S|Breast-ovarian cancer, familial, susceptibility to, 1|Hereditary cancer-predisposing syndrome|Breast-ovarian cancer, familial, susceptibility to, 1;Pancreatic cancer, susceptibility to, 4;Fanconi anemia, complementation group S|not provided|BRCA1-related cancer predisposition
BRCA1	P38398	Met18Arg	1	criteria provided, multiple submitters, no conflicts	Hereditary breast ovarian cancer syndrome|Breast-ovarian cancer, familial, susceptibility to, 1
BRCA1	P38398	His1746Asp	1	reviewed by expert panel	Hereditary breast ovarian cancer syndrome|Breast-ovarian cancer, familial, susceptibility to, 1|Hereditary cancer-predisposing syndrome|not provided|BRCA1-related disorder|BRCA1-related cancer predisposition
COL1A1	P02452	Gly371Ser	1	criteria provided, single submitter	Osteogenesis imperfecta type I
COL1A1	P02452	Gly269Arg	1	criteria provided, single submitter	Osteogenesis imperfecta type I
BRCA1	P38398	Gly1788Ala	1	criteria provided, single submitter	Hereditary breast ovarian cancer syndrome|Breast-ovarian cancer, familial, susceptibility to, 1
BRCA1	P38398	Ile1723Thr	0	criteria provided, multiple submitters, no conflicts	Hereditary breast ovarian cancer syndrome|Breast-ovarian cancer, familial, susceptibility to, 1|Hereditary cancer-predisposing syndrome
COL1A1	P02452	Gly845Ala	1	criteria provided, single submitter	Osteogenesis imperfecta type I
COL1A1	P02452	Met1Val	1	criteria provided, single submitter	Osteogenesis imperfecta type I|not provided
COL1A1	P02452	Ala847Thr	0	criteria provided, multiple submitters, no conflicts	Osteogenesis imperfecta type I|Cardiovascular phenotype
COL1A1	P02452	Gln42His	0	criteria provided, single submitter	Osteogenesis imperfecta type I
TP53	P04637	Arg158Leu	1	reviewed by expert panel	Li-Fraumeni syndrome|not provided|Hereditary cancer-predisposing syndrome|Li-Fraumeni syndrome 1|Diffuse midline glioma, H3 K27M-mutant
BRCA2	P51587	Thr2722Ile	1	reviewed by expert panel	Breast cancer, susceptibility to|Hereditary breast ovarian cancer syndrome|Hereditary cancer-predisposing syndrome|8 conditions|Familial cancer of breast;Breast-ovarian cancer, familial, susceptibility to, 2|BRCA2-related cancer predisposition
BRCA2	P51587	Lys1286Asn	0	criteria provided, single submitter	not provided|Hereditary cancer-predisposing syndrome
FBN1	P35555	Glu913Lys	1	criteria provided, multiple submitters, no conflicts	not provided|Marfan syndrome;Familial thoracic aortic aneurysm and aortic dissection
COL1A1	P02452	Gly1136Ser	1	criteria provided, single submitter	not provided
COL1A1	P02452	Gly1127Cys	1	criteria provided, single submitter	not provided
COL1A1	P02452	Gly767Ser	1	criteria provided, multiple submitters, no conflicts	not provided|Osteogenesis imperfecta type I|Osteogenesis imperfecta|8 conditions|Osteogenesis imperfecta type III
COL1A1	P02452	Gly539Ser	1	criteria provided, single submitter	not provided
COL1A1	P02452	Gly251Cys	1	criteria provided, single submitter	not provided
VHL	P40337	Ser65Pro	1	criteria provided, single submitter	Von Hippel-Lindau syndrome
FBN1	P35555	Cys2500Arg	1	criteria provided, multiple submitters, no conflicts	Marfan syndrome|Marfan syndrome;Familial thoracic aortic aneurysm and aortic dissection|Familial thoracic aortic aneurysm and aortic dissection
FBN1	P35555	Cys2164Tyr	1	reviewed by expert panel	Marfan syndrome|Marfan syndrome;Familial thoracic aortic aneurysm and aortic dissection
FBN1	P35555	Cys2085Tyr	1	reviewed by expert panel	Marfan syndrome|not provided
FBN1	P35555	Cys1674Tyr	1	criteria provided, multiple submitters, no conflicts	Marfan syndrome|Marfan syndrome;Familial thoracic aortic aneurysm and aortic dissection
FBN1	P35555	Cys1663Phe	1	criteria provided, multiple submitters, no conflicts	Marfan syndrome|Marfan syndrome;Familial thoracic aortic aneurysm and aortic dissection
FBN1	P35555	Cys1513Tyr	1	criteria provided, multiple submitters, no conflicts	Marfan syndrome|not provided
FBN1	P35555	Asn1382Ile	0	criteria provided, single submitter	Marfan syndrome
FBN1	P35555	Gly1206Asp	1	criteria provided, single submitter	Marfan syndrome
FBN1	P35555	Asn1173Thr	1	criteria provided, multiple submitters, no conflicts	Marfan syndrome|Marfan syndrome;Familial thoracic aortic aneurysm and aortic dissection
FBN1	P35555	Cys1159Tyr	1	reviewed by expert panel	Marfan syndrome|Marfan syndrome;Familial thoracic aortic aneurysm and aortic dissection
FBN1	P35555	Cys1053Gly	1	criteria provided, multiple submitters, no conflicts	Marfan syndrome
FBN1	P35555	His2816Pro	1	criteria provided, single submitter	Marfan syndrome|Familial thoracic aortic aneurysm and aortic dissection;Marfan syndrome
FBN1	P35555	Cys2672Ser	1	criteria provided, single submitter	Marfan syndrome|Familial thoracic aortic aneurysm and aortic dissection
FBN1	P35555	Cys2672Tyr	1	criteria provided, single submitter	Marfan syndrome|Familial thoracic aortic aneurysm and aortic dissection;Marfan syndrome
FBN1	P35555	Cys2659Gly	1	criteria provided, single submitter	Marfan syndrome|Familial thoracic aortic aneurysm and aortic dissection;Marfan syndrome
FBN1	P35555	Cys2646Arg	1	criteria provided, single submitter	Marfan syndrome|not provided
FBN1	P35555	Cys2622Arg	1	criteria provided, multiple submitters, no conflicts	Marfan syndrome|Familial thoracic aortic aneurysm and aortic dissection;Marfan syndrome|not provided
FBN1	P35555	Cys2622Ser	1	no assertion criteria provided	Marfan syndrome
FBN1	P35555	Cys2617Tyr	1	no assertion criteria provided	Marfan syndrome
FBN1	P35555	Glu2610Val	1	no assertion criteria provided	Marfan syndrome
FBN1	P35555	Cys2581Tyr	1	criteria provided, single submitter	Marfan syndrome|Familial thoracic aortic aneurysm and aortic dissection
FBN1	P35555	Cys2571Phe	1	no assertion criteria provided	Marfan syndrome
FBN1	P35555	Cys2535Arg	1	no assertion criteria provided	Marfan syndrome
FBN1	P35555	Cys2496Phe	1	criteria provided, single submitter	Marfan syndrome|Familial thoracic aortic aneurysm and aortic dissection;Marfan syndrome
FBN1	P35555	Cys2496Ser	1	no assertion criteria provided	Marfan syndrome
FBN1	P35555	Cys2489Gly	1	no assertion criteria provided	Marfan syndrome
FBN1	P35555	Cys2483Ser	1	no assertion criteria provided	Marfan syndrome
FBN1	P35555	Cys2470Tyr	1	criteria provided, single submitter	Marfan syndrome|Familial thoracic aortic aneurysm and aortic dissection;Marfan syndrome
FBN1	P35555	Cys2470Arg	1	criteria provided, multiple submitters, no conflicts	Marfan syndrome|Familial thoracic aortic aneurysm and aortic dissection|not provided
FBN1	P35555	Cys2418Arg	1	criteria provided, single submitter	Marfan syndrome
FBN1	P35555	Cys2318Arg	1	criteria provided, multiple submitters, no conflicts	Marfan syndrome|Familial thoracic aortic aneurysm and aortic dissection;Marfan syndrome
FBN1	P35555	Cys2316Phe	1	criteria provided, single submitter	Marfan syndrome|Familial thoracic aortic aneurysm and aortic dissection;Marfan syndrome
FBN1	P35555	Cys2316Tyr	1	criteria provided, multiple submitters, no conflicts	Marfan syndrome|Familial thoracic aortic aneurysm and aortic dissection
FBN1	P35555	Cys2295Gly	1	criteria provided, single submitter	Marfan syndrome|Familial thoracic aortic aneurysm and aortic dissection;Marfan syndrome
FBN1	P35555	Glu2294Ala	1	no assertion criteria provided	Marfan syndrome
FBN1	P35555	Asn2267Lys	1	criteria provided, single submitter	Marfan syndrome
FBN1	P35555	Cys2210Ser	1	no assertion criteria provided	Marfan syndrome
FBN1	P35555	Cys2204Phe	1	criteria provided, single submitter	Marfan syndrome|Familial thoracic aortic aneurysm and aortic dissection;Marfan syndrome
FBN1	P35555	Cys2142Ser	1	no assertion criteria provided	Marfan syndrome
FBN1	P35555	Cys2085Ser	1	no assertion criteria provided	Marfan syndrome
FBN1	P35555	Cys2084Tyr	1	no assertion criteria provided	Marfan syndrome
FBN1	P35555	Ser2079Cys	1	criteria provided, single submitter	Marfan syndrome
FBN1	P35555	Cys2029Trp	1	criteria provided, single submitter	Marfan syndrome|Familial thoracic aortic aneurysm and aortic dissection;Marfan syndrome
FBN1	P35555	Asp2013His	1	no assertion criteria provided	Marfan syndrome
FBN1	P35555	Cys1998Trp	1	criteria provided, single submitter	Marfan syndrome|Familial thoracic aortic aneurysm and aortic dissection;Marfan syndrome
FBN1	P35555	Cys1971Tyr	1	criteria provided, single submitter	Marfan syndrome|Familial thoracic aortic aneurysm and aortic dissection
FBN1	P35555	Cys1971Gly	1	criteria provided, single submitter	Marfan syndrome
FBN1	P35555	Cys1934Ser	1	criteria provided, single submitter	Marfan syndrome
FBN1	P35555	Asp1930Tyr	1	no assertion criteria provided	Marfan syndrome
FBN1	P35555	Cys1900Phe	1	criteria provided, single submitter	Marfan syndrome
FBN1	P35555	Cys1865Arg	1	criteria provided, single submitter	Marfan syndrome|Familial thoracic aortic aneurysm and aortic dissection;Marfan syndrome
FBN1	P35555	Cys1853Ser	1	criteria provided, single submitter	Marfan syndrome|Familial thoracic aortic aneurysm and aortic dissection;Marfan syndrome
FBN1	P35555	Cys1853Ser	1	no assertion criteria provided	Marfan syndrome
FBN1	P35555	Cys1847Arg	1	no assertion criteria provided	Marfan syndrome
FBN1	P35555	Cys1835Phe	1	no assertion criteria provided	Marfan syndrome
FBN1	P35555	Cys1835Arg	1	criteria provided, single submitter	Marfan syndrome|Familial thoracic aortic aneurysm and aortic dissection;Marfan syndrome
FBN1	P35555	Cys1835Ser	1	criteria provided, single submitter	Marfan syndrome|Familial thoracic aortic aneurysm and aortic dissection;Marfan syndrome
FBN1	P35555	Cys1812Tyr	1	no assertion criteria provided	Marfan syndrome
FBN1	P35555	Cys1793Ser	1	no assertion criteria provided	Marfan syndrome
FBN1	P35555	Cys1791Trp	1	no assertion criteria provided	Marfan syndrome
FBN1	P35555	Cys1719Tyr	1	criteria provided, multiple submitters, no conflicts	Marfan syndrome|Marfan syndrome;Familial thoracic aortic aneurysm and aortic dissection|Marfan Syndrome/Loeys-Dietz Syndrome/Familial Thoracic Aortic Aneurysms and Dissections
FBN1	P35555	Cys1674Arg	1	no assertion criteria provided	Marfan syndrome
FBN1	P35555	Cys1672Ser	1	criteria provided, multiple submitters, no conflicts	Marfan syndrome|Familial thoracic aortic aneurysm and aortic dissection|Familial thoracic aortic aneurysm and aortic dissection;Marfan syndrome
FBN1	P35555	Cys1633Tyr	1	criteria provided, single submitter	Marfan syndrome|Familial thoracic aortic aneurysm and aortic dissection
FBN1	P35555	Arg1596Pro	1	criteria provided, single submitter	Marfan syndrome|FBN1-related disorder
FBN1	P35555	Cys1534Trp	1	no assertion criteria provided	Marfan syndrome
FBN1	P35555	Cys1511Gly	1	criteria provided, single submitter	Marfan syndrome|Familial thoracic aortic aneurysm and aortic dissection;Marfan syndrome
FBN1	P35555	Asn1504Ser	1	criteria provided, single submitter	Marfan syndrome|Familial thoracic aortic aneurysm and aortic dissection;Marfan syndrome
FBN1	P35555	Cys1497Ser	1	no assertion criteria provided	Marfan syndrome
FBN1	P35555	Asp1487Asn	1	reviewed by expert panel	Marfan syndrome|Familial thoracic aortic aneurysm and aortic dissection;Marfan syndrome|Familial thoracic aortic aneurysm and aortic dissection|not specified
FBN1	P35555	Cys1485Tyr	1	no assertion criteria provided	Marfan syndrome
FBN1	P35555	Cys1472Arg	1	reviewed by expert panel	Marfan syndrome|Familial thoracic aortic aneurysm and aortic dissection;Marfan syndrome
FBN1	P35555	Cys1450Tyr	1	criteria provided, single submitter	Marfan syndrome|Familial thoracic aortic aneurysm and aortic dissection;Marfan syndrome
FBN1	P35555	Cys1450Ser	1	no assertion criteria provided	Marfan syndrome
FBN1	P35555	Cys1431Tyr	1	criteria provided, multiple submitters, no conflicts	Marfan syndrome|Familial thoracic aortic aneurysm and aortic dissection;Marfan syndrome
FBN1	P35555	Cys1429Trp	1	no assertion criteria provided	Marfan syndrome
FBN1	P35555	Cys1429Ser	1	no assertion criteria provided	Marfan syndrome
FBN1	P35555	Cys1367Arg	1	criteria provided, single submitter	Marfan syndrome|not provided
FBN1	P35555	Cys1350Phe	1	criteria provided, multiple submitters, no conflicts	Marfan syndrome
FBN1	P35555	Cys1350Tyr	1	criteria provided, single submitter	Marfan syndrome|Familial thoracic aortic aneurysm and aortic dissection;Marfan syndrome
FBN1	P35555	Cys1339Tyr	1	criteria provided, single submitter	Marfan syndrome|Familial thoracic aortic aneurysm and aortic dissection;Marfan syndrome
FBN1	P35555	Cys1320Phe	1	no assertion criteria provided	Marfan syndrome
FBN1	P35555	Cys1320Ser	1	criteria provided, single submitter	Marfan syndrome|Familial thoracic aortic aneurysm and aortic dissection;Marfan syndrome
FBN1	P35555	Glu1283Lys	1	no assertion criteria provided	Marfan syndrome
FBN1	P35555	Asp1280Val	1	no assertion criteria provided	Marfan syndrome
FBN1	P35555	Cys1236Arg	1	no assertion criteria provided	Marfan syndrome
FBN1	P35555	Gly1217Asp	1	reviewed by expert panel	Marfan syndrome|Familial thoracic aortic aneurysm and aortic dissection;Marfan syndrome
FBN1	P35555	Asn1214Ser	1	no assertion criteria provided	Marfan syndrome
FBN1	P35555	Cys1201Tyr	1	no assertion criteria provided	Marfan syndrome
FBN1	P35555	Gly1185Asp	1	reviewed by expert panel	Marfan syndrome|Familial thoracic aortic aneurysm and aortic dissection|not provided
FBN1	P35555	Cys1180Tyr	1	criteria provided, single submitter	Marfan syndrome
FBN1	P35555	Tyr1178Cys	1	criteria provided, multiple submitters, no conflicts	Marfan syndrome|not provided|Familial thoracic aortic aneurysm and aortic dissection;Marfan syndrome
FBN1	P35555	Cys1171Tyr	1	criteria provided, single submitter	Marfan syndrome|Familial thoracic aortic aneurysm and aortic dissection;Marfan syndrome
FBN1	P35555	Cys1140Phe	1	no assertion criteria provided	Marfan syndrome
FBN1	P35555	Glu1116Lys	1	no assertion criteria provided	Marfan syndrome|not provided
FBN1	P35555	Gly1100Val	1	no assertion criteria provided	Marfan syndrome
FBN1	P35555	Gly1100Ala	1	criteria provided, multiple submitters, no conflicts	Marfan syndrome|not provided|Familial thoracic aortic aneurysm and aortic dissection;Marfan syndrome
FBN1	P35555	Cys1097Tyr	1	reviewed by expert panel	Marfan syndrome|Familial thoracic aortic aneurysm and aortic dissection;Marfan syndrome|not provided
FBN1	P35555	Pro1090Ser	1	criteria provided, single submitter	Marfan syndrome
FBN1	P35555	Cys1086Arg	1	criteria provided, single submitter	Marfan syndrome|not provided
FBN1	P35555	Asp1072His	1	no assertion criteria provided	Marfan syndrome
FBN1	P35555	Cys1068Tyr	1	criteria provided, single submitter	Marfan syndrome|Familial thoracic aortic aneurysm and aortic dissection;Marfan syndrome
FBN1	P35555	Cys1068Arg	1	criteria provided, single submitter	Marfan syndrome|Familial thoracic aortic aneurysm and aortic dissection;Marfan syndrome
FBN1	P35555	Cys1055Trp	1	no assertion criteria provided	Marfan syndrome
FBN1	P35555	Cys1053Ser	1	no assertion criteria provided	Marfan syndrome
FBN1	P35555	Ser1050Ile	1	no assertion criteria provided	Marfan syndrome
FBN1	P35555	Cys981Tyr	1	no assertion criteria provided	Marfan syndrome
FBN1	P35555	Cys950Phe	1	no assertion criteria provided	Marfan syndrome
FBN1	P35555	Cys950Tyr	1	criteria provided, single submitter	Marfan syndrome|Familial thoracic aortic aneurysm and aortic dissection;Marfan syndrome
FBN1	P35555	Cys914Ser	1	criteria provided, single submitter	Marfan syndrome|Familial thoracic aortic aneurysm and aortic dissection;Marfan syndrome
FBN1	P35555	Glu913Gly	1	no assertion criteria provided	Marfan syndrome
FBN1	P35555	Gly899Arg	1	no assertion criteria provided	Marfan syndrome
FBN1	P35555	Cys862Tyr	1	criteria provided, multiple submitters, no conflicts	Marfan syndrome|Familial thoracic aortic aneurysm and aortic dissection|Familial thoracic aortic aneurysm and aortic dissection;Marfan syndrome
FBN1	P35555	Cys853Ser	1	criteria provided, multiple submitters, no conflicts	Marfan syndrome|Marfan Syndrome/Loeys-Dietz Syndrome/Familial Thoracic Aortic Aneurysms and Dissections
FBN1	P35555	Cys830Tyr	1	no assertion criteria provided	Marfan syndrome
FBN1	P35555	Cys811Trp	1	criteria provided, single submitter	Marfan syndrome|Familial thoracic aortic aneurysm and aortic dissection;Marfan syndrome
FBN1	P35555	Cys790Ser	1	no assertion criteria provided	Marfan syndrome
FBN1	P35555	Cys781Ser	1	no assertion criteria provided	Marfan syndrome
FBN1	P35555	Cys776Tyr	1	no assertion criteria provided	Marfan syndrome
FBN1	P35555	Cys763Gly	1	reviewed by expert panel	Marfan syndrome
FBN1	P35555	Asp723Tyr	1	no assertion criteria provided	Marfan syndrome
FBN1	P35555	Cys684Ser	1	no assertion criteria provided	Marfan syndrome
FBN1	P35555	Cys611Arg	1	criteria provided, multiple submitters, no conflicts	Marfan syndrome|Familial thoracic aortic aneurysm and aortic dissection;Marfan syndrome
FBN1	P35555	Cys598Trp	1	criteria provided, single submitter	Marfan syndrome
FBN1	P35555	Cys598Tyr	1	no assertion criteria provided	Marfan syndrome
FBN1	P35555	Gly592Asp	1	no assertion criteria provided	Marfan syndrome
FBN1	P35555	Cys587Tyr	1	criteria provided, single submitter	Marfan syndrome|Cardiovascular phenotype
FBN1	P35555	Gly585Glu	1	criteria provided, multiple submitters, no conflicts	Marfan syndrome|Familial thoracic aortic aneurysm and aortic dissection|Acromicric dysplasia
FBN1	P35555	Cys576Tyr	1	criteria provided, multiple submitters, no conflicts	Marfan syndrome|Familial thoracic aortic aneurysm and aortic dissection;Marfan syndrome|Marfan Syndrome/Loeys-Dietz Syndrome/Familial Thoracic Aortic Aneurysms and Dissections
FBN1	P35555	Asp572Val	1	no assertion criteria provided	Marfan syndrome
FBN1	P35555	Cys570Tyr	1	criteria provided, multiple submitters, no conflicts	Marfan syndrome|Marfan syndrome;Familial thoracic aortic aneurysm and aortic dissection|Acromicric dysplasia|Familial thoracic aortic aneurysm and aortic dissection
FBN1	P35555	Cys555Tyr	1	criteria provided, multiple submitters, no conflicts	Marfan syndrome|Familial thoracic aortic aneurysm and aortic dissection;Marfan syndrome|Marfan Syndrome/Loeys-Dietz Syndrome/Familial Thoracic Aortic Aneurysms and Dissections
FBN1	P35555	Cys546Arg	1	no assertion criteria provided	Marfan syndrome
FBN1	P35555	Cys541Phe	1	no assertion criteria provided	Marfan syndrome
FBN1	P35555	Tyr519Cys	1	reviewed by expert panel	Marfan syndrome|Familial thoracic aortic aneurysm and aortic dissection;Marfan syndrome|Familial thoracic aortic aneurysm and aortic dissection
FBN1	P35555	Cys504Tyr	1	criteria provided, multiple submitters, no conflicts	Marfan syndrome|Familial thoracic aortic aneurysm and aortic dissection|Familial thoracic aortic aneurysm and aortic dissection;Marfan syndrome
FBN1	P35555	Asp490Tyr	1	reviewed by expert panel	Marfan syndrome|Familial thoracic aortic aneurysm and aortic dissection;Marfan syndrome
FBN1	P35555	Cys488Phe	1	no assertion criteria provided	Marfan syndrome
FBN1	P35555	Arg464Cys	1	reviewed by expert panel	Marfan syndrome|Marfan syndrome;Familial thoracic aortic aneurysm and aortic dissection|not specified|8 conditions|not provided|Familial thoracic aortic aneurysm and aortic dissection
FBN1	P35555	Cys359Tyr	1	no assertion criteria provided	Marfan syndrome
FBN1	P35555	Cys359Arg	1	criteria provided, single submitter	Marfan syndrome
FBN1	P35555	Cys358Tyr	1	reviewed by expert panel	Marfan syndrome
FBN1	P35555	Arg344Cys	1	reviewed by expert panel	Marfan syndrome|Familial thoracic aortic aneurysm and aortic dissection|Familial thoracic aortic aneurysm and aortic dissection;Marfan syndrome|not provided
FBN1	P35555	Cys336Arg	1	criteria provided, multiple submitters, no conflicts	Marfan syndrome|Marfan syndrome;Familial thoracic aortic aneurysm and aortic dissection|Marfan Syndrome/Loeys-Dietz Syndrome/Familial Thoracic Aortic Aneurysms and Dissections
FBN1	P35555	Ile329Val	0	reviewed by expert panel	Marfan syndrome|Marfan syndrome;Familial thoracic aortic aneurysm and aortic dissection|not provided|Familial thoracic aortic aneurysm and aortic dissection|not specified
FBN1	P35555	Cys313Trp	1	criteria provided, single submitter	Marfan syndrome|Familial thoracic aortic aneurysm and aortic dissection;Marfan syndrome
FBN1	P35555	Cys224Arg	1	no assertion criteria provided	Marfan syndrome
FBN1	P35555	Cys209Ser	1	criteria provided, single submitter	Marfan syndrome|Familial thoracic aortic aneurysm and aortic dissection;Marfan syndrome
FBN1	P35555	Cys168Trp	1	criteria provided, single submitter	Marfan syndrome|not provided
FBN1	P35555	Cys145Gly	1	no assertion criteria provided	Marfan syndrome
FBN1	P35555	Cys136Arg	1	no assertion criteria provided	Marfan syndrome
FBN1	P35555	Cys136Ser	1	no assertion criteria provided	Marfan syndrome
FBN1	P35555	Cys102Ser	1	no assertion criteria provided	Marfan syndrome
FBN1	P35555	Cys89Arg	1	no assertion criteria provided	Marfan syndrome
FBN1	P35555	Cys80Gly	1	criteria provided, single submitter	Marfan syndrome
FBN1	P35555	Trp71Arg	1	criteria provided, single submitter	Marfan syndrome|Familial thoracic aortic aneurysm and aortic dissection;Marfan syndrome
FBN1	P35555	Tyr66Cys	1	no assertion criteria provided	Marfan syndrome
FBN1	P35555	Cys59Phe	1	no assertion criteria provided	Marfan syndrome
CFTR	P13569	Leu102Arg	1	reviewed by expert panel	Cystic fibrosis|CFTR-related disorder
CFTR	P13569	Asp110Asn	1	criteria provided, multiple submitters, no conflicts	Cystic fibrosis|CFTR-related disorder
CFTR	P13569	Ile1366Asn	1	reviewed by expert panel	Cystic fibrosis|CFTR-related disorder
CFTR	P13569	Pro1021Thr	1	criteria provided, multiple submitters, no conflicts	Cystic fibrosis|CFTR-related disorder
ATM	Q13315	Asp2597Tyr	1	criteria provided, multiple submitters, no conflicts	Ataxia-telangiectasia syndrome|Hereditary cancer-predisposing syndrome
PAH	P00439	Leu444Phe	1	reviewed by expert panel	Phenylketonuria|not specified
PAH	P00439	Gln429Lys	1	reviewed by expert panel	Phenylketonuria
PAH	P00439	Pro416Gln	1	reviewed by expert panel	Phenylketonuria
PAH	P00439	Ile406Met	1	reviewed by expert panel	Phenylketonuria|not provided
PAH	P00439	Phe382Leu	1	reviewed by expert panel	Phenylketonuria
PAH	P00439	Leu358Phe	1	reviewed by expert panel	Phenylketonuria|not provided|Hepatocellular carcinoma
PAH	P00439	Pro175Ser	1	reviewed by expert panel	Phenylketonuria
PAH	P00439	Asp101Asn	1	reviewed by expert panel	Phenylketonuria
PAH	P00439	Gly148Val	1	reviewed by expert panel	Phenylketonuria|not provided
PAH	P00439	Gln267Arg	1	reviewed by expert panel	Phenylketonuria
PAH	P00439	Val230Ala	1	reviewed by expert panel	Phenylketonuria
PAH	P00439	Arg155Cys	1	reviewed by expert panel	Phenylketonuria
PAH	P00439	Gly103Ser	1	criteria provided, single submitter	Phenylketonuria
PAH	P00439	Gln419Arg	1	reviewed by expert panel	Phenylketonuria
PAH	P00439	His290Gln	1	reviewed by expert panel	Phenylketonuria
PAH	P00439	Met276Ile	1	criteria provided, single submitter	Phenylketonuria
PAH	P00439	Asn223Ile	1	reviewed by expert panel	Phenylketonuria|PAH-related disorder|not specified
PAH	P00439	Arg169Gly	1	reviewed by expert panel	Phenylketonuria
BRCA2	P51587	Asp1547Asn	0	criteria provided, single submitter	Breast neoplasm|Hereditary cancer-predisposing syndrome
BRCA2	P51587	Val1775Leu	0	criteria provided, single submitter	Malignant tumor of esophagus|Hereditary cancer-predisposing syndrome
BRCA2	P51587	Lys1025Arg	0	criteria provided, single submitter	Infiltrating duct carcinoma of breast|Hereditary cancer-predisposing syndrome
FBN1	P35555	Cys652Trp	1	no assertion criteria provided	Marfan syndrome
MLH1	P40692	Asn38Lys	1	reviewed by expert panel	Lynch syndrome 1|Hereditary nonpolyposis colorectal neoplasms
MLH1	P40692	His308Pro	1	reviewed by expert panel	Lynch syndrome 1|Hereditary cancer-predisposing syndrome|Hereditary nonpolyposis colorectal neoplasms|Colorectal cancer, hereditary nonpolyposis, type 2
VHL	P40337	Trp88Cys	1	criteria provided, single submitter	Chuvash polycythemia;Von Hippel-Lindau syndrome
VHL	P40337	Leu158Val	1	criteria provided, multiple submitters, no conflicts	Von Hippel-Lindau syndrome;Chuvash polycythemia|not provided|Hereditary cancer-predisposing syndrome
VHL	P40337	Ser111Cys	1	criteria provided, single submitter	Von Hippel-Lindau syndrome;Chuvash polycythemia
MSH2	P43246	Ile584Val	0	criteria provided, multiple submitters, no conflicts	Hereditary nonpolyposis colorectal neoplasms|Hereditary cancer-predisposing syndrome
MLH1	P40692	Gly101Arg	1	criteria provided, multiple submitters, no conflicts	Hereditary nonpolyposis colorectal neoplasms|Hereditary cancer-predisposing syndrome
MLH1	P40692	Gly147Glu	1	reviewed by expert panel	Hereditary nonpolyposis colorectal neoplasms|Hereditary cancer-predisposing syndrome|Lynch syndrome
PTEN	P60484	Ser170Arg	1	criteria provided, multiple submitters, no conflicts	PTEN hamartoma tumor syndrome|Hereditary cancer-predisposing syndrome|Cowden syndrome 1
PTEN	P60484	Tyr177Cys	1	reviewed by expert panel	PTEN hamartoma tumor syndrome|Hereditary cancer-predisposing syndrome|not provided
PTEN	P60484	Thr277Ala	1	criteria provided, single submitter	PTEN hamartoma tumor syndrome
FBN1	P35555	Cys2686Arg	1	criteria provided, single submitter	Marfan syndrome;Familial thoracic aortic aneurysm and aortic dissection
FBN1	P35555	Gly2555Val	1	criteria provided, multiple submitters, no conflicts	Marfan syndrome;Familial thoracic aortic aneurysm and aortic dissection|Familial thoracic aortic aneurysm and aortic dissection
FBN1	P35555	Cys2427Arg	1	criteria provided, single submitter	Marfan syndrome;Familial thoracic aortic aneurysm and aortic dissection
FBN1	P35555	Cys2017Trp	1	criteria provided, multiple submitters, no conflicts	Marfan syndrome;Familial thoracic aortic aneurysm and aortic dissection|Marfan syndrome|Marfan Syndrome/Loeys-Dietz Syndrome/Familial Thoracic Aortic Aneurysms and Dissections|not provided
FBN1	P35555	Glu1116Gly	1	criteria provided, single submitter	Familial thoracic aortic aneurysm and aortic dissection;Marfan syndrome
FBN1	P35555	Cys769Phe	1	criteria provided, single submitter	Familial thoracic aortic aneurysm and aortic dissection;Marfan syndrome
FBN1	P35555	Cys570Trp	1	criteria provided, single submitter	Familial thoracic aortic aneurysm and aortic dissection;Marfan syndrome
FBN1	P35555	Cys513Ser	1	criteria provided, multiple submitters, no conflicts	Marfan syndrome;Familial thoracic aortic aneurysm and aortic dissection|Isolated thoracic aortic aneurysm
BRCA2	P51587	His2623Tyr	1	criteria provided, multiple submitters, no conflicts	Hereditary breast ovarian cancer syndrome|Hereditary cancer-predisposing syndrome
RB1	P06400	Thr12Ser	0	criteria provided, multiple submitters, no conflicts	Retinoblastoma|Hereditary cancer-predisposing syndrome
RB1	P06400	Leu218Val	1	criteria provided, single submitter	Retinoblastoma
FBN1	P35555	Cys2448Arg	1	criteria provided, single submitter	Familial thoracic aortic aneurysm and aortic dissection;Marfan syndrome
FBN1	P35555	Tyr1962Cys	1	reviewed by expert panel	Marfan syndrome;Familial thoracic aortic aneurysm and aortic dissection|Weill-Marchesani syndrome 2, dominant|Familial thoracic aortic aneurysm and aortic dissection|Marfan Syndrome/Loeys-Dietz Syndrome/Familial Thoracic Aortic Aneurysms and Dissections|Marfan syndrome|not provided
COL1A1	P02452	Gly1163Arg	1	criteria provided, single submitter	Osteogenesis imperfecta type I
COL1A1	P02452	Gly854Arg	1	criteria provided, single submitter	Osteogenesis imperfecta type I
COL1A1	P02452	Gly413Arg	1	criteria provided, single submitter	Osteogenesis imperfecta type I
COL1A1	P02452	Gly227Arg	1	criteria provided, multiple submitters, no conflicts	Osteogenesis imperfecta type I|not provided
FBN1	P35555	Cys2413Ser	1	criteria provided, multiple submitters, no conflicts	Marfan syndrome;Familial thoracic aortic aneurysm and aortic dissection|Marfan Syndrome/Loeys-Dietz Syndrome/Familial Thoracic Aortic Aneurysms and Dissections
FBN1	P35555	Cys2190Ser	1	criteria provided, single submitter	Familial thoracic aortic aneurysm and aortic dissection;Marfan syndrome
FBN1	P35555	Cys1942Tyr	1	criteria provided, single submitter	Familial thoracic aortic aneurysm and aortic dissection;Marfan syndrome
FBN1	P35555	Cys1934Ser	1	criteria provided, single submitter	Marfan syndrome;Familial thoracic aortic aneurysm and aortic dissection
FBN1	P35555	Cys1889Phe	1	criteria provided, single submitter	Marfan syndrome;Familial thoracic aortic aneurysm and aortic dissection
FBN1	P35555	Asn1173Ile	1	criteria provided, single submitter	Familial thoracic aortic aneurysm and aortic dissection;Marfan syndrome
FBN1	P35555	Gly1091Glu	1	criteria provided, single submitter	Marfan syndrome;Familial thoracic aortic aneurysm and aortic dissection
FBN1	P35555	Cys623Tyr	1	criteria provided, single submitter	Familial thoracic aortic aneurysm and aortic dissection;Marfan syndrome
FBN1	P35555	Met1Leu	1	criteria provided, multiple submitters, no conflicts	Marfan syndrome;Familial thoracic aortic aneurysm and aortic dissection|Familial thoracic aortic aneurysm and aortic dissection
PTEN	P60484	Gly129Arg	1	criteria provided, multiple submitters, no conflicts	Cowden syndrome 1|PTEN hamartoma tumor syndrome|Hereditary cancer-predisposing syndrome
LDLR	P01130	Cys325Phe	1	criteria provided, multiple submitters, no conflicts	Familial hypercholesterolemia|Cardiovascular phenotype
COL1A1	P02452	Pro739Leu	0	criteria provided, single submitter	Osteogenesis imperfecta type I
COL1A1	P02452	Arg733Cys	1	criteria provided, single submitter	Osteogenesis imperfecta type I
COL1A1	P02452	Pro219Ser	0	criteria provided, single submitter	Osteogenesis imperfecta type I
COL1A1	P02452	Gly191Ser	1	criteria provided, single submitter	Osteogenesis imperfecta type I
COL1A1	P02452	Met1Ile	1	criteria provided, multiple submitters, no conflicts	Osteogenesis imperfecta type I|not provided
LDLR	P01130	Gly373Ala	1	criteria provided, multiple submitters, no conflicts	Familial hypercholesterolemia|Hypercholesterolemia, familial, 1
LDLR	P01130	Phe403Leu	1	criteria provided, single submitter	Familial hypercholesterolemia
FBN1	P35555	Cys2295Arg	1	criteria provided, single submitter	Familial thoracic aortic aneurysm and aortic dissection;Marfan syndrome
FBN1	P35555	Cys696Phe	1	criteria provided, single submitter	Familial thoracic aortic aneurysm and aortic dissection;Marfan syndrome
FBN1	P35555	Cys129Tyr	1	criteria provided, single submitter	Familial thoracic aortic aneurysm and aortic dissection;Marfan syndrome
COL1A1	P02452	Gly1130Asp	1	criteria provided, single submitter	Osteogenesis imperfecta type I
COL1A1	P02452	Pro949Ser	0	criteria provided, single submitter	Osteogenesis imperfecta type I|Ehlers-Danlos syndrome, arthrochalasia type;Osteogenesis imperfecta
COL1A1	P02452	Pro565Thr	0	criteria provided, single submitter	Osteogenesis imperfecta type I
COL1A1	P02452	Met1Thr	1	criteria provided, multiple submitters, no conflicts	Osteogenesis imperfecta type I
TP53	P04637	Val272Leu	1	criteria provided, multiple submitters, no conflicts	Li-Fraumeni syndrome|Hereditary cancer-predisposing syndrome
PAH	P00439	Arg261Leu	1	reviewed by expert panel	Phenylketonuria
PAH	P00439	Met1Ile	1	reviewed by expert panel	Phenylketonuria
FBN1	P35555	Cys1748Phe	1	no assertion criteria provided	Geleophysic dysplasia 2
COL1A1	P02452	Gly1142Val	1	criteria provided, single submitter	Osteogenesis imperfecta|not provided
COL1A1	P02452	Gly722Ser	1	no assertion criteria provided	Osteogenesis imperfecta
COL1A1	P02452	Gly296Ala	1	no assertion criteria provided	Osteogenesis imperfecta
BRCA1	P38398	Pro798Ala	0	criteria provided, single submitter	Breast and/or ovarian cancer|Hereditary cancer-predisposing syndrome
FBN1	P35555	Cys598Ser	1	no assertion criteria provided	Marfan syndrome
FBN1	P35555	Cys2289Phe	1	criteria provided, single submitter	Congenital aneurysm of ascending aorta;Acute aortic dissection|Familial thoracic aortic aneurysm and aortic dissection
FBN1	P35555	Cys271Trp	1	criteria provided, single submitter	Congenital aneurysm of ascending aorta;Acute aortic dissection|Familial thoracic aortic aneurysm and aortic dissection
VHL	P40337	Arg161Gly	1	criteria provided, multiple submitters, no conflicts	not provided|Von Hippel-Lindau syndrome;Chuvash polycythemia|Hereditary cancer-predisposing syndrome
HBB	P68871	Lys83Asn	1	criteria provided, single submitter	not provided
FBN1	P35555	Cys2406Phe	1	criteria provided, single submitter	not provided
FBN1	P35555	Tyr1670Cys	1	criteria provided, multiple submitters, no conflicts	not provided|Marfan syndrome;Familial thoracic aortic aneurysm and aortic dissection
FBN1	P35555	Cys129Trp	1	criteria provided, single submitter	not provided
COL1A1	P02452	Gly674Glu	1	criteria provided, single submitter	not provided
COL1A1	P02452	Gly575Asp	1	criteria provided, single submitter	not provided
COL1A1	P02452	Gly566Arg	1	criteria provided, multiple submitters, no conflicts	not provided
COL1A1	P02452	Gly413Asp	1	criteria provided, single submitter	not provided
COL1A1	P02452	Gly368Arg	1	criteria provided, single submitter	not provided
COL1A1	P02452	Gly293Asp	1	criteria provided, single submitter	not provided
CFTR	P13569	Tyr109His	1	criteria provided, single submitter	Cystic fibrosis
CFTR	P13569	Val317Glu	1	criteria provided, single submitter	Cystic fibrosis
CFTR	P13569	Ile502Ser	1	criteria provided, single submitter	Cystic fibrosis
CFTR	P13569	Gly509Arg	1	criteria provided, single submitter	Cystic fibrosis
CFTR	P13569	Tyr517Cys	1	criteria provided, single submitter	Cystic fibrosis
CFTR	P13569	Val520Asp	1	criteria provided, single submitter	Cystic fibrosis
CFTR	P13569	Phe587Ser	1	criteria provided, single submitter	Cystic fibrosis
CFTR	P13569	Trp1098Cys	1	reviewed by expert panel	Cystic fibrosis|Cystic fibrosis;Congenital bilateral aplasia of vas deferens from CFTR mutation|CFTR-related disorder
CFTR	P13569	Gly1247Arg	1	criteria provided, multiple submitters, no conflicts	Cystic fibrosis|CFTR-related disorder
CFTR	P13569	Gly1249Arg	1	criteria provided, single submitter	Cystic fibrosis
PAH	P00439	Ile406Val	1	reviewed by expert panel	Phenylketonuria
PAH	P00439	Leu287Val	1	reviewed by expert panel	Phenylketonuria
PAH	P00439	His271Gln	1	reviewed by expert panel	Phenylketonuria
PAH	P00439	Tyr268Cys	1	reviewed by expert panel	Phenylketonuria
PAH	P00439	Phe263Ser	1	reviewed by expert panel	Phenylketonuria
PAH	P00439	Leu258Pro	1	reviewed by expert panel	Phenylketonuria
PAH	P00439	Thr238Ala	1	reviewed by expert panel	Phenylketonuria
PAH	P00439	Phe233Ile	1	reviewed by expert panel	Phenylketonuria
PAH	P00439	Gln232Glu	1	reviewed by expert panel	Phenylketonuria
PAH	P00439	Asp75Val	1	reviewed by expert panel	Phenylketonuria
PAH	P00439	Asp75Gly	1	reviewed by expert panel	Phenylketonuria
PAH	P00439	Gly46Arg	1	reviewed by expert panel	Phenylketonuria
MSH2	P43246	Gln4His	0	criteria provided, single submitter	Lynch syndrome
MSH2	P43246	Asp91His	0	criteria provided, single submitter	Lynch syndrome
MSH2	P43246	Val617Ala	0	criteria provided, single submitter	Lynch syndrome
MSH2	P43246	Lys773Glu	0	criteria provided, multiple submitters, no conflicts	Lynch syndrome|Hereditary cancer-predisposing syndrome
MLH1	P40692	Met1Ile	1	criteria provided, single submitter	Lynch syndrome|Lynch-like syndrome
MLH1	P40692	Ala239Val	0	criteria provided, single submitter	Lynch syndrome
MLH1	P40692	Arg423Gly	0	criteria provided, single submitter	Lynch syndrome
PTEN	P60484	Met134Ile	1	reviewed by expert panel	not provided|PTEN hamartoma tumor syndrome|Hereditary cancer-predisposing syndrome
PAH	P00439	Tyr154Phe	1	reviewed by expert panel	not provided|Phenylketonuria
FBN1	P35555	Cys2190Phe	1	criteria provided, single submitter	Marfan syndrome
PTEN	P60484	Val255Glu	1	criteria provided, multiple submitters, no conflicts	PTEN-related disorder|Hereditary cancer-predisposing syndrome|not provided
FBN1	P35555	Cys2565Tyr	1	criteria provided, single submitter	Marfan syndrome
FBN1	P35555	Asp2129Gly	1	criteria provided, single submitter	Marfan syndrome
FBN1	P35555	Phe1346Val	1	criteria provided, single submitter	Marfan syndrome
FBN1	P35555	Glu1200Val	1	criteria provided, single submitter	Marfan syndrome
FBN1	P35555	Cys1111Tyr	1	criteria provided, single submitter	Marfan syndrome
FBN1	P35555	Cys853Arg	1	criteria provided, single submitter	Marfan syndrome
FBN1	P35555	Cys102Arg	1	criteria provided, single submitter	Marfan syndrome
VHL	P40337	Asn78His	1	criteria provided, single submitter	Von Hippel-Lindau syndrome
VHL	P40337	Phe91Val	0	criteria provided, single submitter	Von Hippel-Lindau syndrome
VHL	P40337	Phe119Leu	1	criteria provided, multiple submitters, no conflicts	Von Hippel-Lindau syndrome|Von Hippel-Lindau syndrome;Chuvash polycythemia|Hereditary cancer-predisposing syndrome|not provided
VHL	P40337	Val166Asp	1	criteria provided, single submitter	Von Hippel-Lindau syndrome
VHL	P40337	Leu178Gln	1	criteria provided, single submitter	Von Hippel-Lindau syndrome
VHL	P40337	Leu178Arg	1	criteria provided, multiple submitters, no conflicts	Von Hippel-Lindau syndrome|Hereditary cancer-predisposing syndrome
VHL	P40337	Leu188Gln	1	criteria provided, single submitter	Von Hippel-Lindau syndrome
PAH	P00439	Asp435Val	1	reviewed by expert panel	Phenylketonuria
PAH	P00439	Glu370Gly	1	reviewed by expert panel	Phenylketonuria
PAH	P00439	Glu368Lys	1	reviewed by expert panel	Phenylketonuria|not specified
PAH	P00439	Pro292Leu	1	reviewed by expert panel	Phenylketonuria
COL1A1	P02452	Gly1019Cys	1	criteria provided, single submitter	Osteogenesis imperfecta type I
FBN1	P35555	Cys2552Arg	1	criteria provided, multiple submitters, no conflicts	Familial thoracic aortic aneurysm and aortic dissection|Marfan syndrome;Familial thoracic aortic aneurysm and aortic dissection
FBN1	P35555	Cys2550Ser	1	reviewed by expert panel	Familial thoracic aortic aneurysm and aortic dissection|Marfan syndrome;Familial thoracic aortic aneurysm and aortic dissection|Marfan syndrome
FBN1	P35555	Cys1361Arg	1	reviewed by expert panel	Familial thoracic aortic aneurysm and aortic dissection|Marfan syndrome|Marfan syndrome;Familial thoracic aortic aneurysm and aortic dissection
FBN1	P35555	Cys1097Phe	1	criteria provided, single submitter	Familial thoracic aortic aneurysm and aortic dissection
ATM	Q13315	Glu166Gln	1	criteria provided, single submitter	Ataxia-telangiectasia syndrome
MSH2	P43246	Val3Leu	0	reviewed by expert panel	Hereditary cancer-predisposing syndrome|Lynch syndrome|Hereditary nonpolyposis colorectal neoplasms|Lynch syndrome 1
BRCA2	P51587	Ser2616Phe	1	reviewed by expert panel	Hereditary cancer-predisposing syndrome|Hereditary breast ovarian cancer syndrome|not specified|BRCA2-related cancer predisposition|Breast-ovarian cancer, familial, susceptibility to, 2
BRCA2	P51587	Thr3413Ile	0	criteria provided, multiple submitters, no conflicts	Hereditary cancer-predisposing syndrome|Breast-ovarian cancer, familial, susceptibility to, 2
BRCA1	P38398	Trp1718Gly	1	reviewed by expert panel	Hereditary cancer-predisposing syndrome|Breast-ovarian cancer, familial, susceptibility to, 1|Hereditary breast ovarian cancer syndrome|BRCA1-related cancer predisposition
BRCA1	P38398	Val1714Phe	1	reviewed by expert panel	Hereditary cancer-predisposing syndrome|Breast-ovarian cancer, familial, susceptibility to, 1|Hereditary breast ovarian cancer syndrome|not provided|BRCA1-related cancer predisposition
BRCA1	P38398	His971Arg	0	reviewed by expert panel	Hereditary cancer-predisposing syndrome|Hereditary breast ovarian cancer syndrome|Breast-ovarian cancer, familial, susceptibility to, 1|not provided|BRCA1-related cancer predisposition
LDLR	P01130	Cys325Arg	1	criteria provided, multiple submitters, no conflicts	Familial hypercholesterolemia|Hypercholesterolemia, familial, 1
VHL	P40337	Ser111Gly	1	criteria provided, multiple submitters, no conflicts	Von Hippel-Lindau syndrome|Von Hippel-Lindau syndrome;Chuvash polycythemia
HBB	P68871	Tyr146Asn	1	criteria provided, multiple submitters, no conflicts	Hemoglobinopathy|Erythrocytosis, familial, 6|8 conditions
FBN1	P35555	Cys2289Ser	1	reviewed by expert panel	not specified|Marfan syndrome
FBN1	P35555	Cys2276Tyr	1	criteria provided, single submitter	Marfan Syndrome/Loeys-Dietz Syndrome/Familial Thoracic Aortic Aneurysms and Dissections
FBN1	P35555	Cys2137Tyr	1	reviewed by expert panel	not specified|Familial thoracic aortic aneurysm and aortic dissection;Marfan syndrome|Marfan syndrome
FBN1	P35555	Cys1853Tyr	1	reviewed by expert panel	Familial thoracic aortic aneurysm and aortic dissection;Marfan syndrome|Marfan syndrome|Familial aortopathy
MSH2	P43246	Val695Met	1	reviewed by expert panel	Lynch syndrome|Hereditary cancer-predisposing syndrome|Muir-Torré syndrome;Lynch syndrome 1;Mismatch repair cancer syndrome 2|Lynch syndrome 1|Hereditary nonpolyposis colorectal neoplasms|not provided
MSH2	P43246	Met894Arg	0	reviewed by expert panel	Lynch syndrome
TP53	P04637	Ile232Ser	1	criteria provided, single submitter	Ovarian neoplasm|Hereditary cancer-predisposing syndrome
TP53	P04637	Phe113Cys	1	criteria provided, single submitter	Ovarian neoplasm|Li-Fraumeni syndrome
TP53	P04637	Phe109Cys	1	criteria provided, single submitter	Ovarian neoplasm|Li-Fraumeni syndrome 1
CFTR	P13569	Leu15Pro	1	reviewed by expert panel	Cystic fibrosis|not specified|Bronchiectasis with or without elevated sweat chloride 1|not provided|CFTR-related disorder
CFTR	P13569	Leu453Ser	1	reviewed by expert panel	Cystic fibrosis
CFTR	P13569	Glu474Lys	1	reviewed by expert panel	Cystic fibrosis|Bronchiectasis with or without elevated sweat chloride 1;Hereditary pancreatitis;Congenital bilateral aplasia of vas deferens from CFTR mutation;Cystic fibrosis
CFTR	P13569	Ile1269Asn	1	reviewed by expert panel	Cystic fibrosis
FBN1	P35555	Cys1646Phe	1	criteria provided, single submitter	Marfan syndrome
FBN1	P35555	Asp2607Asn	1	criteria provided, multiple submitters, no conflicts	not provided|Myopathy|Marfan syndrome
FBN1	P35555	Cys2251Gly	1	criteria provided, single submitter	not provided
FBN1	P35555	Cys845Ser	1	criteria provided, single submitter	not provided
FBN1	P35555	Cys513Tyr	1	criteria provided, single submitter	not provided
FBN1	P35555	Cys460Tyr	1	reviewed by expert panel	not provided|not specified|Marfan syndrome
FBN1	P35555	Asp2402Asn	1	criteria provided, single submitter	Marfan syndrome
CFTR	P13569	Gln372His	1	criteria provided, single submitter	Cystic fibrosis
FBN1	P35555	Cys2276Trp	1	criteria provided, single submitter	Marfan syndrome
FBN1	P35555	Cys1989Phe	1	reviewed by expert panel	Marfan syndrome|Familial thoracic aortic aneurysm and aortic dissection
FBN1	P35555	Cys739Trp	1	criteria provided, single submitter	Marfan syndrome
FBN1	P35555	Cys921Arg	1	criteria provided, single submitter	Marfan syndrome
FBN1	P35555	Cys950Ser	1	criteria provided, single submitter	Marfan syndrome
MSH2	P43246	Lys65Glu	0	criteria provided, multiple submitters, no conflicts	Hereditary nonpolyposis colorectal neoplasms|Hereditary cancer-predisposing syndrome
MSH2	P43246	Ala600Thr	0	criteria provided, single submitter	Hereditary nonpolyposis colorectal neoplasms
MSH2	P43246	Pro895Ser	0	criteria provided, multiple submitters, no conflicts	Hereditary nonpolyposis colorectal neoplasms|Hereditary cancer-predisposing syndrome
VHL	P40337	His115Arg	1	criteria provided, multiple submitters, no conflicts	Von Hippel-Lindau syndrome;Chuvash polycythemia|Hereditary cancer-predisposing syndrome
VHL	P40337	Pro154Leu	1	criteria provided, multiple submitters, no conflicts	Chuvash polycythemia;Von Hippel-Lindau syndrome|Hereditary cancer-predisposing syndrome
MLH1	P40692	Tyr684Asp	1	criteria provided, multiple submitters, no conflicts	Hereditary nonpolyposis colorectal neoplasms|Mismatch repair cancer syndrome 1;Muir-Torré syndrome;Colorectal cancer, hereditary nonpolyposis, type 2
BRAF	P15056	Ala366Pro	1	criteria provided, single submitter	RASopathy
PTEN	P60484	Lys6Glu	1	reviewed by expert panel	PTEN hamartoma tumor syndrome|Hereditary cancer-predisposing syndrome|Familial meningioma|not provided
PTEN	P60484	Arg159Lys	1	reviewed by expert panel	PTEN hamartoma tumor syndrome|not provided|Prostate cancer, hereditary, 1
ATM	Q13315	Thr2682Ser	1	reviewed by expert panel	Ataxia-telangiectasia syndrome|Hereditary cancer-predisposing syndrome|not specified|ATM-related cancer predisposition
ATM	Q13315	Gln2730Pro	1	criteria provided, multiple submitters, no conflicts	Ataxia-telangiectasia syndrome
PAH	P00439	Ile421Ser	1	reviewed by expert panel	Phenylketonuria|not specified
PAH	P00439	Gln375Glu	1	reviewed by expert panel	Phenylketonuria
PAH	P00439	Gln172His	1	reviewed by expert panel	Phenylketonuria|not provided|Inborn genetic diseases|PAH-related disorder
PAH	P00439	Asp75Asn	1	criteria provided, single submitter	Phenylketonuria
FBN1	P35555	Met2864Thr	1	criteria provided, single submitter	Familial thoracic aortic aneurysm and aortic dissection;Marfan syndrome
FBN1	P35555	Cys2646Tyr	1	criteria provided, single submitter	Marfan syndrome;Familial thoracic aortic aneurysm and aortic dissection
FBN1	P35555	Cys2646Ser	1	criteria provided, single submitter	Familial thoracic aortic aneurysm and aortic dissection;Marfan syndrome
FBN1	P35555	Cys2459Phe	1	criteria provided, single submitter	Marfan syndrome;Familial thoracic aortic aneurysm and aortic dissection
FBN1	P35555	Asp2366Asn	0	criteria provided, single submitter	Familial thoracic aortic aneurysm and aortic dissection;Marfan syndrome
FBN1	P35555	Cys2289Tyr	1	criteria provided, multiple submitters, no conflicts	Marfan syndrome;Familial thoracic aortic aneurysm and aortic dissection|not provided
FBN1	P35555	Gly2195Val	1	criteria provided, single submitter	Familial thoracic aortic aneurysm and aortic dissection;Marfan syndrome
FBN1	P35555	Cys2151Tyr	1	criteria provided, single submitter	Familial thoracic aortic aneurysm and aortic dissection;Marfan syndrome
FBN1	P35555	Gly1910Cys	1	criteria provided, single submitter	Marfan syndrome;Familial thoracic aortic aneurysm and aortic dissection
FBN1	P35555	Asn1893Lys	1	criteria provided, single submitter	Familial thoracic aortic aneurysm and aortic dissection;Marfan syndrome
FBN1	P35555	Cys1860Tyr	1	criteria provided, multiple submitters, no conflicts	Marfan syndrome;Familial thoracic aortic aneurysm and aortic dissection|8 conditions
FBN1	P35555	Gly1829Arg	1	criteria provided, single submitter	Familial thoracic aortic aneurysm and aortic dissection;Marfan syndrome|Ectopia lentis 1, isolated, autosomal dominant;MASS syndrome;Familial thoracic aortic aneurysm and aortic dissection;Stiff skin syndrome;Marfan syndrome
FBN1	P35555	Cys1824Tyr	1	criteria provided, single submitter	Familial thoracic aortic aneurysm and aortic dissection;Marfan syndrome
FBN1	P35555	Cys1812Arg	1	criteria provided, multiple submitters, no conflicts	Familial thoracic aortic aneurysm and aortic dissection;Marfan syndrome|Marfan Syndrome/Loeys-Dietz Syndrome/Familial Thoracic Aortic Aneurysms and Dissections
FBN1	P35555	Cys1793Arg	1	criteria provided, multiple submitters, no conflicts	Familial thoracic aortic aneurysm and aortic dissection;Marfan syndrome|not provided
FBN1	P35555	Cys1672Phe	1	criteria provided, multiple submitters, no conflicts	Marfan syndrome;Familial thoracic aortic aneurysm and aortic dissection|not provided
FBN1	P35555	Cys1320Arg	1	criteria provided, multiple submitters, no conflicts	Marfan syndrome;Familial thoracic aortic aneurysm and aortic dissection|not provided
FBN1	P35555	Glu1158Gly	1	criteria provided, single submitter	Familial thoracic aortic aneurysm and aortic dissection;Marfan syndrome
FBN1	P35555	Cys1068Ser	1	criteria provided, single submitter	Marfan syndrome;Familial thoracic aortic aneurysm and aortic dissection
FBN1	P35555	Gly1058Asp	1	criteria provided, single submitter	Familial thoracic aortic aneurysm and aortic dissection;Marfan syndrome
FBN1	P35555	Cys914Arg	1	criteria provided, single submitter	Marfan syndrome;Familial thoracic aortic aneurysm and aortic dissection
FBN1	P35555	Cys875Ser	1	criteria provided, single submitter	Marfan syndrome;Familial thoracic aortic aneurysm and aortic dissection
FBN1	P35555	Cys832Ser	1	criteria provided, single submitter	Familial thoracic aortic aneurysm and aortic dissection;Marfan syndrome
FBN1	P35555	Cys805Tyr	1	criteria provided, single submitter	Familial thoracic aortic aneurysm and aortic dissection;Marfan syndrome
FBN1	P35555	Ala705Thr	1	criteria provided, single submitter	Marfan syndrome;Familial thoracic aortic aneurysm and aortic dissection
FBN1	P35555	Cys685Ser	1	criteria provided, single submitter	Familial thoracic aortic aneurysm and aortic dissection;Marfan syndrome
FBN1	P35555	Cys504Ser	1	criteria provided, single submitter	Marfan syndrome;Familial thoracic aortic aneurysm and aortic dissection
BRCA1	P38398	Cys1787Tyr	1	criteria provided, multiple submitters, no conflicts	Hereditary breast ovarian cancer syndrome|Malignant tumor of breast|Breast-ovarian cancer, familial, susceptibility to, 1|not provided|Hereditary cancer-predisposing syndrome
BRCA1	P38398	Cys44Trp	1	criteria provided, single submitter	Hereditary breast ovarian cancer syndrome|Breast-ovarian cancer, familial, susceptibility to, 1
BRCA1	P38398	Cys24Trp	1	criteria provided, single submitter	Hereditary breast ovarian cancer syndrome|Breast-ovarian cancer, familial, susceptibility to, 1
BRCA1	P38398	Cys24Ser	1	reviewed by expert panel	Hereditary breast ovarian cancer syndrome|Hereditary cancer-predisposing syndrome|Breast-ovarian cancer, familial, susceptibility to, 1|not provided|BRCA1-related cancer predisposition
COL1A1	P02452	Asp1347Gly	0	criteria provided, single submitter	Osteogenesis imperfecta type I
COL1A1	P02452	Gly1166Ser	1	criteria provided, single submitter	Osteogenesis imperfecta type I
COL1A1	P02452	Ala595Ser	0	criteria provided, single submitter	Osteogenesis imperfecta type I
COL1A1	P02452	Gly425Ser	1	criteria provided, multiple submitters, no conflicts	Osteogenesis imperfecta type I|Osteogenesis imperfecta type III|not provided|8 conditions
COL1A1	P02452	Gly398Cys	1	criteria provided, single submitter	Osteogenesis imperfecta type I
COL1A1	P02452	Gly380Ser	1	criteria provided, multiple submitters, no conflicts	Osteogenesis imperfecta type I|Osteogenesis imperfecta with normal sclerae, dominant form
COL1A1	P02452	Gly275Cys	1	criteria provided, single submitter	Osteogenesis imperfecta type I
COL1A1	P02452	Gly260Val	1	criteria provided, single submitter	Osteogenesis imperfecta type I
TP53	P04637	Ser127Tyr	1	reviewed by expert panel	Li-Fraumeni syndrome|Li-Fraumeni syndrome 1|Hereditary cancer-predisposing syndrome
BRAF	P15056	Lys483Thr	1	criteria provided, single submitter	Cardio-facio-cutaneous syndrome|RASopathy
BRAF	P15056	Thr470Pro	1	no assertion criteria provided	Cardio-facio-cutaneous syndrome
BRAF	P15056	Ala34Val	0	no assertion criteria provided	Noonan syndrome
FBN1	P35555	Cys1138Tyr	1	criteria provided, single submitter	Marfan syndrome
BRCA2	P51587	Leu2929Trp	0	criteria provided, multiple submitters, no conflicts	not provided|Breast-ovarian cancer, familial, susceptibility to, 2
FBN1	P35555	Cys2295Trp	1	no assertion criteria provided	Marfan syndrome
FBN1	P35555	Cys2040Arg	1	no assertion criteria provided	Marfan syndrome
FBN1	P35555	Asn1893Ser	1	criteria provided, multiple submitters, no conflicts	Marfan syndrome|Marfan syndrome;Familial thoracic aortic aneurysm and aortic dissection|Thoracic aortic aneurysm or dissection
FBN1	P35555	Cys1833Tyr	1	criteria provided, single submitter	Marfan syndrome|Marfan syndrome;Familial thoracic aortic aneurysm and aortic dissection
FBN1	P35555	Cys1806Gly	1	no assertion criteria provided	Marfan syndrome
FBN1	P35555	Gly880Cys	1	criteria provided, single submitter	Marfan syndrome|not provided
FBN1	P35555	Cys685Arg	1	no assertion criteria provided	Marfan syndrome
FBN1	P35555	Asn630His	1	no assertion criteria provided	Marfan syndrome
FBN1	P35555	Arg545Pro	1	no assertion criteria provided	Marfan syndrome
FBN1	P35555	Cys460Ser	1	no assertion criteria provided	Marfan syndrome
FBN1	P35555	Thr212Pro	1	criteria provided, single submitter	Marfan syndrome|Familial thoracic aortic aneurysm and aortic dissection
FBN1	P35555	Cys100Arg	1	criteria provided, single submitter	Marfan syndrome|Marfan syndrome;Familial thoracic aortic aneurysm and aortic dissection
FBN1	P35555	Cys68Arg	1	no assertion criteria provided	Marfan syndrome
FBN1	P35555	Cys1095Ser	1	criteria provided, single submitter	Marfan syndrome
FBN1	P35555	Cys1793Tyr	1	criteria provided, single submitter	Marfan syndrome
FBN1	P35555	Cys805Trp	1	criteria provided, multiple submitters, no conflicts	Marfan syndrome|Marfan syndrome;Familial thoracic aortic aneurysm and aortic dissection
FBN1	P35555	Asp1398Asn	1	criteria provided, single submitter	Marfan syndrome
LDLR	P01130	Cys209Gly	1	criteria provided, single submitter	not provided
LDLR	P01130	Cys173Ser	1	no assertion criteria provided	Hypercholesterolemia, familial, 1
LDLR	P01130	Glu228Asp	1	no assertion criteria provided	Hypercholesterolemia, familial, 1
LDLR	P01130	Ser421Gly	0	no assertion criteria provided	Hypercholesterolemia, familial, 1
LDLR	P01130	Tyr532Asn	1	criteria provided, single submitter	Hypercholesterolemia, familial, 1|Familial hypercholesterolemia
FBN1	P35555	Cys1876Ser	1	criteria provided, single submitter	Marfan syndrome
FBN1	P35555	Cys1824Phe	1	criteria provided, single submitter	Marfan syndrome
FBN1	P35555	Cys2592Gly	1	no assertion criteria provided	Abnormality of connective tissue
COL1A1	P02452	Ala414Val	0	criteria provided, single submitter	Osteogenesis imperfecta, perinatal lethal
FBN1	P35555	Cys2363Gly	1	criteria provided, multiple submitters, no conflicts	Marfan syndrome
FBN1	P35555	Cys1777Arg	1	criteria provided, single submitter	Marfan syndrome
COL1A1	P02452	Gly1061Ala	1	criteria provided, single submitter	Osteogenesis imperfecta
COL1A1	P02452	Gly998Ala	1	criteria provided, single submitter	Osteogenesis imperfecta
COL1A1	P02452	Gly995Ala	1	criteria provided, single submitter	Osteogenesis imperfecta
COL1A1	P02452	Gly245Trp	1	criteria provided, multiple submitters, no conflicts	Osteogenesis imperfecta|Osteogenesis imperfecta type III
COL1A1	P02452	Gly206Val	1	criteria provided, single submitter	Osteogenesis imperfecta
CFTR	P13569	Lys464Thr	1	criteria provided, single submitter	Cystic fibrosis
FBN1	P35555	Cys1847Ser	1	criteria provided, single submitter	Marfan Syndrome/Loeys-Dietz Syndrome/Familial Thoracic Aortic Aneurysms and Dissections
BRCA1	P38398	Gln1408His	1	criteria provided, single submitter	Hereditary breast ovarian cancer syndrome
ATM	Q13315	Glu1669Lys	1	no assertion criteria provided	Multiple myeloma
BRCA1	P38398	Arg1753Gly	1	reviewed by expert panel	not provided|Hereditary cancer-predisposing syndrome|Breast-ovarian cancer, familial, susceptibility to, 1|Hereditary breast ovarian cancer syndrome|BRCA1-related cancer predisposition
BRCA1	P38398	Met1Lys	1	criteria provided, single submitter	not provided|Breast-ovarian cancer, familial, susceptibility to, 1
LDLR	P01130	Cys325Ser	1	criteria provided, multiple submitters, no conflicts	not provided|Cardiovascular phenotype
BRAF	P15056	Ser215Phe	1	criteria provided, single submitter	Cardiofaciocutaneous syndrome 1
EGFR	P00533	Ile491Thr	0	criteria provided, single submitter	Lung carcinoma
ATM	Q13315	Thr1769Lys	0	criteria provided, single submitter	Ataxia-telangiectasia syndrome
ATM	Q13315	Asp2625Glu	1	criteria provided, single submitter	Ataxia-telangiectasia syndrome
ATM	Q13315	Ala2626Pro	1	criteria provided, single submitter	Ataxia-telangiectasia syndrome
ATM	Q13315	Gln3038Lys	0	criteria provided, single submitter	Ataxia-telangiectasia syndrome
PAH	P00439	Pro362Arg	1	criteria provided, single submitter	Phenylketonuria
BRCA2	P51587	Asn856Lys	0	criteria provided, multiple submitters, no conflicts	Breast-ovarian cancer, familial, susceptibility to, 2|Hereditary cancer-predisposing syndrome
BRCA2	P51587	Gly2195Ser	0	criteria provided, multiple submitters, no conflicts	Breast-ovarian cancer, familial, susceptibility to, 2|Hereditary cancer-predisposing syndrome
FBN1	P35555	Gly2027Cys	1	criteria provided, single submitter	Marfan syndrome
FBN1	P35555	Cys1695Gly	1	criteria provided, single submitter	Marfan syndrome
FBN1	P35555	Cys1663Ser	1	criteria provided, single submitter	Marfan syndrome
FBN1	P35555	Cys1563Ser	1	criteria provided, single submitter	Marfan syndrome
FBN1	P35555	Cys1350Gly	1	criteria provided, single submitter	Marfan syndrome
FBN1	P35555	Cys587Arg	1	criteria provided, single submitter	Marfan syndrome
COL1A1	P02452	Gly242Val	1	criteria provided, single submitter	Osteogenesis imperfecta type I
TP53	P04637	Val143Ala	1	reviewed by expert panel	Li-Fraumeni syndrome|Li-Fraumeni syndrome 1|Hereditary cancer-predisposing syndrome
PAH	P00439	Gln301His	1	reviewed by expert panel	Phenylketonuria
PAH	P00439	Gln301Pro	1	reviewed by expert panel	Phenylketonuria
PAH	P00439	Arg297Leu	1	reviewed by expert panel	Phenylketonuria
PAH	P00439	His290Tyr	1	reviewed by expert panel	Phenylketonuria
PAH	P00439	Ala165Asp	1	reviewed by expert panel	Phenylketonuria
PAH	P00439	Leu98Val	1	reviewed by expert panel	Phenylketonuria
BRCA1	P38398	Leu474Ser	0	criteria provided, single submitter	Breast-ovarian cancer, familial, susceptibility to, 1|Hereditary cancer-predisposing syndrome
MSH2	P43246	Ala154Pro	0	criteria provided, single submitter	Hereditary cancer-predisposing syndrome
FBN1	P35555	Cys1720Arg	1	criteria provided, multiple submitters, no conflicts	not provided|Marfan syndrome;Familial thoracic aortic aneurysm and aortic dissection
FBN1	P35555	Cys299Arg	1	criteria provided, multiple submitters, no conflicts	not provided|Marfan syndrome;Familial thoracic aortic aneurysm and aortic dissection
COL1A1	P02452	Gly683Asp	1	criteria provided, single submitter	not provided
FBN1	P35555	Cys2038Ser	1	criteria provided, single submitter	Marfan syndrome
LDLR	P01130	Asp579Val	1	no assertion criteria provided	Hypercholesterolemia, familial, 1
LDLR	P01130	Pro661Ala	1	reviewed by expert panel	Hypercholesterolemia, familial, 1|not provided|Familial hypercholesterolemia
COL1A1	P02452	Gly704Ser	1	criteria provided, multiple submitters, no conflicts	Osteogenesis imperfecta type I|not provided|Osteogenesis imperfecta, perinatal lethal|Osteogenesis imperfecta type III
COL1A1	P02452	Gly572Ala	1	criteria provided, multiple submitters, no conflicts	not specified|Osteogenesis imperfecta type I
COL1A1	P02452	Gly461Ala	1	criteria provided, single submitter	not provided
BRCA2	P51587	Ala2912Thr	0	reviewed by expert panel	Breast-ovarian cancer, familial, susceptibility to, 2
BRCA1	P38398	Met1361Leu	0	reviewed by expert panel	Breast-ovarian cancer, familial, susceptibility to, 1
BRCA1	P38398	Met297Ile	0	reviewed by expert panel	Breast-ovarian cancer, familial, susceptibility to, 1
COL1A1	P02452	Gly641Val	1	no assertion criteria provided	Osteogenesis imperfecta, perinatal lethal
MSH2	P43246	Val95Leu	0	criteria provided, single submitter	Hereditary cancer-predisposing syndrome
MSH2	P43246	Cys199Trp	1	criteria provided, single submitter	Hereditary cancer-predisposing syndrome
MSH2	P43246	Leu280Ser	0	criteria provided, single submitter	Hereditary cancer-predisposing syndrome
MSH2	P43246	Leu360Met	0	criteria provided, single submitter	Hereditary cancer-predisposing syndrome
MSH2	P43246	Gly426Arg	1	criteria provided, multiple submitters, no conflicts	Hereditary cancer-predisposing syndrome|Hereditary nonpolyposis colorectal neoplasms|Lynch syndrome 1|Lynch syndrome 1;Muir-Torré syndrome;Mismatch repair cancer syndrome 2
MSH2	P43246	Ala573Val	0	criteria provided, single submitter	Hereditary cancer-predisposing syndrome
MSH2	P43246	Gly674Ser	1	criteria provided, multiple submitters, no conflicts	Hereditary cancer-predisposing syndrome|Hereditary nonpolyposis colorectal neoplasms
MSH2	P43246	Phe694Ile	1	criteria provided, multiple submitters, no conflicts	Hereditary cancer-predisposing syndrome|Lynch syndrome 1|Hereditary nonpolyposis colorectal neoplasms
MSH2	P43246	Tyr863Asp	0	criteria provided, single submitter	Hereditary cancer-predisposing syndrome
MSH2	P43246	Thr905Pro	0	criteria provided, single submitter	Hereditary cancer-predisposing syndrome
VHL	P40337	Glu46Lys	0	criteria provided, single submitter	Hereditary cancer-predisposing syndrome
VHL	P40337	Val66Met	0	criteria provided, single submitter	Hereditary cancer-predisposing syndrome
VHL	P40337	Phe76Ile	1	criteria provided, single submitter	Hereditary cancer-predisposing syndrome
VHL	P40337	Val155Leu	1	criteria provided, single submitter	Hereditary cancer-predisposing syndrome
VHL	P40337	Lys159Glu	1	criteria provided, single submitter	Hereditary cancer-predisposing syndrome|Pheochromocytoma
MLH1	P40692	Ile32Asn	1	criteria provided, single submitter	Hereditary cancer-predisposing syndrome
MLH1	P40692	Ile68Ser	1	criteria provided, single submitter	Hereditary cancer-predisposing syndrome
MLH1	P40692	Met359Val	0	criteria provided, single submitter	Hereditary cancer-predisposing syndrome
PTEN	P60484	Ala34Pro	1	reviewed by expert panel	Hereditary cancer-predisposing syndrome|PTEN hamartoma tumor syndrome|Cowden syndrome 1
PTEN	P60484	Pro38Leu	1	reviewed by expert panel	Hereditary cancer-predisposing syndrome|not provided|PTEN hamartoma tumor syndrome
PTEN	P60484	Cys71Trp	1	reviewed by expert panel	Hereditary cancer-predisposing syndrome|PTEN hamartoma tumor syndrome
PTEN	P60484	Cys124Ser	1	criteria provided, multiple submitters, no conflicts	Hereditary cancer-predisposing syndrome|Cowden syndrome 1
PTEN	P60484	Ser170Arg	1	criteria provided, multiple submitters, no conflicts	Hereditary cancer-predisposing syndrome|not provided|Cowden syndrome 1|PTEN hamartoma tumor syndrome
PTEN	P60484	Leu181Pro	1	reviewed by expert panel	Hereditary cancer-predisposing syndrome|PTEN hamartoma tumor syndrome|Macrocephaly-autism syndrome|Cowden syndrome 1
ATM	Q13315	Phe168Tyr	0	criteria provided, single submitter	Hereditary cancer-predisposing syndrome
ATM	Q13315	Leu643Pro	0	criteria provided, single submitter	Hereditary cancer-predisposing syndrome
ATM	Q13315	Val849Met	0	criteria provided, single submitter	Hereditary cancer-predisposing syndrome
ATM	Q13315	Asp860Glu	0	criteria provided, single submitter	Hereditary cancer-predisposing syndrome
ATM	Q13315	Ile1022Ser	1	criteria provided, single submitter	Hereditary cancer-predisposing syndrome
ATM	Q13315	Ala2368Val	0	criteria provided, single submitter	Hereditary cancer-predisposing syndrome
BRCA2	P51587	Ala1193Ser	0	criteria provided, multiple submitters, no conflicts	Hereditary cancer-predisposing syndrome
BRCA2	P51587	Tyr1716Cys	0	criteria provided, multiple submitters, no conflicts	Hereditary cancer-predisposing syndrome
BRCA2	P51587	Pro2532Ala	0	criteria provided, single submitter	Hereditary cancer-predisposing syndrome
BRCA2	P51587	Ser2616Cys	0	criteria provided, single submitter	Hereditary cancer-predisposing syndrome|not provided
BRCA2	P51587	Trp2619Arg	1	reviewed by expert panel	Hereditary cancer-predisposing syndrome|Hereditary breast ovarian cancer syndrome|not specified|BRCA2-related cancer predisposition|not provided
BRCA2	P51587	Pro2639Arg	0	criteria provided, single submitter	Hereditary cancer-predisposing syndrome
BRCA2	P51587	Arg2668Ser	0	criteria provided, single submitter	Hereditary cancer-predisposing syndrome
BRCA2	P51587	Ala2698Gly	0	criteria provided, single submitter	Hereditary cancer-predisposing syndrome
BRCA2	P51587	Gln2731His	0	criteria provided, single submitter	Hereditary cancer-predisposing syndrome
BRCA2	P51587	Gly2743Cys	0	criteria provided, single submitter	Hereditary cancer-predisposing syndrome
BRCA2	P51587	Leu2805Ile	0	criteria provided, single submitter	Hereditary cancer-predisposing syndrome
BRCA2	P51587	Ser2810Cys	0	criteria provided, single submitter	Hereditary cancer-predisposing syndrome
BRCA2	P51587	Leu2865Phe	0	criteria provided, single submitter	Hereditary cancer-predisposing syndrome
BRCA2	P51587	Glu2875Asp	0	criteria provided, single submitter	Hereditary cancer-predisposing syndrome
BRCA2	P51587	Lys2950Thr	0	criteria provided, single submitter	Hereditary cancer-predisposing syndrome
BRCA2	P51587	Asn3124His	0	criteria provided, single submitter	Hereditary cancer-predisposing syndrome
BRCA2	P51587	Pro3129Thr	0	criteria provided, single submitter	Hereditary cancer-predisposing syndrome
BRCA2	P51587	Thr3137Ser	0	criteria provided, single submitter	Hereditary cancer-predisposing syndrome
RB1	P06400	Ala188Val	0	criteria provided, single submitter	Hereditary cancer-predisposing syndrome
RB1	P06400	Ser866Asn	0	criteria provided, single submitter	Hereditary cancer-predisposing syndrome
BRCA1	P38398	Thr1816Arg	0	criteria provided, single submitter	Hereditary cancer-predisposing syndrome|Breast-ovarian cancer, familial, susceptibility to, 1
BRCA1	P38398	Val1809Asp	1	criteria provided, single submitter	Hereditary cancer-predisposing syndrome|Breast-ovarian cancer, familial, susceptibility to, 1
BRCA1	P38398	Val1665Gly	0	criteria provided, single submitter	Hereditary cancer-predisposing syndrome|Breast-ovarian cancer, familial, susceptibility to, 1
BRCA1	P38398	Glu1644Gln	0	criteria provided, single submitter	Hereditary cancer-predisposing syndrome|Breast-ovarian cancer, familial, susceptibility to, 1
BRCA1	P38398	Gly1332Glu	0	criteria provided, multiple submitters, no conflicts	Hereditary cancer-predisposing syndrome
BRCA1	P38398	Cys27Tyr	1	criteria provided, multiple submitters, no conflicts	Hereditary cancer-predisposing syndrome|Hereditary breast ovarian cancer syndrome|Breast-ovarian cancer, familial, susceptibility to, 1|BRCA1-related disorder
BRCA1	P38398	Arg7Leu	0	criteria provided, single submitter	Hereditary cancer-predisposing syndrome|Breast-ovarian cancer, familial, susceptibility to, 1
TP53	P04637	Asn263Ser	0	criteria provided, single submitter	Hereditary cancer-predisposing syndrome
TP53	P04637	Leu130His	1	criteria provided, single submitter	Hereditary cancer-predisposing syndrome
TP53	P04637	Ser127Thr	1	reviewed by expert panel	Hereditary cancer-predisposing syndrome|Li-Fraumeni syndrome|Li-Fraumeni syndrome 1|Diffuse midline glioma, H3 K27M-mutant
TP53	P04637	Arg110Gly	1	reviewed by expert panel	Hereditary cancer-predisposing syndrome|Li-Fraumeni syndrome
TP53	P04637	Gly59Asp	0	criteria provided, single submitter	Hereditary cancer-predisposing syndrome|Malignant tumor of breast
TP53	P04637	Asn29Asp	0	criteria provided, single submitter	Hereditary cancer-predisposing syndrome
VHL	P40337	Val170Leu	1	no assertion criteria provided	Von Hippel-Lindau syndrome
ATM	Q13315	Gln1478His	0	criteria provided, single submitter	Ataxia-telangiectasia syndrome|Ovarian serous cystadenocarcinoma
BRCA2	P51587	Val875Leu	0	criteria provided, single submitter	Hereditary cancer-predisposing syndrome|Familial cancer of breast
MSH2	P43246	Gln377Glu	0	criteria provided, single submitter	Hereditary nonpolyposis colorectal neoplasms
MSH2	P43246	Ser717Gly	0	criteria provided, single submitter	Hereditary nonpolyposis colorectal neoplasms
VHL	P40337	Glu70Gln	1	criteria provided, single submitter	Chuvash polycythemia;Von Hippel-Lindau syndrome
VHL	P40337	Trp117Gly	1	criteria provided, single submitter	Chuvash polycythemia;Von Hippel-Lindau syndrome
VHL	P40337	Arg200Leu	1	criteria provided, single submitter	Chuvash polycythemia;Von Hippel-Lindau syndrome
MLH1	P40692	Leu615Pro	1	criteria provided, single submitter	Hereditary nonpolyposis colorectal neoplasms
CFTR	P13569	Lys163Glu	1	criteria provided, single submitter	Cystic fibrosis
PTEN	P60484	Lys13Gln	1	criteria provided, single submitter	PTEN hamartoma tumor syndrome
PTEN	P60484	Gln171Glu	1	reviewed by expert panel	PTEN hamartoma tumor syndrome|Hereditary cancer-predisposing syndrome|Neoplasm
PTEN	P60484	Asp326Gly	1	criteria provided, multiple submitters, no conflicts	PTEN hamartoma tumor syndrome|Hereditary cancer-predisposing syndrome
ATM	Q13315	Ala20Gly	1	criteria provided, multiple submitters, no conflicts	Ataxia-telangiectasia syndrome|Hereditary cancer-predisposing syndrome|Familial cancer of breast
ATM	Q13315	Leu2780Pro	1	criteria provided, single submitter	Ataxia-telangiectasia syndrome
PAH	P00439	Ala447Thr	1	criteria provided, multiple submitters, no conflicts	Phenylketonuria
PAH	P00439	Phe392Ile	1	reviewed by expert panel	Phenylketonuria|PAH-related disorder|not provided
PAH	P00439	Gln172His	1	criteria provided, multiple submitters, no conflicts	Phenylketonuria|RASopathy
BRCA2	P51587	Lys2446Glu	0	criteria provided, multiple submitters, no conflicts	Hereditary breast ovarian cancer syndrome|Hereditary cancer-predisposing syndrome
FBN1	P35555	Cys2672Arg	1	criteria provided, single submitter	Familial thoracic aortic aneurysm and aortic dissection;Marfan syndrome
FBN1	P35555	Cys2552Phe	1	criteria provided, single submitter	Familial thoracic aortic aneurysm and aortic dissection;Marfan syndrome
FBN1	P35555	Cys2406Arg	1	criteria provided, single submitter	Familial thoracic aortic aneurysm and aortic dissection;Marfan syndrome
FBN1	P35555	Cys2302Tyr	1	criteria provided, single submitter	Familial thoracic aortic aneurysm and aortic dissection;Marfan syndrome
FBN1	P35555	Cys1947Gly	1	criteria provided, single submitter	Familial thoracic aortic aneurysm and aortic dissection;Marfan syndrome
FBN1	P35555	Cys1563Trp	1	criteria provided, multiple submitters, no conflicts	Marfan syndrome;Familial thoracic aortic aneurysm and aortic dissection|Weill-Marchesani syndrome 2, dominant
FBN1	P35555	Gly1310Cys	1	criteria provided, single submitter	Familial thoracic aortic aneurysm and aortic dissection;Marfan syndrome
FBN1	P35555	Cys1284Arg	1	criteria provided, single submitter	Familial thoracic aortic aneurysm and aortic dissection;Marfan syndrome
FBN1	P35555	Glu1241Gly	1	criteria provided, single submitter	Familial thoracic aortic aneurysm and aortic dissection;Marfan syndrome
FBN1	P35555	Cys1129Arg	1	criteria provided, single submitter	Familial thoracic aortic aneurysm and aortic dissection;Marfan syndrome
FBN1	P35555	Cys996Ser	1	criteria provided, single submitter	Familial thoracic aortic aneurysm and aortic dissection;Marfan syndrome
FBN1	P35555	Trp854Ser	1	criteria provided, single submitter	Familial thoracic aortic aneurysm and aortic dissection;Marfan syndrome
FBN1	P35555	Cys699Ser	1	criteria provided, single submitter	Familial thoracic aortic aneurysm and aortic dissection;Marfan syndrome
FBN1	P35555	Cys652Tyr	1	criteria provided, multiple submitters, no conflicts	Familial thoracic aortic aneurysm and aortic dissection;Marfan syndrome|Marfan syndrome
FBN1	P35555	Cys652Arg	1	criteria provided, single submitter	Marfan syndrome;Familial thoracic aortic aneurysm and aortic dissection
FBN1	P35555	Cys499Ser	1	criteria provided, single submitter	Familial thoracic aortic aneurysm and aortic dissection;Marfan syndrome
FBN1	P35555	Cys68Phe	1	criteria provided, single submitter	Familial thoracic aortic aneurysm and aortic dissection;Marfan syndrome
BRCA1	P38398	Gly1738Val	1	criteria provided, single submitter	Hereditary breast ovarian cancer syndrome|Breast-ovarian cancer, familial, susceptibility to, 1
COL1A1	P02452	Leu1388Pro	1	criteria provided, single submitter	Osteogenesis imperfecta type I
COL1A1	P02452	Tyr1274Ser	1	criteria provided, multiple submitters, no conflicts	Osteogenesis imperfecta type I|Osteogenesis imperfecta type III
COL1A1	P02452	Ala1218Thr	1	criteria provided, multiple submitters, no conflicts	Osteogenesis imperfecta type I
COL1A1	P02452	Gly1151Ser	1	criteria provided, multiple submitters, no conflicts	Osteogenesis imperfecta type I|not provided
COL1A1	P02452	Ala1047Pro	0	criteria provided, multiple submitters, no conflicts	Osteogenesis imperfecta type I|not specified
COL1A1	P02452	Gly902Ser	1	criteria provided, single submitter	Osteogenesis imperfecta type I
COL1A1	P02452	Gly719Cys	1	criteria provided, single submitter	Osteogenesis imperfecta type I
COL1A1	P02452	Gly578Ser	1	criteria provided, multiple submitters, no conflicts	Osteogenesis imperfecta type I|Osteogenesis imperfecta
COL1A1	P02452	Gly485Ala	1	criteria provided, single submitter	Osteogenesis imperfecta type I
COL1A1	P02452	Gly434Ala	1	criteria provided, single submitter	Osteogenesis imperfecta type I
COL1A1	P02452	Asp279Asn	0	criteria provided, single submitter	Osteogenesis imperfecta type I
COL1A1	P02452	Gly203Ser	1	criteria provided, single submitter	Osteogenesis imperfecta type I
TP53	P04637	Ile254Asn	1	reviewed by expert panel	Li-Fraumeni syndrome|Li-Fraumeni syndrome 1|Hereditary cancer-predisposing syndrome
TP53	P04637	Arg158Gly	1	criteria provided, multiple submitters, no conflicts	Li-Fraumeni syndrome|Hereditary cancer-predisposing syndrome|Diffuse glioma, H3 G34 mutant|Malignant glioma
LDLR	P01130	Cys104Gly	1	criteria provided, single submitter	Familial hypercholesterolemia
LDLR	P01130	Asp227Asn	1	criteria provided, single submitter	Familial hypercholesterolemia
LDLR	P01130	Cys296Phe	1	criteria provided, single submitter	Familial hypercholesterolemia
LDLR	P01130	Arg410Gly	1	criteria provided, single submitter	Familial hypercholesterolemia
LDLR	P01130	Ser610Pro	1	criteria provided, single submitter	Familial hypercholesterolemia
BRCA1	P38398	Tyr1853Ser	1	criteria provided, single submitter	Breast-ovarian cancer, familial, susceptibility to, 1|Hereditary cancer-predisposing syndrome
BRCA1	P38398	Tyr1853His	1	criteria provided, single submitter	Breast-ovarian cancer, familial, susceptibility to, 1|Hereditary breast ovarian cancer syndrome
BRCA1	P38398	Glu1849Lys	0	criteria provided, single submitter	Breast-ovarian cancer, familial, susceptibility to, 1|Hereditary cancer-predisposing syndrome
BRCA1	P38398	Gln1848Arg	0	criteria provided, single submitter	Breast-ovarian cancer, familial, susceptibility to, 1|Hereditary cancer-predisposing syndrome
BRCA1	P38398	Cys1847Ser	0	criteria provided, single submitter	Breast-ovarian cancer, familial, susceptibility to, 1|Hereditary cancer-predisposing syndrome
BRCA1	P38398	Gln1846His	0	criteria provided, single submitter	Breast-ovarian cancer, familial, susceptibility to, 1
BRCA1	P38398	Gln1846Arg	0	criteria provided, single submitter	Breast-ovarian cancer, familial, susceptibility to, 1|Hereditary cancer-predisposing syndrome
BRCA1	P38398	Val1842Leu	0	criteria provided, single submitter	Breast-ovarian cancer, familial, susceptibility to, 1|Hereditary cancer-predisposing syndrome
BRCA1	P38398	Ser1841Arg	1	criteria provided, single submitter	Breast-ovarian cancer, familial, susceptibility to, 1|Hereditary breast ovarian cancer syndrome
BRCA1	P38398	Ser1841Ile	1	criteria provided, multiple submitters, no conflicts	Breast-ovarian cancer, familial, susceptibility to, 1|Hereditary breast ovarian cancer syndrome|Inherited breast cancer and ovarian cancer
BRCA1	P38398	Pro1831Leu	0	criteria provided, single submitter	Breast-ovarian cancer, familial, susceptibility to, 1|Hereditary cancer-predisposing syndrome
BRCA1	P38398	Pro1831Ser	0	criteria provided, single submitter	Breast-ovarian cancer, familial, susceptibility to, 1|Hereditary cancer-predisposing syndrome
BRCA1	P38398	Ala1830Ser	1	criteria provided, single submitter	Breast-ovarian cancer, familial, susceptibility to, 1|Ovarian cancer
BRCA1	P38398	Met1827Leu	0	criteria provided, single submitter	Breast-ovarian cancer, familial, susceptibility to, 1|Hereditary cancer-predisposing syndrome
BRCA1	P38398	Gln1826His	0	criteria provided, single submitter	Breast-ovarian cancer, familial, susceptibility to, 1|Hereditary cancer-predisposing syndrome
BRCA1	P38398	Gln1826Glu	0	criteria provided, single submitter	Breast-ovarian cancer, familial, susceptibility to, 1|Hereditary cancer-predisposing syndrome
BRCA1	P38398	Gly1825Arg	0	criteria provided, single submitter	Breast-ovarian cancer, familial, susceptibility to, 1
BRCA1	P38398	Ile1824Asn	0	criteria provided, single submitter	Breast-ovarian cancer, familial, susceptibility to, 1|Hereditary cancer-predisposing syndrome
BRCA1	P38398	Ala1823Ser	1	criteria provided, multiple submitters, no conflicts	Breast-ovarian cancer, familial, susceptibility to, 1|Hereditary cancer-predisposing syndrome
BRCA1	P38398	Ala1823Pro	1	criteria provided, single submitter	Breast-ovarian cancer, familial, susceptibility to, 1|Hereditary cancer-predisposing syndrome
BRCA1	P38398	Asp1818Asn	0	criteria provided, single submitter	Breast-ovarian cancer, familial, susceptibility to, 1|Hereditary cancer-predisposing syndrome
BRCA1	P38398	Thr1816Ala	0	criteria provided, single submitter	Breast-ovarian cancer, familial, susceptibility to, 1|Hereditary cancer-predisposing syndrome
BRCA1	P38398	Ala1814Thr	0	criteria provided, single submitter	Breast-ovarian cancer, familial, susceptibility to, 1|Hereditary cancer-predisposing syndrome
BRCA1	P38398	Asp1813Glu	0	criteria provided, single submitter	Breast-ovarian cancer, familial, susceptibility to, 1|Hereditary cancer-predisposing syndrome
BRCA1	P38398	Gln1811Pro	1	criteria provided, single submitter	Breast-ovarian cancer, familial, susceptibility to, 1
BRCA1	P38398	Val1810Leu	0	criteria provided, single submitter	Breast-ovarian cancer, familial, susceptibility to, 1|Hereditary cancer-predisposing syndrome
BRCA1	P38398	Leu1800Ile	0	criteria provided, single submitter	Breast-ovarian cancer, familial, susceptibility to, 1|Hereditary cancer-predisposing syndrome
BRCA1	P38398	Phe1798Ile	0	criteria provided, single submitter	Breast-ovarian cancer, familial, susceptibility to, 1|not specified
BRCA1	P38398	Leu1795Arg	0	criteria provided, single submitter	Breast-ovarian cancer, familial, susceptibility to, 1|Hereditary cancer-predisposing syndrome
BRCA1	P38398	Lys1793Asn	0	criteria provided, single submitter	Breast-ovarian cancer, familial, susceptibility to, 1|Hereditary cancer-predisposing syndrome
BRCA1	P38398	Ala1789Val	1	criteria provided, single submitter	Breast-ovarian cancer, familial, susceptibility to, 1|Hereditary cancer-predisposing syndrome
BRCA1	P38398	Ala1789Asp	1	criteria provided, single submitter	Breast-ovarian cancer, familial, susceptibility to, 1|Hereditary breast ovarian cancer syndrome
BRCA1	P38398	Gly1788Ser	1	criteria provided, single submitter	Breast-ovarian cancer, familial, susceptibility to, 1
BRCA1	P38398	Val1784Glu	1	criteria provided, single submitter	Breast-ovarian cancer, familial, susceptibility to, 1|Hereditary cancer-predisposing syndrome
BRCA1	P38398	Met1783Leu	0	criteria provided, single submitter	Breast-ovarian cancer, familial, susceptibility to, 1|Hereditary breast ovarian cancer syndrome
BRCA1	P38398	Gln1779His	0	criteria provided, single submitter	Breast-ovarian cancer, familial, susceptibility to, 1|Hereditary cancer-predisposing syndrome
BRCA1	P38398	Met1775Val	1	criteria provided, single submitter	Breast-ovarian cancer, familial, susceptibility to, 1|Hereditary cancer-predisposing syndrome
BRCA1	P38398	Ile1766Thr	1	criteria provided, single submitter	Breast-ovarian cancer, familial, susceptibility to, 1|Hereditary breast ovarian cancer syndrome
BRCA1	P38398	Asp1757Glu	0	criteria provided, single submitter	Breast-ovarian cancer, familial, susceptibility to, 1|Hereditary cancer-predisposing syndrome
BRCA1	P38398	Arg1753Ser	1	criteria provided, single submitter	Breast-ovarian cancer, familial, susceptibility to, 1|Hereditary breast ovarian cancer syndrome
BRCA1	P38398	Arg1753Ile	1	criteria provided, single submitter	Breast-ovarian cancer, familial, susceptibility to, 1|Hereditary cancer-predisposing syndrome
BRCA1	P38398	Ala1752Glu	1	criteria provided, single submitter	Breast-ovarian cancer, familial, susceptibility to, 1|Hereditary cancer-predisposing syndrome
BRCA1	P38398	Gly1743Glu	1	criteria provided, multiple submitters, no conflicts	Breast-ovarian cancer, familial, susceptibility to, 1|Hereditary breast ovarian cancer syndrome|Hereditary cancer-predisposing syndrome
BRCA1	P38398	Gly1738Arg	1	criteria provided, multiple submitters, no conflicts	Breast-ovarian cancer, familial, susceptibility to, 1|Hereditary cancer-predisposing syndrome
BRCA1	P38398	Arg1737Gly	0	criteria provided, single submitter	Breast-ovarian cancer, familial, susceptibility to, 1|Hereditary cancer-predisposing syndrome
BRCA1	P38398	Val1736Phe	1	criteria provided, multiple submitters, no conflicts	Breast-ovarian cancer, familial, susceptibility to, 1|Hereditary breast ovarian cancer syndrome|Hereditary cancer-predisposing syndrome
BRCA1	P38398	His1732Asp	0	criteria provided, single submitter	Breast-ovarian cancer, familial, susceptibility to, 1|Hereditary cancer-predisposing syndrome
BRCA1	P38398	Asn1730Lys	0	criteria provided, single submitter	Breast-ovarian cancer, familial, susceptibility to, 1|Hereditary cancer-predisposing syndrome
BRCA1	P38398	Gln1721His	0	criteria provided, single submitter	Breast-ovarian cancer, familial, susceptibility to, 1|Hereditary cancer-predisposing syndrome
BRCA1	P38398	Trp1718Cys	1	criteria provided, single submitter	Breast-ovarian cancer, familial, susceptibility to, 1
BRCA1	P38398	Val1713Gly	1	criteria provided, single submitter	Breast-ovarian cancer, familial, susceptibility to, 1|Hereditary cancer-predisposing syndrome
BRCA1	P38398	Val1713Leu	1	criteria provided, single submitter	Breast-ovarian cancer, familial, susceptibility to, 1|Hereditary cancer-predisposing syndrome
BRCA1	P38398	Trp1712Gly	1	criteria provided, single submitter	Breast-ovarian cancer, familial, susceptibility to, 1|Hereditary cancer-predisposing syndrome
BRCA1	P38398	Lys1711Asn	0	criteria provided, single submitter	Breast-ovarian cancer, familial, susceptibility to, 1|Hereditary cancer-predisposing syndrome
BRCA1	P38398	Lys1711Glu	1	criteria provided, single submitter	Breast-ovarian cancer, familial, susceptibility to, 1
BRCA1	P38398	Gly1706Val	1	criteria provided, single submitter	Breast-ovarian cancer, familial, susceptibility to, 1|Hereditary breast ovarian cancer syndrome
BRCA1	P38398	Lys1702Asn	1	criteria provided, single submitter	Breast-ovarian cancer, familial, susceptibility to, 1|Inherited breast cancer and ovarian cancer
BRCA1	P38398	Lys1702Gln	1	criteria provided, single submitter	Breast-ovarian cancer, familial, susceptibility to, 1|Hereditary cancer-predisposing syndrome
BRCA1	P38398	Cys1697Phe	1	criteria provided, single submitter	Breast-ovarian cancer, familial, susceptibility to, 1|Hereditary breast ovarian cancer syndrome
BRCA1	P38398	Phe1695Val	1	no assertion criteria provided	Breast-ovarian cancer, familial, susceptibility to, 1
BRCA1	P38398	Met1689Lys	1	criteria provided, multiple submitters, no conflicts	Breast-ovarian cancer, familial, susceptibility to, 1|Hereditary cancer-predisposing syndrome|Inherited breast cancer and ovarian cancer
BRCA1	P38398	Val1688Phe	1	criteria provided, single submitter	Breast-ovarian cancer, familial, susceptibility to, 1|Hereditary breast ovarian cancer syndrome
BRCA1	P38398	Val1687Ala	0	criteria provided, single submitter	Breast-ovarian cancer, familial, susceptibility to, 1
BRCA1	P38398	Val1687Ile	0	criteria provided, single submitter	Breast-ovarian cancer, familial, susceptibility to, 1|Hereditary cancer-predisposing syndrome
BRCA1	P38398	His1686Asp	1	criteria provided, multiple submitters, no conflicts	Breast-ovarian cancer, familial, susceptibility to, 1|Hereditary cancer-predisposing syndrome|Fanconi anemia, complementation group S;Breast-ovarian cancer, familial, susceptibility to, 1;Pancreatic cancer, susceptibility to, 4|Hereditary breast ovarian cancer syndrome
BRCA1	P38398	Thr1681Ala	0	criteria provided, single submitter	Breast-ovarian cancer, familial, susceptibility to, 1|Hereditary cancer-predisposing syndrome
BRCA1	P38398	Thr1677Ser	0	criteria provided, single submitter	Breast-ovarian cancer, familial, susceptibility to, 1|Hereditary cancer-predisposing syndrome
BRCA1	P38398	Thr1677Asn	0	criteria provided, single submitter	Breast-ovarian cancer, familial, susceptibility to, 1|Hereditary cancer-predisposing syndrome
BRCA1	P38398	Ile1674Val	0	criteria provided, single submitter	Breast-ovarian cancer, familial, susceptibility to, 1|Hereditary cancer-predisposing syndrome
BRCA1	P38398	His1673Tyr	0	criteria provided, single submitter	Breast-ovarian cancer, familial, susceptibility to, 1|Hereditary cancer-predisposing syndrome
BRCA1	P38398	His1673Asp	0	criteria provided, single submitter	Breast-ovarian cancer, familial, susceptibility to, 1|Hereditary cancer-predisposing syndrome
BRCA1	P38398	Phe1668Val	0	no assertion criteria provided	Breast-ovarian cancer, familial, susceptibility to, 1
BRCA1	P38398	Lys1667Thr	0	criteria provided, single submitter	Breast-ovarian cancer, familial, susceptibility to, 1|Hereditary cancer-predisposing syndrome
BRCA1	P38398	Tyr1666Asn	0	criteria provided, single submitter	Breast-ovarian cancer, familial, susceptibility to, 1|Hereditary cancer-predisposing syndrome
BRCA1	P38398	Met1663Arg	1	criteria provided, single submitter	Breast-ovarian cancer, familial, susceptibility to, 1
BRCA1	P38398	Val1654Ala	0	criteria provided, single submitter	Breast-ovarian cancer, familial, susceptibility to, 1
BRCA1	P38398	Val1653Ala	0	criteria provided, single submitter	Breast-ovarian cancer, familial, susceptibility to, 1|Hereditary cancer-predisposing syndrome
BRCA1	P38398	Val1653Glu	1	criteria provided, single submitter	Breast-ovarian cancer, familial, susceptibility to, 1|Hereditary cancer-predisposing syndrome
BRCA1	P38398	Lys1648Arg	0	criteria provided, single submitter	Breast-ovarian cancer, familial, susceptibility to, 1|Hereditary cancer-predisposing syndrome
BRCA1	P38398	Lys1648Thr	0	criteria provided, single submitter	Breast-ovarian cancer, familial, susceptibility to, 1|Hereditary cancer-predisposing syndrome
BRCA1	P38398	Asn1647Lys	0	criteria provided, single submitter	Breast-ovarian cancer, familial, susceptibility to, 1|Hereditary cancer-predisposing syndrome
BRCA1	P38398	Asn1647Asp	0	criteria provided, single submitter	Breast-ovarian cancer, familial, susceptibility to, 1|Hereditary cancer-predisposing syndrome
BRCA1	P38398	Val1646Asp	0	criteria provided, single submitter	Breast-ovarian cancer, familial, susceptibility to, 1|Hereditary cancer-predisposing syndrome
BRCA1	P38398	Val1646Phe	0	criteria provided, single submitter	Breast-ovarian cancer, familial, susceptibility to, 1|Hereditary cancer-predisposing syndrome
BRCA1	P38398	Val1646Ile	0	criteria provided, single submitter	Breast-ovarian cancer, familial, susceptibility to, 1|Hereditary cancer-predisposing syndrome
BRCA1	P38398	Thr1643Ser	0	criteria provided, single submitter	Breast-ovarian cancer, familial, susceptibility to, 1|Hereditary cancer-predisposing syndrome
BRCA1	P38398	Ser1642Leu	0	criteria provided, single submitter	Breast-ovarian cancer, familial, susceptibility to, 1|Hereditary cancer-predisposing syndrome
BRCA1	P38398	Ala1641Ser	0	criteria provided, single submitter	Breast-ovarian cancer, familial, susceptibility to, 1|Familial cancer of breast
BRCA1	P38398	Leu1639Phe	0	criteria provided, single submitter	Breast-ovarian cancer, familial, susceptibility to, 1|Hereditary cancer-predisposing syndrome
BRCA1	P38398	Glu1638Val	0	criteria provided, single submitter	Breast-ovarian cancer, familial, susceptibility to, 1|not specified
BRCA1	P38398	Lys1636Asn	0	criteria provided, single submitter	Breast-ovarian cancer, familial, susceptibility to, 1|Hereditary cancer-predisposing syndrome
BRCA1	P38398	Arg1634Ser	0	criteria provided, single submitter	Breast-ovarian cancer, familial, susceptibility to, 1
BRCA1	P38398	Ser1633Gly	0	criteria provided, multiple submitters, no conflicts	Breast-ovarian cancer, familial, susceptibility to, 1|not specified|Hereditary cancer-predisposing syndrome
BRCA1	P38398	Ser1631Ile	0	criteria provided, single submitter	Breast-ovarian cancer, familial, susceptibility to, 1
BRCA1	P38398	Ser1631Arg	0	criteria provided, single submitter	Breast-ovarian cancer, familial, susceptibility to, 1|Hereditary cancer-predisposing syndrome
BRCA1	P38398	Thr97Ser	0	criteria provided, single submitter	Breast-ovarian cancer, familial, susceptibility to, 1|Hereditary cancer-predisposing syndrome
BRCA1	P38398	Asp96Ala	1	criteria provided, single submitter	Breast-ovarian cancer, familial, susceptibility to, 1
BRCA1	P38398	Leu95Pro	1	criteria provided, single submitter	Breast-ovarian cancer, familial, susceptibility to, 1|Hereditary cancer-predisposing syndrome
BRCA1	P38398	Leu95Ile	0	criteria provided, single submitter	Breast-ovarian cancer, familial, susceptibility to, 1|Hereditary cancer-predisposing syndrome
BRCA1	P38398	Thr77Ala	0	criteria provided, single submitter	Breast-ovarian cancer, familial, susceptibility to, 1|Hereditary cancer-predisposing syndrome
BRCA1	P38398	Glu75Lys	0	criteria provided, single submitter	Breast-ovarian cancer, familial, susceptibility to, 1|Hereditary cancer-predisposing syndrome
BRCA1	P38398	Arg71Trp	1	criteria provided, single submitter	Breast-ovarian cancer, familial, susceptibility to, 1|Hereditary cancer-predisposing syndrome
BRCA1	P38398	Asn66Ser	0	criteria provided, single submitter	Breast-ovarian cancer, familial, susceptibility to, 1|Hereditary cancer-predisposing syndrome
BRCA1	P38398	Cys64Ser	1	no assertion criteria provided	Breast-ovarian cancer, familial, susceptibility to, 1
BRCA1	P38398	Gln60His	0	criteria provided, single submitter	Breast-ovarian cancer, familial, susceptibility to, 1|Hereditary cancer-predisposing syndrome
BRCA1	P38398	Ser59Ala	0	criteria provided, single submitter	Breast-ovarian cancer, familial, susceptibility to, 1|Hereditary cancer-predisposing syndrome
BRCA1	P38398	Met48Ile	0	criteria provided, single submitter	Breast-ovarian cancer, familial, susceptibility to, 1|Hereditary cancer-predisposing syndrome
BRCA1	P38398	Cys44Ser	1	criteria provided, single submitter	Breast-ovarian cancer, familial, susceptibility to, 1|Hereditary breast ovarian cancer syndrome
BRCA1	P38398	His41Asp	1	criteria provided, single submitter	Breast-ovarian cancer, familial, susceptibility to, 1|Hereditary breast ovarian cancer syndrome
BRCA1	P38398	Asp40Gly	0	criteria provided, single submitter	Breast-ovarian cancer, familial, susceptibility to, 1|Hereditary cancer-predisposing syndrome
BRCA1	P38398	Thr37Ala	1	no assertion criteria provided	Breast-ovarian cancer, familial, susceptibility to, 1
BRCA1	P38398	Val35Ala	1	no assertion criteria provided	Breast-ovarian cancer, familial, susceptibility to, 1
BRCA1	P38398	Pro34Arg	1	criteria provided, single submitter	Breast-ovarian cancer, familial, susceptibility to, 1|Hereditary cancer-predisposing syndrome
BRCA1	P38398	Glu33Asp	0	criteria provided, single submitter	Breast-ovarian cancer, familial, susceptibility to, 1|Hereditary cancer-predisposing syndrome
BRCA1	P38398	Glu33Lys	0	criteria provided, single submitter	Breast-ovarian cancer, familial, susceptibility to, 1|Hereditary cancer-predisposing syndrome
BRCA1	P38398	Cys27Trp	1	criteria provided, multiple submitters, no conflicts	Breast-ovarian cancer, familial, susceptibility to, 1|Hereditary cancer-predisposing syndrome|Inherited breast cancer and ovarian cancer
BRCA1	P38398	Cys27Gly	1	criteria provided, single submitter	Breast-ovarian cancer, familial, susceptibility to, 1|Hereditary cancer-predisposing syndrome
BRCA1	P38398	Cys27Arg	1	criteria provided, single submitter	Breast-ovarian cancer, familial, susceptibility to, 1|Hereditary cancer-predisposing syndrome
BRCA1	P38398	Ile26Met	0	criteria provided, single submitter	Breast-ovarian cancer, familial, susceptibility to, 1|Hereditary cancer-predisposing syndrome
BRCA1	P38398	Cys24Ser	1	criteria provided, single submitter	Breast-ovarian cancer, familial, susceptibility to, 1|Hereditary breast ovarian cancer syndrome
BRCA1	P38398	Ile21Leu	0	criteria provided, single submitter	Breast-ovarian cancer, familial, susceptibility to, 1|Hereditary cancer-predisposing syndrome
BRCA1	P38398	Met18Leu	0	criteria provided, single submitter	Breast-ovarian cancer, familial, susceptibility to, 1|Hereditary cancer-predisposing syndrome
BRCA1	P38398	Asn16Asp	0	criteria provided, single submitter	Breast-ovarian cancer, familial, susceptibility to, 1|Hereditary cancer-predisposing syndrome
BRCA1	P38398	Val14Ile	0	criteria provided, single submitter	Breast-ovarian cancer, familial, susceptibility to, 1|Hereditary cancer-predisposing syndrome
BRCA1	P38398	Asn13Lys	0	criteria provided, single submitter	Breast-ovarian cancer, familial, susceptibility to, 1|Hereditary cancer-predisposing syndrome
BRCA1	P38398	Gln12Leu	0	criteria provided, single submitter	Breast-ovarian cancer, familial, susceptibility to, 1|Hereditary cancer-predisposing syndrome
BRCA1	P38398	Val11Ile	0	criteria provided, single submitter	Breast-ovarian cancer, familial, susceptibility to, 1|not specified
BRCA1	P38398	Leu3Phe	0	criteria provided, single submitter	Breast-ovarian cancer, familial, susceptibility to, 1|Hereditary cancer-predisposing syndrome
BRCA1	P38398	Asp2Asn	0	criteria provided, single submitter	Breast-ovarian cancer, familial, susceptibility to, 1|Hereditary cancer-predisposing syndrome
FBN1	P35555	Cys1053Trp	1	criteria provided, single submitter	Marfan syndrome
HBB	P68871	Tyr36Cys	1	no assertion criteria provided	beta Thalassemia
HBB	P68871	Arg31Ser	1	no assertion criteria provided	beta Thalassemia
HBB	P68871	Met1Ile	1	criteria provided, multiple submitters, no conflicts	beta Thalassemia|not provided
HBB	P68871	Met1Ile	1	no assertion criteria provided	beta Thalassemia
LDLR	P01130	Cys109Gly	1	criteria provided, single submitter	Hypercholesterolemia, familial, 1
COL1A1	P02452	Gly191Val	1	no assertion criteria provided	Osteogenesis imperfecta type I
ATM	Q13315	Tyr2627His	1	reviewed by expert panel	Familial cancer of breast|Ataxia-telangiectasia syndrome|ATM-related cancer predisposition
COL1A1	P02452	Gly1184Arg	1	criteria provided, single submitter	not provided
PAH	P00439	Gly148Asp	1	reviewed by expert panel	Phenylketonuria
PAH	P00439	Gly148Arg	1	reviewed by expert panel	Phenylketonuria
PAH	P00439	Phe121Val	1	reviewed by expert panel	Phenylketonuria
PAH	P00439	Leu62Pro	1	reviewed by expert panel	Phenylketonuria|not specified
PTEN	P60484	Tyr177Asn	1	criteria provided, single submitter	Cowden syndrome 1
BRCA2	P51587	Met2634Ile	0	no assertion criteria provided	not specified
MLH1	P40692	Thr119Ala	1	criteria provided, single submitter	Colorectal cancer, hereditary nonpolyposis, type 2
FBN1	P35555	Cys2221Phe	1	criteria provided, single submitter	Familial thoracic aortic aneurysm and aortic dissection
FBN1	P35555	Cys1947Phe	1	criteria provided, single submitter	Familial thoracic aortic aneurysm and aortic dissection
FBN1	P35555	Gly1594Cys	1	criteria provided, single submitter	Familial thoracic aortic aneurysm and aortic dissection
FBN1	P35555	Cys887Tyr	1	reviewed by expert panel	Familial thoracic aortic aneurysm and aortic dissection|Marfan syndrome;Familial thoracic aortic aneurysm and aortic dissection|Marfan Syndrome/Loeys-Dietz Syndrome/Familial Thoracic Aortic Aneurysms and Dissections|Marfan syndrome
FBN1	P35555	Cys830Ser	1	criteria provided, single submitter	Familial thoracic aortic aneurysm and aortic dissection
PTEN	P60484	Val53Ala	1	criteria provided, single submitter	not provided
CFTR	P13569	Ser1045Tyr	1	criteria provided, multiple submitters, no conflicts	Cystic fibrosis|Bronchiectasis with or without elevated sweat chloride 1|CFTR-related disorder
BRCA2	P51587	His2623Leu	1	reviewed by expert panel	Hereditary cancer-predisposing syndrome|Hereditary breast ovarian cancer syndrome|Breast and/or ovarian cancer|BRCA2-related cancer predisposition
BRCA2	P51587	Thr3411Ala	0	criteria provided, single submitter	Hereditary cancer-predisposing syndrome
FBN1	P35555	Arg961Ser	0	criteria provided, multiple submitters, no conflicts	Familial thoracic aortic aneurysm and aortic dissection|Marfan syndrome;Familial thoracic aortic aneurysm and aortic dissection|Marfan syndrome
LDLR	P01130	Arg751Trp	0	reviewed by expert panel	Familial hypercholesterolemia|not specified|not provided|Hypercholesterolemia, familial, 1|Cardiovascular phenotype
BRCA1	P38398	Ser945Thr	0	criteria provided, single submitter	not specified
PAH	P00439	Glu178Lys	1	reviewed by expert panel	Phenylketonuria|PAH-related disorder
LDLR	P01130	Asp224Glu	1	criteria provided, multiple submitters, no conflicts	Familial hypercholesterolemia|Cardiovascular phenotype
FBN1	P35555	Thr468Ala	1	criteria provided, single submitter	Marfan syndrome;Left ventricular diastolic dysfunction
COL1A1	P02452	Gly362Ser	1	criteria provided, multiple submitters, no conflicts	Osteogenesis imperfecta with normal sclerae, dominant form|Osteogenesis imperfecta type I
PAH	P00439	Arg420Met	1	reviewed by expert panel	Phenylketonuria|not provided
PAH	P00439	Phe410Ile	1	reviewed by expert panel	Phenylketonuria
PAH	P00439	Tyr377Asp	1	reviewed by expert panel	Phenylketonuria
PAH	P00439	Ala373Asp	1	reviewed by expert panel	Phenylketonuria
PAH	P00439	Leu348Pro	1	reviewed by expert panel	Phenylketonuria
PAH	P00439	Tyr343Asn	1	reviewed by expert panel	Phenylketonuria
PAH	P00439	Thr278Ser	1	reviewed by expert panel	Phenylketonuria
PAH	P00439	Arg252Pro	1	reviewed by expert panel	Phenylketonuria
PAH	P00439	Gln226Lys	1	reviewed by expert panel	Phenylketonuria
PAH	P00439	Pro225Leu	1	reviewed by expert panel	Phenylketonuria
PAH	P00439	His220Pro	1	reviewed by expert panel	Phenylketonuria
PAH	P00439	Arg169Ser	1	reviewed by expert panel	Phenylketonuria
VHL	P40337	Asp121Val	1	criteria provided, single submitter	Von Hippel-Lindau syndrome;Chuvash polycythemia
PTEN	P60484	Asn12Ile	1	criteria provided, single submitter	PTEN hamartoma tumor syndrome
PTEN	P60484	Thr26Asn	1	criteria provided, multiple submitters, no conflicts	PTEN hamartoma tumor syndrome|Hereditary cancer-predisposing syndrome|Cowden syndrome 1
PTEN	P60484	Ser170Asn	1	criteria provided, multiple submitters, no conflicts	PTEN hamartoma tumor syndrome|Cowden syndrome 1|Neoplasm|not provided|PTEN-related disorder
PAH	P00439	His170Gln	1	criteria provided, multiple submitters, no conflicts	Phenylketonuria
FBN1	P35555	Leu2815His	1	criteria provided, single submitter	Marfan syndrome;Familial thoracic aortic aneurysm and aortic dissection
FBN1	P35555	Cys2489Ser	1	criteria provided, single submitter	Marfan syndrome;Familial thoracic aortic aneurysm and aortic dissection
FBN1	P35555	Cys2363Phe	1	criteria provided, single submitter	Marfan syndrome;Familial thoracic aortic aneurysm and aortic dissection
FBN1	P35555	Cys2331Phe	1	criteria provided, single submitter	Marfan syndrome;Familial thoracic aortic aneurysm and aortic dissection
FBN1	P35555	Cys2251Phe	1	criteria provided, single submitter	Marfan syndrome;Familial thoracic aortic aneurysm and aortic dissection
FBN1	P35555	Gly1987Ala	1	criteria provided, single submitter	Familial thoracic aortic aneurysm and aortic dissection;Marfan syndrome
FBN1	P35555	Cys1212Arg	1	criteria provided, single submitter	Familial thoracic aortic aneurysm and aortic dissection;Marfan syndrome
FBN1	P35555	Cys1095Tyr	1	criteria provided, single submitter	Marfan syndrome;Familial thoracic aortic aneurysm and aortic dissection
FBN1	P35555	Cys1086Gly	1	criteria provided, single submitter	Familial thoracic aortic aneurysm and aortic dissection;Marfan syndrome
FBN1	P35555	Cys1053Tyr	1	criteria provided, single submitter	Marfan syndrome;Familial thoracic aortic aneurysm and aortic dissection
FBN1	P35555	Cys89Phe	1	criteria provided, multiple submitters, no conflicts	Familial thoracic aortic aneurysm and aortic dissection;Marfan syndrome|not provided
COL1A1	P02452	Val1442Ala	0	criteria provided, single submitter	Osteogenesis imperfecta type I
COL1A1	P02452	Gly209Ala	1	criteria provided, single submitter	Osteogenesis imperfecta type I
MSH2	P43246	Asn798Lys	0	criteria provided, multiple submitters, no conflicts	Hereditary nonpolyposis colorectal neoplasms|Hereditary cancer-predisposing syndrome
PTEN	P60484	Asn31Asp	1	reviewed by expert panel	PTEN hamartoma tumor syndrome|not provided
PTEN	P60484	Cys71Tyr	1	reviewed by expert panel	PTEN hamartoma tumor syndrome|not provided|Cowden syndrome 1|Glioma susceptibility 2;Familial prostate cancer;Macrocephaly-autism syndrome;Familial meningioma;Cowden syndrome 1|Hereditary cancer-predisposing syndrome
PAH	P00439	Thr418Ile	1	criteria provided, single submitter	Phenylketonuria
FBN1	P35555	Cys2192Tyr	1	criteria provided, multiple submitters, no conflicts	Familial thoracic aortic aneurysm and aortic dissection;Marfan syndrome|not provided
FBN1	P35555	Cys1989Gly	1	criteria provided, single submitter	Familial thoracic aortic aneurysm and aortic dissection;Marfan syndrome
FBN1	P35555	Cys1916Phe	1	criteria provided, single submitter	Familial thoracic aortic aneurysm and aortic dissection;Marfan syndrome
FBN1	P35555	Asn1504Ile	1	criteria provided, single submitter	Marfan syndrome;Familial thoracic aortic aneurysm and aortic dissection
FBN1	P35555	Cys805Arg	1	criteria provided, multiple submitters, no conflicts	Familial thoracic aortic aneurysm and aortic dissection;Marfan syndrome|Marfan syndrome
FBN1	P35555	Cys576Trp	1	criteria provided, single submitter	Familial thoracic aortic aneurysm and aortic dissection;Marfan syndrome
FBN1	P35555	Cys541Tyr	1	criteria provided, multiple submitters, no conflicts	Familial thoracic aortic aneurysm and aortic dissection;Marfan syndrome|Marfan syndrome
FBN1	P35555	Cys336Gly	1	criteria provided, single submitter	Marfan syndrome;Familial thoracic aortic aneurysm and aortic dissection
TP53	P04637	Ser127Pro	1	reviewed by expert panel	Li-Fraumeni syndrome|Hereditary cancer-predisposing syndrome|Li-Fraumeni syndrome 1|Neoplasm
MSH2	P43246	Arg631Ile	0	criteria provided, single submitter	Hereditary nonpolyposis colorectal neoplasms
PTEN	P60484	Lys128Glu	1	criteria provided, multiple submitters, no conflicts	PTEN hamartoma tumor syndrome|Hereditary cancer-predisposing syndrome|Glioma susceptibility 2
PAH	P00439	Lys396Arg	1	reviewed by expert panel	Phenylketonuria|6-Pyruvoyl-tetrahydrobiopterin synthase deficiency
RB1	P06400	Ser127Ile	1	criteria provided, single submitter	Retinoblastoma
FBN1	P35555	Cys2276Gly	1	criteria provided, single submitter	Familial thoracic aortic aneurysm and aortic dissection;Marfan syndrome
FBN1	P35555	Cys1916Gly	1	criteria provided, single submitter	Familial thoracic aortic aneurysm and aortic dissection;Marfan syndrome
FBN1	P35555	Cys1491Trp	1	criteria provided, single submitter	Familial thoracic aortic aneurysm and aortic dissection;Marfan syndrome
FBN1	P35555	Arg954Pro	1	criteria provided, single submitter	Familial thoracic aortic aneurysm and aortic dissection;Marfan syndrome
FBN1	P35555	Cys896Arg	1	criteria provided, single submitter	Familial thoracic aortic aneurysm and aortic dissection;Marfan syndrome
FBN1	P35555	Cys832Phe	1	criteria provided, multiple submitters, no conflicts	Familial thoracic aortic aneurysm and aortic dissection;Marfan syndrome|Familial thoracic aortic aneurysm and aortic dissection|not provided|Marfan syndrome
FBN1	P35555	Cys821Tyr	1	criteria provided, single submitter	Familial thoracic aortic aneurysm and aortic dissection;Marfan syndrome
FBN1	P35555	Cys598Phe	1	criteria provided, single submitter	Familial thoracic aortic aneurysm and aortic dissection;Marfan syndrome
FBN1	P35555	Cys570Arg	1	reviewed by expert panel	Familial thoracic aortic aneurysm and aortic dissection;Marfan syndrome|Ectopia lentis 1, isolated, autosomal dominant|Familial thoracic aortic aneurysm and aortic dissection|Marfan syndrome
FBN1	P35555	Cys119Arg	1	criteria provided, single submitter	Familial thoracic aortic aneurysm and aortic dissection;Marfan syndrome|Marfan syndrome
COL1A1	P02452	Asp1441Tyr	1	criteria provided, multiple submitters, no conflicts	Osteogenesis imperfecta type I|COL1A1-related disorder
COL1A1	P02452	Gly764Ala	1	criteria provided, single submitter	Osteogenesis imperfecta type I
COL1A1	P02452	Gly683Ala	1	criteria provided, single submitter	Osteogenesis imperfecta type I
TP53	P04637	Arg209Lys	0	reviewed by expert panel	Li-Fraumeni syndrome|Familial cancer of breast|Hereditary cancer-predisposing syndrome
LDLR	P01130	Cys338Ser	1	criteria provided, single submitter	Familial hypercholesterolemia
LDLR	P01130	Lys393Asn	1	criteria provided, single submitter	Familial hypercholesterolemia
VHL	P40337	Leu188Arg	1	criteria provided, single submitter	Chuvash polycythemia;Von Hippel-Lindau syndrome
CFTR	P13569	Arg1283Ser	1	criteria provided, multiple submitters, no conflicts	Cystic fibrosis|CFTR-related disorder
PAH	P00439	Val45Phe	1	criteria provided, single submitter	Phenylketonuria
FBN1	P35555	Cys2663Ser	1	criteria provided, single submitter	Marfan syndrome;Familial thoracic aortic aneurysm and aortic dissection|Marfan syndrome
FBN1	P35555	Cys2245Tyr	1	criteria provided, single submitter	Familial thoracic aortic aneurysm and aortic dissection;Marfan syndrome
FBN1	P35555	Phe2219Val	1	criteria provided, single submitter	Familial thoracic aortic aneurysm and aortic dissection;Marfan syndrome
FBN1	P35555	Gly1084Arg	1	criteria provided, single submitter	Familial thoracic aortic aneurysm and aortic dissection;Marfan syndrome
FBN1	P35555	Gly880Val	1	criteria provided, single submitter	Marfan syndrome;Familial thoracic aortic aneurysm and aortic dissection
MLH1	P40692	Ser556Arg	1	no assertion criteria provided	Lynch-like syndrome
FBN1	P35555	Gly1879Asp	1	criteria provided, single submitter	Marfan syndrome
CFTR	P13569	Lys464Glu	1	criteria provided, multiple submitters, no conflicts	Cystic fibrosis
FBN1	P35555	Cys1307Trp	1	criteria provided, single submitter	Marfan syndrome
PTEN	P60484	Tyr177His	1	criteria provided, single submitter	Macrocephaly-autism syndrome
MLH1	P40692	Met35Lys	1	criteria provided, multiple submitters, no conflicts	Hereditary nonpolyposis colorectal neoplasms|Hereditary nonpolyposis colon cancer
COL1A1	P02452	Gly1043Ala	1	criteria provided, single submitter	Osteogenesis imperfecta type I
PTEN	P60484	Met35Leu	1	criteria provided, single submitter	Cowden syndrome 1
BRAF	P15056	Arg426Thr	1	no assertion criteria provided	Lip and oral cavity carcinoma
LDLR	P01130	Cys160Ser	1	criteria provided, single submitter	Hypercholesterolemia, familial, 1
LDLR	P01130	Ala501Thr	1	criteria provided, single submitter	Hypercholesterolemia, familial, 1
LDLR	P01130	Leu682Arg	1	criteria provided, single submitter	Familial hypercholesterolemia
KRAS	P01116	Arg167Thr	0	no assertion criteria provided	Noonan syndrome
KRAS	P01116	Thr74Ile	1	no assertion criteria provided	Noonan syndrome
KRAS	P01116	Glu153Ala	1	no assertion criteria provided	Noonan syndrome
KRAS	P01116	Asp154Gly	1	criteria provided, single submitter	Hereditary breast ovarian cancer syndrome
FBN1	P35555	Gly2416Glu	1	criteria provided, single submitter	Isolated thoracic aortic aneurysm
FBN1	P35555	Cys2011Trp	1	criteria provided, single submitter	Isolated thoracic aortic aneurysm
FBN1	P35555	Phe1912Cys	1	criteria provided, single submitter	Isolated thoracic aortic aneurysm
FBN1	P35555	Cys1456Arg	1	criteria provided, single submitter	Isolated thoracic aortic aneurysm
FBN1	P35555	Cys890Gly	1	criteria provided, single submitter	Isolated thoracic aortic aneurysm
FBN1	P35555	Cys792Arg	1	criteria provided, multiple submitters, no conflicts	Isolated thoracic aortic aneurysm|Marfan syndrome
FBN1	P35555	Cys734Ser	1	criteria provided, single submitter	Isolated thoracic aortic aneurysm
FBN1	P35555	Gly55Glu	1	criteria provided, multiple submitters, no conflicts	Isolated thoracic aortic aneurysm|Familial thoracic aortic aneurysm and aortic dissection;Marfan syndrome
COL1A1	P02452	Gly335Asp	1	criteria provided, single submitter	Osteogenesis imperfecta, perinatal lethal
FBN1	P35555	Cys2633Gly	1	no assertion criteria provided	Marfan syndrome
LDLR	P01130	Glu101Gly	1	criteria provided, single submitter	Cardiovascular phenotype
LDLR	P01130	Cys338Trp	1	no assertion criteria provided	Hypercholesterolemia, familial, 1
COL1A1	P02452	Gly1055Asp	1	criteria provided, single submitter	not provided
PAH	P00439	Phe402Cys	1	reviewed by expert panel	Phenylketonuria
PAH	P00439	Phe402Val	1	reviewed by expert panel	Phenylketonuria
PAH	P00439	Ser70Phe	1	reviewed by expert panel	Phenylketonuria
PAH	P00439	Asp75His	1	reviewed by expert panel	Phenylketonuria|6-Pyruvoyl-tetrahydrobiopterin synthase deficiency|Propionic acidemia
PAH	P00439	Pro122Ser	1	reviewed by expert panel	Phenylketonuria
PAH	P00439	Arg400Ser	1	reviewed by expert panel	Phenylketonuria
PAH	P00439	Pro416Thr	1	reviewed by expert panel	Phenylketonuria
FBN1	P35555	Gly2636Val	1	criteria provided, single submitter	not provided
FBN1	P35555	Asp1891Gly	1	criteria provided, single submitter	not provided
FBN1	P35555	Gly1661Arg	1	criteria provided, single submitter	not provided
FBN1	P35555	Cys958Arg	1	criteria provided, single submitter	not provided
COL1A1	P02452	Gly899Asp	1	criteria provided, single submitter	not provided
TP53	P04637	Arg280Ser	1	reviewed by expert panel	Familial cancer of breast|Li-Fraumeni syndrome|Hereditary cancer-predisposing syndrome|Li-Fraumeni syndrome 1|Colorectal cancer
TP53	P04637	Gln192His	0	criteria provided, single submitter	Malignant tumor of esophagus
COL1A1	P02452	Gly692Ser	1	no assertion criteria provided	Osteogenesis imperfecta, perinatal lethal
FBN1	P35555	Glu2250Val	1	criteria provided, single submitter	Marfan syndrome
LDLR	P01130	Leu479Gln	1	reviewed by expert panel	Hypercholesterolemia, familial, 1|Familial hypercholesterolemia
LDLR	P01130	Val523Leu	1	reviewed by expert panel	not provided|Familial hypercholesterolemia|Cardiovascular phenotype|Hypercholesterolemia, familial, 1
FBN1	P35555	Asp765Asn	1	criteria provided, single submitter	not provided
COL1A1	P02452	Gly1157Arg	1	criteria provided, single submitter	not provided
COL1A1	P02452	Gly1127Arg	1	criteria provided, single submitter	not provided
COL1A1	P02452	Gly863Asp	1	criteria provided, single submitter	not provided
COL1A1	P02452	Gly830Ala	1	criteria provided, single submitter	not provided
COL1A1	P02452	Arg1356Leu	1	criteria provided, multiple submitters, no conflicts	not provided|COL1A1-related disorder
HBB	P68871	Pro125Thr	0	no assertion criteria provided	beta Thalassemia
BRCA2	P51587	Gly2596Arg	1	criteria provided, single submitter	Hereditary breast ovarian cancer syndrome
BRCA2	P51587	Ala2603Pro	1	criteria provided, single submitter	Hereditary breast ovarian cancer syndrome
BRCA2	P51587	Lys2630Gln	1	criteria provided, multiple submitters, no conflicts	Hereditary breast ovarian cancer syndrome|Hereditary cancer-predisposing syndrome
BRCA2	P51587	Gly3076Arg	1	criteria provided, single submitter	Hereditary breast ovarian cancer syndrome
COL1A1	P02452	Gly22Arg	1	criteria provided, multiple submitters, no conflicts	Wiedemann-Rautenstrauch-like progeroid syndrome|Osteogenesis imperfecta type I|not provided
LDLR	P01130	Trp443Arg	1	reviewed by expert panel	Familial hypercholesterolemia|Hypercholesterolemia, familial, 1|Cardiovascular phenotype
MLH1	P40692	Gly65Ser	1	criteria provided, single submitter	Hereditary nonpolyposis colorectal neoplasms
PTEN	P60484	Pro38His	1	reviewed by expert panel	PTEN hamartoma tumor syndrome|not provided
LDLR	P01130	Met531Lys	1	criteria provided, multiple submitters, no conflicts	Familial hypercholesterolemia|Cardiovascular phenotype|Hypercholesterolemia, familial, 1
MSH2	P43246	Leu376Ser	0	criteria provided, multiple submitters, no conflicts	Hereditary nonpolyposis colorectal neoplasms|Hereditary cancer-predisposing syndrome
VHL	P40337	Arg64Ser	1	criteria provided, single submitter	Von Hippel-Lindau syndrome;Chuvash polycythemia
VHL	P40337	Ala149Val	1	criteria provided, single submitter	Chuvash polycythemia;Von Hippel-Lindau syndrome
PTEN	P60484	Lys267Asn	1	criteria provided, multiple submitters, no conflicts	PTEN hamartoma tumor syndrome
ATM	Q13315	Leu2767Pro	1	reviewed by expert panel	Ataxia-telangiectasia syndrome|ATM-related cancer predisposition
KRAS	P01116	Met72Leu	1	criteria provided, single submitter	RASopathy
FBN1	P35555	Tyr1699Asn	1	criteria provided, single submitter	Familial thoracic aortic aneurysm and aortic dissection;Marfan syndrome
FBN1	P35555	Asn57Asp	1	criteria provided, single submitter	Marfan syndrome;Familial thoracic aortic aneurysm and aortic dissection
COL1A1	P02452	Ala669Pro	0	criteria provided, single submitter	Osteogenesis imperfecta type I
COL1A1	P02452	Pro161Ser	0	criteria provided, single submitter	Osteogenesis imperfecta type I
TP53	P04637	Arg337Ser	1	reviewed by expert panel	Li-Fraumeni syndrome
ATM	Q13315	Cys977Arg	1	reviewed by expert panel	Hereditary cancer-predisposing syndrome|Ataxia-telangiectasia syndrome|ATM-related cancer predisposition
FBN1	P35555	Cys1333Tyr	1	criteria provided, single submitter	Marfan syndrome;Familial thoracic aortic aneurysm and aortic dissection
FBN1	P35555	Arg954Leu	1	criteria provided, multiple submitters, no conflicts	Marfan syndrome|Marfan syndrome;Familial thoracic aortic aneurysm and aortic dissection|Familial thoracic aortic aneurysm and aortic dissection
COL1A1	P02452	Gly1133Glu	1	criteria provided, single submitter	Infantile cortical hyperostosis
COL1A1	P02452	Gly215Val	1	criteria provided, multiple submitters, no conflicts	Osteogenesis imperfecta type I|not provided
PTEN	P60484	Asp92Glu	1	reviewed by expert panel	PTEN hamartoma tumor syndrome|Cowden syndrome 1|Hereditary cancer-predisposing syndrome
PTEN	P60484	Leu320Ser	1	reviewed by expert panel	PTEN hamartoma tumor syndrome|not provided|Hereditary cancer-predisposing syndrome|Cowden syndrome 1
RB1	P06400	Pro868Thr	0	criteria provided, multiple submitters, no conflicts	Retinoblastoma|Hereditary cancer-predisposing syndrome
COL1A1	P02452	Ala858Thr	0	criteria provided, single submitter	Osteogenesis imperfecta type I
BRCA2	P51587	Ser303Phe	0	criteria provided, single submitter	not provided|Hereditary cancer-predisposing syndrome
BRCA2	P51587	Asp988Asn	0	criteria provided, single submitter	not provided|Hereditary cancer-predisposing syndrome
BRCA2	P51587	Pro1039Leu	0	criteria provided, single submitter	Breast-ovarian cancer, familial, susceptibility to, 2|Hereditary cancer-predisposing syndrome
BRCA2	P51587	Ser1075Asn	0	criteria provided, single submitter	Breast-ovarian cancer, familial, susceptibility to, 2|Hereditary cancer-predisposing syndrome
BRCA2	P51587	Asp1199Gly	0	criteria provided, single submitter	Breast-ovarian cancer, familial, susceptibility to, 2|Hereditary cancer-predisposing syndrome
BRCA2	P51587	Asp1267Asn	0	criteria provided, multiple submitters, no conflicts	not provided|Hereditary cancer-predisposing syndrome
BRCA2	P51587	Asn1778Lys	0	criteria provided, single submitter	Malignant tumor of breast|Hereditary cancer-predisposing syndrome
BRCA2	P51587	Thr2097Lys	0	criteria provided, single submitter	not provided|Hereditary cancer-predisposing syndrome
BRCA1	P38398	Arg1188Met	0	criteria provided, single submitter	Malignant tumor of breast|Hereditary cancer-predisposing syndrome
BRCA1	P38398	Thr617Asn	0	criteria provided, single submitter	not provided|Hereditary cancer-predisposing syndrome
BRCA1	P38398	Asp414Tyr	0	criteria provided, single submitter	not provided|Hereditary cancer-predisposing syndrome
BRCA1	P38398	Lys301Gln	0	criteria provided, single submitter	Malignant tumor of breast|Hereditary cancer-predisposing syndrome|Breast-ovarian cancer, familial, susceptibility to, 1
MSH2	P43246	Arg35Leu	0	criteria provided, single submitter	Hereditary nonpolyposis colorectal neoplasms
CFTR	P13569	Thr501Ile	1	criteria provided, single submitter	Cystic fibrosis|CFTR-related disorder
ATM	Q13315	Asp2721Asn	1	reviewed by expert panel	Ataxia-telangiectasia syndrome|not specified|Hereditary cancer-predisposing syndrome|ATM-related cancer predisposition
FBN1	P35555	Ile1725Asn	1	criteria provided, single submitter	Familial thoracic aortic aneurysm and aortic dissection;Marfan syndrome
FBN1	P35555	Asn1131Lys	1	criteria provided, single submitter	Marfan syndrome;Familial thoracic aortic aneurysm and aortic dissection
FBN1	P35555	Gly259Val	1	criteria provided, single submitter	Marfan syndrome;Familial thoracic aortic aneurysm and aortic dissection
COL1A1	P02452	Trp1325Cys	1	criteria provided, multiple submitters, no conflicts	Osteogenesis imperfecta type I|Osteogenesis imperfecta with normal sclerae, dominant form
LDLR	P01130	Asp569Val	1	criteria provided, single submitter	Familial hypercholesterolemia
RB1	P06400	Gln444Pro	1	criteria provided, single submitter	Retinoblastoma
PAH	P00439	Ile283Val	1	reviewed by expert panel	Phenylketonuria
PAH	P00439	Glu228Asp	1	reviewed by expert panel	Phenylketonuria
PAH	P00439	Leu227Val	1	reviewed by expert panel	Phenylketonuria
PAH	P00439	Gly188Val	1	reviewed by expert panel	Phenylketonuria
MSH2	P43246	Arg359Ile	1	criteria provided, multiple submitters, no conflicts	Hereditary nonpolyposis colorectal neoplasms|Hereditary cancer-predisposing syndrome|Lynch syndrome 1
VHL	P40337	Leu198Gln	1	criteria provided, multiple submitters, no conflicts	Chuvash polycythemia;Von Hippel-Lindau syndrome|Von Hippel-Lindau syndrome
PTEN	P60484	Leu25Phe	1	criteria provided, multiple submitters, no conflicts	PTEN hamartoma tumor syndrome|not provided
PTEN	P60484	Ala126Pro	1	criteria provided, multiple submitters, no conflicts	PTEN hamartoma tumor syndrome|Cowden syndrome 1
PTEN	P60484	Val175Met	1	criteria provided, multiple submitters, no conflicts	PTEN hamartoma tumor syndrome|not provided|Hereditary cancer-predisposing syndrome
PTEN	P60484	Val249Gly	1	criteria provided, multiple submitters, no conflicts	PTEN hamartoma tumor syndrome|not provided
PTEN	P60484	Lys342Asn	1	criteria provided, single submitter	PTEN hamartoma tumor syndrome|Hepatocellular carcinoma
PAH	P00439	Pro366Ser	1	criteria provided, single submitter	Phenylketonuria
PAH	P00439	Leu287Met	1	criteria provided, single submitter	Phenylketonuria
PAH	P00439	Phe263Leu	1	criteria provided, single submitter	Phenylketonuria
RB1	P06400	Leu400Pro	1	criteria provided, single submitter	Retinoblastoma
FBN1	P35555	Cys1989Ser	1	criteria provided, single submitter	Familial thoracic aortic aneurysm and aortic dissection;Marfan syndrome
FBN1	P35555	Cys1942Ser	1	criteria provided, single submitter	Familial thoracic aortic aneurysm and aortic dissection;Marfan syndrome
FBN1	P35555	Cys1562Phe	1	criteria provided, single submitter	Familial thoracic aortic aneurysm and aortic dissection;Marfan syndrome
FBN1	P35555	Cys1111Gly	1	criteria provided, single submitter	Familial thoracic aortic aneurysm and aortic dissection;Marfan syndrome
FBN1	P35555	Cys696Gly	1	criteria provided, single submitter	Marfan syndrome;Familial thoracic aortic aneurysm and aortic dissection
FBN1	P35555	Gly560Cys	1	criteria provided, single submitter	Familial thoracic aortic aneurysm and aortic dissection;Marfan syndrome
FBN1	P35555	Cys313Phe	1	criteria provided, single submitter	Familial thoracic aortic aneurysm and aortic dissection;Marfan syndrome
TP53	P04637	Arg158Ser	1	criteria provided, single submitter	Li-Fraumeni syndrome|Diffuse pediatric-type high-grade glioma, H3-wildtype and IDH-wildtype
LDLR	P01130	Cys270Trp	1	criteria provided, single submitter	Familial hypercholesterolemia
LDLR	P01130	Cys284Phe	1	criteria provided, multiple submitters, no conflicts	Familial hypercholesterolemia|Cardiovascular phenotype
PAH	P00439	Glu182Lys	1	criteria provided, multiple submitters, no conflicts	Phenylketonuria
FBN1	P35555	Cys2686Phe	1	criteria provided, single submitter	Marfan syndrome;Familial thoracic aortic aneurysm and aortic dissection
FBN1	P35555	Cys2265Ser	1	criteria provided, single submitter	Familial thoracic aortic aneurysm and aortic dissection;Marfan syndrome
FBN1	P35555	Cys2085Gly	1	criteria provided, single submitter	Familial thoracic aortic aneurysm and aortic dissection;Marfan syndrome
FBN1	P35555	Cys1934Trp	1	criteria provided, single submitter	Marfan syndrome;Familial thoracic aortic aneurysm and aortic dissection
FBN1	P35555	Asp1930His	1	criteria provided, single submitter	Marfan syndrome;Familial thoracic aortic aneurysm and aortic dissection
FBN1	P35555	Cys1791Gly	1	criteria provided, multiple submitters, no conflicts	Marfan syndrome;Familial thoracic aortic aneurysm and aortic dissection|Marfan syndrome
FBN1	P35555	Cys1485Gly	1	criteria provided, single submitter	Marfan syndrome;Familial thoracic aortic aneurysm and aortic dissection
FBN1	P35555	Cys1461Tyr	1	criteria provided, single submitter	Familial thoracic aortic aneurysm and aortic dissection;Marfan syndrome
FBN1	P35555	Pro1424Ser	1	criteria provided, single submitter	Marfan syndrome;Familial thoracic aortic aneurysm and aortic dissection
FBN1	P35555	Cys1420Arg	1	criteria provided, single submitter	Marfan syndrome;Familial thoracic aortic aneurysm and aortic dissection
FBN1	P35555	Cys1348Arg	1	criteria provided, single submitter	Marfan syndrome;Familial thoracic aortic aneurysm and aortic dissection
FBN1	P35555	Cys1171Arg	1	criteria provided, single submitter	Familial thoracic aortic aneurysm and aortic dissection;Marfan syndrome
FBN1	P35555	Cys1039Tyr	1	criteria provided, single submitter	Familial thoracic aortic aneurysm and aortic dissection;Marfan syndrome
FBN1	P35555	Asp952Asn	1	criteria provided, single submitter	Marfan syndrome;Familial thoracic aortic aneurysm and aortic dissection
FBN1	P35555	Cys926Arg	1	criteria provided, multiple submitters, no conflicts	Marfan syndrome;Familial thoracic aortic aneurysm and aortic dissection|Marfan syndrome
FBN1	P35555	Cys637Tyr	1	criteria provided, single submitter	Marfan syndrome;Familial thoracic aortic aneurysm and aortic dissection
FBN1	P35555	Cys534Ser	1	criteria provided, single submitter	Marfan syndrome;Familial thoracic aortic aneurysm and aortic dissection
FBN1	P35555	Cys359Phe	1	criteria provided, single submitter	Marfan syndrome;Familial thoracic aortic aneurysm and aortic dissection
COL1A1	P02452	Gly1190Asp	1	criteria provided, single submitter	Osteogenesis imperfecta type I
COL1A1	P02452	Gly1157Asp	1	criteria provided, single submitter	Osteogenesis imperfecta type I
COL1A1	P02452	Gly893Ala	1	criteria provided, single submitter	Osteogenesis imperfecta type I
COL1A1	P02452	Gly335Ser	1	criteria provided, single submitter	Osteogenesis imperfecta type I
COL1A1	P02452	Gly272Ser	1	criteria provided, single submitter	Osteogenesis imperfecta type I
FBN1	P35555	Cys2429Tyr	1	criteria provided, single submitter	Marfan syndrome|Marfan syndrome;Familial thoracic aortic aneurysm and aortic dissection
FBN1	P35555	Cys2470Phe	1	reviewed by expert panel	not specified|Abnormality of connective tissue|Marfan syndrome;Familial thoracic aortic aneurysm and aortic dissection|Marfan syndrome
FBN1	P35555	Cys499Gly	1	criteria provided, single submitter	Marfan syndrome
LDLR	P01130	Cys34Trp	1	criteria provided, single submitter	Hypercholesterolemia, familial, 1
LDLR	P01130	Leu426Arg	1	reviewed by expert panel	Hypercholesterolemia, familial, 1|not provided|Cardiovascular phenotype|Familial hypercholesterolemia
LDLR	P01130	Ser444Phe	1	criteria provided, multiple submitters, no conflicts	Hypercholesterolemia, familial, 1|Familial hypercholesterolemia
CFTR	P13569	Ala1087Pro	1	criteria provided, multiple submitters, no conflicts	not provided|Cystic fibrosis
BRAF	P15056	Phe468Leu	1	criteria provided, single submitter	not provided
FBN1	P35555	Gly1987Asp	1	criteria provided, single submitter	not provided
FBN1	P35555	Cys617Trp	1	criteria provided, single submitter	not provided
ATM	Q13315	Phe858Leu	0	criteria provided, single submitter	Ataxia-telangiectasia syndrome
BRCA1	P38398	Met658Ile	0	criteria provided, single submitter	Hereditary breast ovarian cancer syndrome
COL1A1	P02452	Phe1463Leu	0	criteria provided, multiple submitters, no conflicts	Osteogenesis imperfecta type I|not provided|Cardiovascular phenotype|COL1A1-related disorder
BRCA2	P51587	Gly2748Val	1	reviewed by expert panel	Hereditary cancer-predisposing syndrome|Hereditary breast ovarian cancer syndrome|BRCA2-related cancer predisposition
FBN1	P35555	Ala362Val	0	criteria provided, single submitter	Familial thoracic aortic aneurysm and aortic dissection
TP53	P04637	Leu289Pro	0	reviewed by expert panel	Li-Fraumeni syndrome 1
BRCA2	P51587	Asn1098Tyr	0	criteria provided, single submitter	Malignant tumor of breast|Hereditary cancer-predisposing syndrome
PTEN	P60484	Phe154Cys	1	no assertion criteria provided	not provided
BRCA2	P51587	Thr1738Ile	0	criteria provided, multiple submitters, no conflicts	not provided|Hereditary cancer-predisposing syndrome
BRCA1	P38398	Asp1156Ala	0	criteria provided, single submitter	not provided|Hereditary cancer-predisposing syndrome
PTEN	P60484	Arg173Gly	1	criteria provided, multiple submitters, no conflicts	not provided
FBN1	P35555	Cys1408Gly	1	criteria provided, single submitter	not provided
FBN1	P35555	Cys996Tyr	1	criteria provided, multiple submitters, no conflicts	not provided|Familial thoracic aortic aneurysm and aortic dissection;Marfan syndrome
FBN1	P35555	Cys637Ser	1	no assertion criteria provided	Marfan syndrome
FBN1	P35555	Cys488Gly	1	criteria provided, single submitter	Marfan syndrome
LDLR	P01130	Ile161Asn	1	criteria provided, multiple submitters, no conflicts	Hypercholesterolemia, familial, 1|Familial hypercholesterolemia
PAH	P00439	Gln304Lys	1	reviewed by expert panel	Phenylketonuria
PAH	P00439	Tyr154Cys	1	reviewed by expert panel	Phenylketonuria
FBN1	P35555	Cys2000Phe	1	criteria provided, multiple submitters, no conflicts	not provided|Connective tissue disorder
COL1A1	P02452	Ile1276Asn	1	criteria provided, single submitter	not provided
BRAF	P15056	Lys483Ile	1	criteria provided, single submitter	not provided
PTEN	P60484	Gln171Lys	1	criteria provided, single submitter	not provided
ATM	Q13315	Lys2266Asn	1	criteria provided, single submitter	ATM-related disorder
FBN1	P35555	Cys1812Gly	1	criteria provided, single submitter	not provided
COL1A1	P02452	Gly707Asp	1	criteria provided, single submitter	not provided
COL1A1	P02452	Thr108Ile	0	criteria provided, multiple submitters, no conflicts	not provided|Osteogenesis imperfecta type I
PTEN	P60484	Leu100Phe	1	criteria provided, multiple submitters, no conflicts	not provided|Triple-negative breast cancer
BRCA1	P38398	Ile548Ser	0	criteria provided, single submitter	not provided|Hereditary cancer-predisposing syndrome
BRAF	P15056	Gln709Glu	1	criteria provided, single submitter	not provided
KRAS	P01116	Asn116His	1	criteria provided, single submitter	not provided
COL1A1	P02452	Gly1019Ala	1	criteria provided, single submitter	not provided
FBN1	P35555	Cys683Tyr	1	criteria provided, single submitter	not provided
COL1A1	P02452	Gly677Asp	1	criteria provided, single submitter	not provided
COL1A1	P02452	Gly587Val	1	criteria provided, single submitter	not provided
COL1A1	P02452	Gly755Arg	1	criteria provided, single submitter	not provided
BRCA2	P51587	Pro3067Ser	0	criteria provided, multiple submitters, no conflicts	Hereditary breast ovarian cancer syndrome|Hereditary cancer-predisposing syndrome
CFTR	P13569	Leu973Phe	1	criteria provided, single submitter	Obstructive azoospermia
MLH1	P40692	Met1Leu	1	criteria provided, single submitter	Colonic neoplasm|Hereditary cancer-predisposing syndrome
BRCA1	P38398	Ser308Arg	0	criteria provided, single submitter	Breast-ovarian cancer, familial, susceptibility to, 1
BRCA1	P38398	Ser1486Asn	0	no assertion criteria provided	not provided
LDLR	P01130	Gly805Glu	1	criteria provided, single submitter	not provided|Familial hypercholesterolemia
BRCA1	P38398	Leu1306Phe	0	criteria provided, single submitter	not provided|Hereditary cancer-predisposing syndrome
BRCA2	P51587	Asn1377Ile	0	criteria provided, single submitter	not provided|Hereditary cancer-predisposing syndrome
FBN1	P35555	Pro1148Arg	0	criteria provided, single submitter	not provided
VHL	P40337	Arg82Gly	1	criteria provided, single submitter	Von Hippel-Lindau syndrome|Chuvash polycythemia;Von Hippel-Lindau syndrome
BRCA2	P51587	Pro740Leu	0	criteria provided, single submitter	not provided|Hereditary cancer-predisposing syndrome
FBN1	P35555	Cys557Arg	1	criteria provided, single submitter	Marfan syndrome
FBN1	P35555	Asp2127Gly	1	criteria provided, single submitter	Marfan syndrome
CFTR	P13569	Gly194Arg	1	reviewed by expert panel	Cystic fibrosis|Bronchiectasis with or without elevated sweat chloride 1|CFTR-related disorder
BRAF	P15056	Asn580Asp	1	criteria provided, single submitter	not provided|Pineoblastoma
FBN1	P35555	Thr1342Pro	1	criteria provided, single submitter	not provided
BRAF	P15056	Asn236Lys	1	criteria provided, multiple submitters, no conflicts	not provided|Cardiovascular phenotype
LDLR	P01130	Ser517Phe	1	no assertion criteria provided	Hypercholesterolemia, familial, 1
LDLR	P01130	Gln829His	1	no assertion criteria provided	Hypercholesterolemia, familial, 1
LDLR	P01130	Phe126Leu	1	criteria provided, single submitter	Hypercholesterolemia, familial, 1|Familial hypercholesterolemia
LDLR	P01130	Ser206Arg	1	no assertion criteria provided	Hypercholesterolemia, familial, 1
LDLR	P01130	Gly207Cys	1	no assertion criteria provided	Hypercholesterolemia, familial, 1
LDLR	P01130	Cys243Ser	1	criteria provided, single submitter	Hypercholesterolemia, familial, 1|not provided
LDLR	P01130	Cys255Phe	1	no assertion criteria provided	Hypercholesterolemia, familial, 1
LDLR	P01130	Lys393Thr	1	no assertion criteria provided	Hypercholesterolemia, familial, 1
LDLR	P01130	Trp490Cys	1	criteria provided, single submitter	Hypercholesterolemia, familial, 1|Cardiovascular phenotype
COL1A1	P02452	Gly368Val	1	criteria provided, single submitter	not provided
COL1A1	P02452	Gly194Asp	1	criteria provided, single submitter	not provided
COL1A1	P02452	Gly1094Ala	1	criteria provided, multiple submitters, no conflicts	not provided|Osteogenesis imperfecta
COL1A1	P02452	Gly605Ser	1	criteria provided, single submitter	not provided
FBN1	P35555	Cys1733Arg	1	criteria provided, single submitter	not provided
FBN1	P35555	Gly92Arg	1	criteria provided, multiple submitters, no conflicts	Marfan syndrome;Familial thoracic aortic aneurysm and aortic dissection|Marfan syndrome
FBN1	P35555	Asp1197Gly	1	criteria provided, single submitter	Marfan syndrome
FBN1	P35555	Cys1374Arg	1	criteria provided, single submitter	Marfan syndrome
FBN1	P35555	Cys1374Gly	1	criteria provided, multiple submitters, no conflicts	Marfan syndrome
FBN1	P35555	Cys168Gly	1	criteria provided, single submitter	Marfan syndrome
FBN1	P35555	Cys1470Tyr	1	reviewed by expert panel	Familial thoracic aortic aneurysm and aortic dissection|Marfan syndrome|not provided
FBN1	P35555	Cys1998Ser	1	criteria provided, single submitter	Marfan syndrome
FBN1	P35555	Cys2131Arg	1	criteria provided, single submitter	Marfan syndrome
FBN1	P35555	Cys2137Gly	1	criteria provided, single submitter	Marfan syndrome
FBN1	P35555	Asn2183Lys	1	criteria provided, single submitter	Marfan syndrome
FBN1	P35555	Cys2232Ser	1	criteria provided, single submitter	Marfan syndrome
FBN1	P35555	Cys2429Phe	1	criteria provided, multiple submitters, no conflicts	Marfan syndrome|Marfan syndrome;Familial thoracic aortic aneurysm and aortic dissection
FBN1	P35555	Cys2509Ser	1	criteria provided, single submitter	Marfan syndrome
FBN1	P35555	Cys769Trp	1	criteria provided, single submitter	Marfan syndrome
FBN1	P35555	Cys887Arg	1	criteria provided, single submitter	Marfan syndrome
FBN1	P35555	Cys921Tyr	1	criteria provided, multiple submitters, no conflicts	Marfan syndrome;Familial thoracic aortic aneurysm and aortic dissection|Marfan syndrome
FBN1	P35555	Cys926Ser	1	criteria provided, single submitter	Marfan syndrome
FBN1	P35555	Asp952His	1	criteria provided, single submitter	Marfan syndrome
FBN1	P35555	Cys1044Gly	1	criteria provided, single submitter	Marfan syndrome
FBN1	P35555	Cys1124Gly	1	criteria provided, single submitter	Marfan syndrome
BRCA1	P38398	Pro1445Ala	0	criteria provided, single submitter	Hereditary breast ovarian cancer syndrome
BRAF	P15056	Leu485Trp	1	criteria provided, single submitter	Cardiofaciocutaneous syndrome 1|Low grade glioma
VHL	P40337	Leu201Pro	1	no assertion criteria provided	Von Hippel-Lindau syndrome
COL1A1	P02452	Gly809Ser	1	criteria provided, single submitter	not provided
PAH	P00439	Asp415Tyr	1	reviewed by expert panel	Phenylketonuria
PAH	P00439	Ala202Val	1	reviewed by expert panel	Phenylketonuria
PAH	P00439	Ala434Val	1	reviewed by expert panel	Phenylketonuria
PAH	P00439	Tyr417Cys	1	reviewed by expert panel	Phenylketonuria
PAH	P00439	Tyr417Asp	1	reviewed by expert panel	Phenylketonuria
PAH	P00439	Tyr387Asp	1	reviewed by expert panel	Phenylketonuria
PAH	P00439	Thr372Arg	1	reviewed by expert panel	Phenylketonuria
PAH	P00439	Pro244Ser	1	reviewed by expert panel	Phenylketonuria
PAH	P00439	Phe233Leu	1	reviewed by expert panel	Phenylketonuria
PAH	P00439	Leu227Gln	1	reviewed by expert panel	Phenylketonuria
PAH	P00439	Trp326Ser	1	reviewed by expert panel	Phenylketonuria
PAH	P00439	Ser359Leu	1	reviewed by expert panel	Phenylketonuria
PAH	P00439	Leu369Val	1	reviewed by expert panel	Phenylketonuria
PAH	P00439	Lys361Gln	1	reviewed by expert panel	Phenylketonuria
PAH	P00439	Ala309Thr	1	reviewed by expert panel	Phenylketonuria
BRCA2	P51587	Lys2577Asn	0	no assertion criteria provided	not provided
FBN1	P35555	Cys982Phe	1	criteria provided, single submitter	Familial thoracic aortic aneurysm and aortic dissection
COL1A1	P02452	Gly1178Asp	1	criteria provided, single submitter	not provided
CFTR	P13569	Gln552Pro	1	criteria provided, multiple submitters, no conflicts	Cystic fibrosis
FBN1	P35555	Cys1212Tyr	1	criteria provided, single submitter	Marfan syndrome
COL1A1	P02452	Gly626Asp	1	criteria provided, single submitter	Phenylketonuria
FBN1	P35555	Cys623Ser	1	criteria provided, single submitter	Perrault syndrome 1
FBN1	P35555	Cys1497Trp	1	criteria provided, multiple submitters, no conflicts	Marfan syndrome
FBN1	P35555	Cys1874Phe	1	criteria provided, single submitter	Marfan syndrome
FBN1	P35555	Cys1989Ser	1	criteria provided, single submitter	Marfan syndrome
FBN1	P35555	Cys1998Phe	1	criteria provided, single submitter	Marfan syndrome
FBN1	P35555	Val2606Asp	1	criteria provided, single submitter	Marfan syndrome
COL1A1	P02452	Leu1389Pro	1	criteria provided, single submitter	Osteogenesis imperfecta type I
COL1A1	P02452	Asp1413Gly	1	no assertion criteria provided	Osteogenesis imperfecta, perinatal lethal
COL1A1	P02452	Gly1106Cys	1	no assertion criteria provided	Osteogenesis imperfecta, perinatal lethal
CFTR	P13569	Gly551Val	1	criteria provided, single submitter	Cystic fibrosis
COL1A1	P02452	Gly956Ala	1	criteria provided, single submitter	Osteogenesis imperfecta with normal sclerae, dominant form
FBN1	P35555	Asn1046Ser	1	criteria provided, multiple submitters, no conflicts	Marfan syndrome|not provided|Familial thoracic aortic aneurysm and aortic dissection;Marfan syndrome|8 conditions
COL1A1	P02452	Gly431Val	1	criteria provided, single submitter	Osteogenesis imperfecta, perinatal lethal
LDLR	P01130	Ser586Pro	1	criteria provided, single submitter	Hypercholesterolemia, familial, 1
PTEN	P60484	Gly36Arg	1	reviewed by expert panel	Cowden syndrome 1;Macrocephaly-autism syndrome|PTEN hamartoma tumor syndrome|Hereditary cancer-predisposing syndrome|Cowden syndrome 1|Neoplasm
MLH1	P40692	Ser295Ile	1	criteria provided, single submitter	Hereditary cancer-predisposing syndrome|Adrenal cortex carcinoma
FBN1	P35555	Gly1301Asp	1	criteria provided, single submitter	not provided
PTEN	P60484	Lys125Glu	1	reviewed by expert panel	not provided|PTEN hamartoma tumor syndrome|Cowden syndrome 1|Hereditary cancer-predisposing syndrome|PTEN-related disorder
COL1A1	P02452	Gly686Ser	1	no assertion criteria provided	Osteogenesis imperfecta, perinatal lethal
COL1A1	P02452	Gly779Val	1	no assertion criteria provided	Osteogenesis imperfecta, perinatal lethal
COL1A1	P02452	Cys1291Gly	1	criteria provided, single submitter	Osteogenesis imperfecta
COL1A1	P02452	Gly860Glu	1	criteria provided, single submitter	Osteogenesis imperfecta|COL1A1-related disorder
APOE	P02649	Gly183Ala	1	criteria provided, single submitter	Familial type 3 hyperlipoproteinemia
COL1A1	P02452	Gly482Arg	1	criteria provided, multiple submitters, no conflicts	not provided|8 conditions
FBN1	P35555	Asp723Gly	1	criteria provided, multiple submitters, no conflicts	not provided|Marfan syndrome
FBN1	P35555	Cys576Arg	1	criteria provided, single submitter	not provided
COL1A1	P02452	Gly1022Cys	1	no assertion criteria provided	Osteogenesis imperfecta type III
MSH2	P43246	Leu440Arg	1	criteria provided, multiple submitters, no conflicts	Hereditary nonpolyposis colorectal neoplasms|Hereditary cancer-predisposing syndrome|Lynch syndrome 1
FBN1	P35555	Cys763Trp	1	criteria provided, single submitter	Familial thoracic aortic aneurysm and aortic dissection;Marfan syndrome
FBN1	P35555	Cys2176Trp	1	criteria provided, single submitter	Familial thoracic aortic aneurysm and aortic dissection;Marfan syndrome
PAH	P00439	Gly171Arg	1	criteria provided, single submitter	Phenylketonuria
FBN1	P35555	Cys1124Ser	1	criteria provided, single submitter	Marfan syndrome;Familial thoracic aortic aneurysm and aortic dissection
COL1A1	P02452	Gly1157Ser	1	criteria provided, multiple submitters, no conflicts	Osteogenesis imperfecta type I
PAH	P00439	His107Pro	1	criteria provided, single submitter	Phenylketonuria
COL1A1	P02452	Cys61Trp	1	criteria provided, single submitter	Osteogenesis imperfecta type I
COL1A1	P02452	Gly380Ala	1	criteria provided, single submitter	Osteogenesis imperfecta type I
FBN1	P35555	Cys1534Arg	1	criteria provided, single submitter	Marfan syndrome;Familial thoracic aortic aneurysm and aortic dissection
COL1A1	P02452	Pro211Leu	0	criteria provided, single submitter	Osteogenesis imperfecta type I
FBN1	P35555	Asp1028Val	1	criteria provided, single submitter	Familial thoracic aortic aneurysm and aortic dissection;Marfan syndrome
PAH	P00439	Asp296Asn	1	criteria provided, single submitter	Phenylketonuria
COL1A1	P02452	Gly320Cys	1	criteria provided, single submitter	Osteogenesis imperfecta type I
FBN1	P35555	Cys150Tyr	1	criteria provided, single submitter	Marfan syndrome;Familial thoracic aortic aneurysm and aortic dissection
FBN1	P35555	Cys2070Tyr	1	criteria provided, multiple submitters, no conflicts	Marfan syndrome;Familial thoracic aortic aneurysm and aortic dissection|Familial thoracic aortic aneurysm and aortic dissection
FBN1	P35555	Gly1838Arg	1	criteria provided, single submitter	Familial thoracic aortic aneurysm and aortic dissection;Marfan syndrome
FBN1	P35555	Cys598Gly	1	criteria provided, single submitter	Familial thoracic aortic aneurysm and aortic dissection;Marfan syndrome
VHL	P40337	Ser65Thr	1	criteria provided, single submitter	Von Hippel-Lindau syndrome;Chuvash polycythemia
FBN1	P35555	Cys2470Ser	1	criteria provided, single submitter	Marfan syndrome;Familial thoracic aortic aneurysm and aortic dissection
ATM	Q13315	Lys2717Thr	1	reviewed by expert panel	Ataxia-telangiectasia syndrome|Hereditary cancer-predisposing syndrome|ATM-related cancer predisposition
FBN1	P35555	Gly676Cys	1	criteria provided, single submitter	Familial thoracic aortic aneurysm and aortic dissection;Marfan syndrome
VHL	P40337	Asn131Tyr	1	criteria provided, multiple submitters, no conflicts	Chuvash polycythemia;Von Hippel-Lindau syndrome|Von Hippel-Lindau syndrome
COL1A1	P02452	Gly209Ser	1	criteria provided, single submitter	Osteogenesis imperfecta type I
ATM	Q13315	Ser2855Ile	1	criteria provided, single submitter	Ataxia-telangiectasia syndrome
FBN1	P35555	Cys639Phe	1	criteria provided, single submitter	Marfan syndrome;Familial thoracic aortic aneurysm and aortic dissection
FBN1	P35555	Cys2528Ser	1	criteria provided, single submitter	Marfan syndrome;Familial thoracic aortic aneurysm and aortic dissection
FBN1	P35555	Cys1117Arg	1	criteria provided, single submitter	Marfan syndrome;Familial thoracic aortic aneurysm and aortic dissection
MSH2	P43246	Ala207Val	0	criteria provided, multiple submitters, no conflicts	Hereditary nonpolyposis colorectal neoplasms|Hereditary cancer-predisposing syndrome
MSH2	P43246	Ile217Val	0	criteria provided, single submitter	Hereditary nonpolyposis colorectal neoplasms
PAH	P00439	Ala313Glu	1	criteria provided, single submitter	Phenylketonuria
FBN1	P35555	Cys617Ser	1	criteria provided, single submitter	Familial thoracic aortic aneurysm and aortic dissection;Marfan syndrome
FBN1	P35555	Cys1008Ser	1	criteria provided, single submitter	Marfan syndrome;Familial thoracic aortic aneurysm and aortic dissection
FBN1	P35555	Cys628Arg	1	criteria provided, single submitter	Marfan syndrome;Familial thoracic aortic aneurysm and aortic dissection
LDLR	P01130	Cys698Ser	1	criteria provided, multiple submitters, no conflicts	Familial hypercholesterolemia
PAH	P00439	Asp222Glu	1	criteria provided, single submitter	Phenylketonuria
PAH	P00439	Ile269Val	1	criteria provided, single submitter	Phenylketonuria
FBN1	P35555	Cys1221Ser	1	criteria provided, single submitter	Marfan syndrome;Familial thoracic aortic aneurysm and aortic dissection
FBN1	P35555	Cys1513Phe	1	criteria provided, single submitter	Marfan syndrome;Familial thoracic aortic aneurysm and aortic dissection
FBN1	P35555	Cys204Arg	1	criteria provided, single submitter	Familial thoracic aortic aneurysm and aortic dissection;Marfan syndrome
COL1A1	P02452	Gly641Arg	1	criteria provided, multiple submitters, no conflicts	Osteogenesis imperfecta type I|not provided
FBN1	P35555	Arg2220Pro	1	criteria provided, single submitter	Familial thoracic aortic aneurysm and aortic dissection;Marfan syndrome
PAH	P00439	Lys42Arg	1	criteria provided, multiple submitters, no conflicts	Phenylketonuria
COL1A1	P02452	Glu1328Lys	0	criteria provided, single submitter	Osteogenesis imperfecta type I
FBN1	P35555	Cys727Ser	1	criteria provided, single submitter	Familial thoracic aortic aneurysm and aortic dissection;Marfan syndrome
FBN1	P35555	Cys1876Trp	1	criteria provided, single submitter	Marfan syndrome;Familial thoracic aortic aneurysm and aortic dissection
MSH2	P43246	Arg737Lys	1	criteria provided, single submitter	Hereditary nonpolyposis colorectal neoplasms
FBN1	P35555	Cys1284Ser	1	criteria provided, single submitter	Familial thoracic aortic aneurysm and aortic dissection;Marfan syndrome
COL1A1	P02452	Gly530Cys	1	criteria provided, single submitter	Osteogenesis imperfecta type I
FBN1	P35555	Cys557Trp	1	criteria provided, multiple submitters, no conflicts	Marfan syndrome;Familial thoracic aortic aneurysm and aortic dissection|Familial thoracic aortic aneurysm and aortic dissection
PAH	P00439	Asp145Glu	1	criteria provided, single submitter	Phenylketonuria
FBN1	P35555	Cys2413Tyr	1	criteria provided, single submitter	Familial thoracic aortic aneurysm and aortic dissection;Marfan syndrome
COL1A1	P02452	Pro1305Leu	0	criteria provided, single submitter	Osteogenesis imperfecta type I
ATM	Q13315	Pro2829Ser	1	criteria provided, single submitter	Ataxia-telangiectasia syndrome
PTEN	P60484	Leu112Val	1	reviewed by expert panel	PTEN hamartoma tumor syndrome|Hereditary cancer-predisposing syndrome|Prostate cancer, hereditary, 1|Neoplasm
FBN1	P35555	Cys1977Ser	1	criteria provided, single submitter	Familial thoracic aortic aneurysm and aortic dissection;Marfan syndrome
COL1A1	P02452	Gly491Ser	1	criteria provided, multiple submitters, no conflicts	Osteogenesis imperfecta type I|Osteogenesis imperfecta type III
FBN1	P35555	Cys2581Ser	1	criteria provided, single submitter	Familial thoracic aortic aneurysm and aortic dissection;Marfan syndrome
COL1A1	P02452	Pro927Ser	0	criteria provided, single submitter	Osteogenesis imperfecta type I
PAH	P00439	Thr186Ile	1	reviewed by expert panel	Phenylketonuria
MLH1	P40692	Gly65Arg	1	criteria provided, single submitter	Hereditary nonpolyposis colorectal neoplasms
FBN1	P35555	Cys1472Ser	1	criteria provided, single submitter	Marfan syndrome;Familial thoracic aortic aneurysm and aortic dissection
COL1A1	P02452	Gly593Ala	1	criteria provided, single submitter	Osteogenesis imperfecta type I
COL1A1	P02452	Gly233Glu	1	criteria provided, single submitter	Osteogenesis imperfecta type I
FBN1	P35555	Cys790Arg	1	criteria provided, single submitter	Familial thoracic aortic aneurysm and aortic dissection;Marfan syndrome
COL1A1	P02452	Gly263Glu	1	criteria provided, single submitter	Osteogenesis imperfecta type I
LDLR	P01130	Gly335Cys	1	reviewed by expert panel	Familial hypercholesterolemia|Hypercholesterolemia, familial, 1|Cardiovascular phenotype
COL1A1	P02452	Gly257Arg	1	criteria provided, single submitter	Osteogenesis imperfecta type I
FBN1	P35555	Cys129Phe	1	criteria provided, single submitter	Marfan syndrome;Familial thoracic aortic aneurysm and aortic dissection
FBN1	P35555	Trp854Cys	1	criteria provided, single submitter	Familial thoracic aortic aneurysm and aortic dissection;Marfan syndrome
FBN1	P35555	Cys711Ser	1	criteria provided, single submitter	Familial thoracic aortic aneurysm and aortic dissection;Marfan syndrome
FBN1	P35555	Cys1374Tyr	1	criteria provided, multiple submitters, no conflicts	Familial thoracic aortic aneurysm and aortic dissection;Marfan syndrome|8 conditions|not provided
FBN1	P35555	Cys896Tyr	1	criteria provided, single submitter	Marfan syndrome;Familial thoracic aortic aneurysm and aortic dissection
PAH	P00439	Arg53Ser	1	criteria provided, single submitter	Phenylketonuria
PTEN	P60484	Ala39Thr	1	reviewed by expert panel	PTEN hamartoma tumor syndrome|Hereditary cancer-predisposing syndrome
COL1A1	P02452	Arg685His	0	criteria provided, single submitter	Osteogenesis imperfecta type I
COL1A1	P02452	Met1Ile	1	criteria provided, single submitter	Osteogenesis imperfecta type I
FBN1	P35555	Cys2652Ser	1	criteria provided, single submitter	Marfan syndrome;Familial thoracic aortic aneurysm and aortic dissection
FBN1	P35555	Cys2221Trp	1	criteria provided, single submitter	Marfan syndrome;Familial thoracic aortic aneurysm and aortic dissection
PAH	P00439	Pro211Gln	1	criteria provided, multiple submitters, no conflicts	Phenylketonuria
FBN1	P35555	Asp1155Gly	1	criteria provided, single submitter	Familial thoracic aortic aneurysm and aortic dissection;Marfan syndrome
LDLR	P01130	Leu15Arg	1	criteria provided, single submitter	Familial hypercholesterolemia
BRCA2	P51587	Tyr2726Asn	1	criteria provided, single submitter	Hereditary breast ovarian cancer syndrome
FBN1	P35555	Cys168Ser	1	criteria provided, single submitter	Marfan syndrome;Familial thoracic aortic aneurysm and aortic dissection
FBN1	P35555	Cys887Ser	1	criteria provided, single submitter	Marfan syndrome;Familial thoracic aortic aneurysm and aortic dissection
FBN1	P35555	Asp1404His	1	criteria provided, single submitter	Marfan syndrome;Familial thoracic aortic aneurysm and aortic dissection
COL1A1	P02452	Gly209Asp	1	criteria provided, single submitter	Osteogenesis imperfecta type I
COL1A1	P02452	Gly815Ala	1	criteria provided, multiple submitters, no conflicts	Osteogenesis imperfecta type I|COL1A1-related disorder
FBN1	P35555	Cys541Gly	1	criteria provided, single submitter	Familial thoracic aortic aneurysm and aortic dissection;Marfan syndrome
COL1A1	P02452	Gly851Ala	1	criteria provided, single submitter	Osteogenesis imperfecta type I
FBN1	P35555	Cys1242Arg	1	criteria provided, single submitter	Marfan syndrome;Familial thoracic aortic aneurysm and aortic dissection
FBN1	P35555	Pro2233His	1	criteria provided, single submitter	Familial thoracic aortic aneurysm and aortic dissection;Marfan syndrome
COL1A1	P02452	Gly1448Asp	1	criteria provided, single submitter	Osteogenesis imperfecta type I
FBN1	P35555	Glu726Gln	1	criteria provided, single submitter	Familial thoracic aortic aneurysm and aortic dissection;Marfan syndrome
ATM	Q13315	Trp412Ser	1	criteria provided, single submitter	Ataxia-telangiectasia syndrome
FBN1	P35555	Cys1947Ser	1	criteria provided, single submitter	Marfan syndrome;Familial thoracic aortic aneurysm and aortic dissection
FBN1	P35555	Cys2663Phe	1	criteria provided, single submitter	Marfan syndrome;Familial thoracic aortic aneurysm and aortic dissection
PAH	P00439	Gly103Asp	1	criteria provided, single submitter	Phenylketonuria
FBN1	P35555	Cys1444Ser	1	criteria provided, single submitter	Marfan syndrome;Familial thoracic aortic aneurysm and aortic dissection
PAH	P00439	Arg241Ser	1	criteria provided, single submitter	Phenylketonuria
COL1A1	P02452	Gly266Arg	1	criteria provided, multiple submitters, no conflicts	Osteogenesis imperfecta type I|not provided
FBN1	P35555	Cys1221Arg	1	criteria provided, single submitter	Marfan syndrome;Familial thoracic aortic aneurysm and aortic dissection
FBN1	P35555	Cys1461Arg	1	criteria provided, single submitter	Marfan syndrome;Familial thoracic aortic aneurysm and aortic dissection
MLH1	P40692	Ala21Pro	1	criteria provided, single submitter	Hereditary nonpolyposis colorectal neoplasms
FBN1	P35555	Cys2164Gly	1	criteria provided, multiple submitters, no conflicts	Familial thoracic aortic aneurysm and aortic dissection;Marfan syndrome|FBN1-related disorder
FBN1	P35555	Cys1195Gly	1	criteria provided, single submitter	Marfan syndrome;Familial thoracic aortic aneurysm and aortic dissection
FBN1	P35555	Cys1348Phe	1	criteria provided, single submitter	Familial thoracic aortic aneurysm and aortic dissection;Marfan syndrome
PAH	P00439	Ala309Ser	1	criteria provided, single submitter	Phenylketonuria
PAH	P00439	Gly312Val	1	reviewed by expert panel	Phenylketonuria
PAH	P00439	Pro281Arg	1	criteria provided, single submitter	Phenylketonuria
FBN1	P35555	Cys876Trp	1	criteria provided, single submitter	Marfan syndrome;Familial thoracic aortic aneurysm and aortic dissection
FBN1	P35555	Cys950Arg	1	criteria provided, single submitter	Marfan syndrome;Familial thoracic aortic aneurysm and aortic dissection
FBN1	P35555	Cys1914Gly	1	criteria provided, single submitter	Familial thoracic aortic aneurysm and aortic dissection;Marfan syndrome
COL1A1	P02452	Met1Leu	1	criteria provided, single submitter	Osteogenesis imperfecta type I
FBN1	P35555	Cys2142Arg	1	criteria provided, single submitter	Marfan syndrome;Familial thoracic aortic aneurysm and aortic dissection
PTEN	P60484	Met1Ile	1	criteria provided, single submitter	PTEN hamartoma tumor syndrome
FBN1	P35555	Cys582Arg	1	criteria provided, single submitter	Marfan syndrome;Familial thoracic aortic aneurysm and aortic dissection
COL1A1	P02452	Gly218Arg	1	criteria provided, single submitter	Osteogenesis imperfecta type I
COL1A1	P02452	Gly830Asp	1	criteria provided, multiple submitters, no conflicts	Osteogenesis imperfecta type I|Osteogenesis imperfecta
FBN1	P35555	Cys1236Gly	1	criteria provided, single submitter	Familial thoracic aortic aneurysm and aortic dissection;Marfan syndrome
COL1A1	P02452	Glu1395Lys	0	criteria provided, single submitter	Osteogenesis imperfecta type I
COL1A1	P02452	Gly218Cys	1	criteria provided, multiple submitters, no conflicts	Osteogenesis imperfecta type I|Combined osteogenesis imperfecta and Ehlers-Danlos syndrome 1
FBN1	P35555	Cys336Tyr	1	criteria provided, single submitter	Marfan syndrome;Familial thoracic aortic aneurysm and aortic dissection
LDLR	P01130	Cys696Phe	1	criteria provided, multiple submitters, no conflicts	Familial hypercholesterolemia|Cardiovascular phenotype
BRCA2	P51587	Gln2829Pro	1	criteria provided, multiple submitters, no conflicts	Hereditary breast ovarian cancer syndrome|not provided
COL1A1	P02452	Lys759Thr	0	criteria provided, single submitter	Osteogenesis imperfecta type I
PAH	P00439	His201Gln	1	reviewed by expert panel	Phenylketonuria
FBN1	P35555	Cys59Arg	1	criteria provided, single submitter	Marfan syndrome;Familial thoracic aortic aneurysm and aortic dissection
FBN1	P35555	Glu2527Gln	1	criteria provided, single submitter	Familial thoracic aortic aneurysm and aortic dissection;Marfan syndrome
COL1A1	P02452	Gly641Ala	1	criteria provided, single submitter	Osteogenesis imperfecta type I
COL1A1	P02452	Gly305Ser	1	criteria provided, single submitter	Osteogenesis imperfecta type I
FBN1	P35555	Gly1206Cys	1	criteria provided, single submitter	Marfan syndrome;Familial thoracic aortic aneurysm and aortic dissection
RB1	P06400	Ile415Leu	0	criteria provided, multiple submitters, no conflicts	Retinoblastoma|Hereditary cancer-predisposing syndrome
PTEN	P60484	Asn48Ser	1	criteria provided, multiple submitters, no conflicts	PTEN hamartoma tumor syndrome|Cowden syndrome 1|not provided
FBN1	P35555	Ala1728Pro	1	criteria provided, single submitter	Marfan syndrome;Familial thoracic aortic aneurysm and aortic dissection
FBN1	P35555	Cys596Arg	1	criteria provided, single submitter	Marfan syndrome;Familial thoracic aortic aneurysm and aortic dissection
FBN1	P35555	Cys570Ser	1	criteria provided, single submitter	Marfan syndrome;Familial thoracic aortic aneurysm and aortic dissection
FBN1	P35555	Gly544Arg	1	criteria provided, single submitter	Marfan syndrome;Familial thoracic aortic aneurysm and aortic dissection
FBN1	P35555	Cys555Trp	1	criteria provided, single submitter	Familial thoracic aortic aneurysm and aortic dissection;Marfan syndrome
FBN1	P35555	Cys1265Phe	1	criteria provided, single submitter	Marfan syndrome;Familial thoracic aortic aneurysm and aortic dissection
FBN1	P35555	Cys1180Arg	1	criteria provided, single submitter	Familial thoracic aortic aneurysm and aortic dissection;Marfan syndrome
MLH1	P40692	Asp41Asn	1	criteria provided, single submitter	Hereditary nonpolyposis colorectal neoplasms
COL1A1	P02452	Gly734Ser	1	criteria provided, single submitter	Osteogenesis imperfecta type I
ATM	Q13315	Thr2666Ile	1	criteria provided, single submitter	Ataxia-telangiectasia syndrome
FBN1	P35555	Gly1091Trp	1	criteria provided, single submitter	Familial thoracic aortic aneurysm and aortic dissection;Marfan syndrome
FBN1	P35555	Asp2569Gly	1	criteria provided, single submitter	Familial thoracic aortic aneurysm and aortic dissection;Marfan syndrome
MSH2	P43246	Gly614Arg	0	criteria provided, single submitter	Hereditary nonpolyposis colorectal neoplasms
CFTR	P13569	Phe311Leu	1	criteria provided, single submitter	Cystic fibrosis
COL1A1	P02452	Gly983Ser	1	criteria provided, single submitter	Osteogenesis imperfecta type I
PAH	P00439	Ala156Gly	1	criteria provided, single submitter	Phenylketonuria
FBN1	P35555	Gln907His	0	criteria provided, single submitter	Familial thoracic aortic aneurysm and aortic dissection;Marfan syndrome
FBN1	P35555	Cys67Arg	1	reviewed by expert panel	Familial thoracic aortic aneurysm and aortic dissection;Marfan syndrome|Familial thoracic aortic aneurysm and aortic dissection|Marfan syndrome
FBN1	P35555	Cys1444Trp	1	criteria provided, single submitter	Marfan syndrome;Familial thoracic aortic aneurysm and aortic dissection
LDLR	P01130	Cys261Ser	1	criteria provided, multiple submitters, no conflicts	Familial hypercholesterolemia|Cardiovascular phenotype
PAH	P00439	Glu205Gly	1	criteria provided, single submitter	Phenylketonuria
FBN1	P35555	Cys862Ser	1	criteria provided, single submitter	Familial thoracic aortic aneurysm and aortic dissection;Marfan syndrome
COL1A1	P02452	Gly203Arg	1	criteria provided, multiple submitters, no conflicts	Osteogenesis imperfecta type I|not provided
FBN1	P35555	Trp71Gly	1	criteria provided, single submitter	Familial thoracic aortic aneurysm and aortic dissection;Marfan syndrome
PAH	P00439	Ala156Val	1	criteria provided, single submitter	Phenylketonuria
FBN1	P35555	Cys2024Phe	1	criteria provided, single submitter	Familial thoracic aortic aneurysm and aortic dissection;Marfan syndrome
FBN1	P35555	Asp2129Val	1	criteria provided, single submitter	Familial thoracic aortic aneurysm and aortic dissection;Marfan syndrome
FBN1	P35555	Cys2084Ser	1	criteria provided, single submitter	Familial thoracic aortic aneurysm and aortic dissection;Marfan syndrome
LDLR	P01130	Val436Glu	1	criteria provided, multiple submitters, no conflicts	Familial hypercholesterolemia|Cardiovascular phenotype
FBN1	P35555	Ala2783Asp	1	criteria provided, single submitter	Familial thoracic aortic aneurysm and aortic dissection;Marfan syndrome
FBN1	P35555	Cys1491Arg	1	criteria provided, single submitter	Marfan syndrome;Familial thoracic aortic aneurysm and aortic dissection
COL1A1	P02452	Gly311Arg	1	criteria provided, single submitter	Osteogenesis imperfecta type I
FBN1	P35555	Leu2671Pro	1	criteria provided, single submitter	Familial thoracic aortic aneurysm and aortic dissection;Marfan syndrome|Marfan syndrome
COL1A1	P02452	Pro691Leu	0	criteria provided, single submitter	Osteogenesis imperfecta type I
FBN1	P35555	Pro785His	1	criteria provided, single submitter	Marfan syndrome
COL1A1	P02452	Gly227Glu	1	criteria provided, single submitter	Osteogenesis imperfecta type I
BRCA2	P51587	Gln1507His	0	criteria provided, multiple submitters, no conflicts	Hereditary breast ovarian cancer syndrome|Hereditary cancer-predisposing syndrome
BRCA2	P51587	Glu2947Lys	0	criteria provided, multiple submitters, no conflicts	Hereditary breast ovarian cancer syndrome|Hereditary cancer-predisposing syndrome
COL1A1	P02452	Ala1042Thr	0	criteria provided, multiple submitters, no conflicts	Osteogenesis imperfecta type I|COL1A1-related disorder|Cardiovascular phenotype
ATM	Q13315	Met1321Ile	0	criteria provided, single submitter	Ataxia-telangiectasia syndrome
FBN1	P35555	Cys734Arg	1	criteria provided, single submitter	8 conditions
COL1A1	P02452	Gly920Ser	1	criteria provided, single submitter	Osteogenesis imperfecta
KRAS	P01116	Gly77Cys	1	criteria provided, single submitter	Noonan syndrome 3
COL1A1	P02452	Gly467Arg	1	criteria provided, multiple submitters, no conflicts	Osteogenesis imperfecta, perinatal lethal|Osteogenesis imperfecta
RB1	P06400	Leu220Val	1	criteria provided, single submitter	not provided
FBN1	P35555	Cys1687Arg	1	criteria provided, single submitter	not provided
COL1A1	P02452	Ser1199Gly	0	criteria provided, multiple submitters, no conflicts	not provided|Osteogenesis imperfecta type I
COL1A1	P02452	Gly602Arg	1	criteria provided, multiple submitters, no conflicts	not provided
ATM	Q13315	His1568Leu	0	criteria provided, single submitter	Hereditary breast ovarian cancer syndrome|Familial prostate cancer
ATM	Q13315	Trp488Arg	0	criteria provided, single submitter	Hereditary breast ovarian cancer syndrome
BRCA1	P38398	Leu218Val	0	criteria provided, single submitter	not specified|Breast-ovarian cancer, familial, susceptibility to, 1
BRCA2	P51587	Thr1915Lys	0	criteria provided, single submitter	not specified
BRCA2	P51587	Lys2577Asn	0	criteria provided, single submitter	not specified
CFTR	P13569	Asn1303Tyr	1	criteria provided, single submitter	Hereditary pancreatitis
COL1A1	P02452	Gly878Ala	1	criteria provided, single submitter	Infantile cortical hyperostosis
COL1A1	P02452	Gly578Asp	1	criteria provided, single submitter	Infantile cortical hyperostosis|Sarcoma
COL1A1	P02452	Gly296Val	1	criteria provided, single submitter	Infantile cortical hyperostosis
FBN1	P35555	Cys2541Trp	1	criteria provided, single submitter	Acromicric dysplasia
BRAF	P15056	Trp531Arg	1	criteria provided, multiple submitters, no conflicts	Colorectal cancer|not provided|RASopathy|BRAF-related disorder
CFTR	P13569	Gly178Arg	1	criteria provided, single submitter	Hereditary pancreatitis
COL1A1	P02452	Gly398Arg	1	criteria provided, single submitter	Infantile cortical hyperostosis
LDLR	P01130	Asp36Tyr	1	criteria provided, single submitter	Hypercholesterolemia, familial, 1
PTEN	P60484	Met1Thr	1	criteria provided, single submitter	Cowden syndrome 1
BRCA2	P51587	Asp2983Val	0	reviewed by expert panel	not specified|Ovarian cancer|BRCA2-related cancer predisposition
BRCA2	P51587	Val1078Gly	0	criteria provided, single submitter	Familial cancer of breast|Hereditary cancer-predisposing syndrome
BRCA1	P38398	Tyr179Phe	0	criteria provided, single submitter	Familial cancer of breast|Hereditary breast ovarian cancer syndrome
BRCA2	P51587	Asp438Val	0	criteria provided, single submitter	Familial cancer of breast|Hereditary cancer-predisposing syndrome
VHL	P40337	Asp197Asn	1	criteria provided, single submitter	Von Hippel-Lindau syndrome
FBN1	P35555	Cys102Tyr	1	criteria provided, multiple submitters, no conflicts	Marfan syndrome|Familial thoracic aortic aneurysm and aortic dissection
FBN1	P35555	Cys2295Ser	1	criteria provided, single submitter	FBN1-related disorder
FBN1	P35555	Cys2418Ser	1	criteria provided, single submitter	Marfan syndrome
PTEN	P60484	Lys66Asn	1	reviewed by expert panel	not provided|See cases|PTEN hamartoma tumor syndrome
PAH	P00439	Gly307Asp	1	reviewed by expert panel	Phenylketonuria
PAH	P00439	Leu333Pro	1	reviewed by expert panel	Phenylketonuria
PAH	P00439	Glu66Lys	1	reviewed by expert panel	Phenylketonuria
PAH	P00439	Asp415Val	1	reviewed by expert panel	Phenylketonuria
KRAS	P01116	Ala18Val	1	criteria provided, single submitter	Noonan syndrome 3
RB1	P06400	Phe760Ser	1	criteria provided, single submitter	Retinoblastoma
FBN1	P35555	Cys1958Tyr	1	criteria provided, single submitter	not provided
PTEN	P60484	Tyr46His	1	criteria provided, single submitter	not provided
FBN1	P35555	Cys921Ser	1	criteria provided, single submitter	not provided
COL1A1	P02452	Gly1070Asp	1	criteria provided, single submitter	Osteogenesis imperfecta
COL1A1	P02452	Gly194Arg	1	criteria provided, single submitter	Osteogenesis imperfecta
COL1A1	P02452	Gly368Cys	1	criteria provided, single submitter	Osteogenesis imperfecta
COL1A1	P02452	Gly650Arg	1	criteria provided, single submitter	Osteogenesis imperfecta
COL1A1	P02452	Gly692Cys	1	criteria provided, single submitter	Osteogenesis imperfecta
COL1A1	P02452	Gly836Asp	1	criteria provided, single submitter	Osteogenesis imperfecta
COL1A1	P02452	Gly623Ser	1	criteria provided, single submitter	Osteogenesis imperfecta, perinatal lethal
COL1A1	P02452	Gly386Arg	1	criteria provided, single submitter	Osteogenesis imperfecta
FBN1	P35555	Cys1674Ser	1	criteria provided, single submitter	Marfan Syndrome/Loeys-Dietz Syndrome/Familial Thoracic Aortic Aneurysms and Dissections
LDLR	P01130	Asp433Val	1	no assertion criteria provided	Abnormal circulating lipid concentration
FBN1	P35555	Cys570Ser	1	criteria provided, single submitter	Ectopia lentis 1, isolated, autosomal dominant
CFTR	P13569	Ile506Asn	1	criteria provided, single submitter	Cystic fibrosis
CFTR	P13569	Asp579His	1	criteria provided, single submitter	Cystic fibrosis
CFTR	P13569	Trp1098Leu	1	criteria provided, single submitter	Cystic fibrosis
CFTR	P13569	Asp1270Val	1	criteria provided, single submitter	Cystic fibrosis
CFTR	P13569	Glu403Asp	1	criteria provided, single submitter	Cystic fibrosis
CFTR	P13569	Tyr563Cys	1	criteria provided, multiple submitters, no conflicts	Cystic fibrosis
CFTR	P13569	Leu69Arg	1	criteria provided, single submitter	Cystic fibrosis
CFTR	P13569	Ala107Gly	1	criteria provided, single submitter	Cystic fibrosis
PTEN	P60484	His141Leu	1	criteria provided, multiple submitters, no conflicts	Cowden syndrome 1;Macrocephaly-autism syndrome|PTEN hamartoma tumor syndrome
COL1A1	P02452	Gly1016Glu	1	criteria provided, single submitter	See cases
FBN1	P35555	Tyr1699Asp	1	criteria provided, single submitter	not provided
BRCA1	P38398	Arg1243Thr	0	criteria provided, multiple submitters, no conflicts	Hereditary cancer-predisposing syndrome|Familial cancer of breast
BRCA2	P51587	Ser3250Leu	0	criteria provided, single submitter	Familial cancer of breast
BRCA1	P38398	Pro1020Ser	0	criteria provided, multiple submitters, no conflicts	Hereditary cancer-predisposing syndrome|Familial cancer of breast
COL1A1	P02452	Gly1145Val	1	criteria provided, single submitter	Osteogenesis imperfecta, perinatal lethal
BRCA2	P51587	Glu1353Asp	0	criteria provided, multiple submitters, no conflicts	Hereditary cancer-predisposing syndrome|Familial cancer of breast
FBN1	P35555	Cys1182Ser	1	criteria provided, single submitter	not provided
LDLR	P01130	Asp227Gly	1	no assertion criteria provided	Hypercholesterolemia, familial, 1
FBN1	P35555	Cys1914Tyr	1	criteria provided, multiple submitters, no conflicts	Marfan syndrome|Familial thoracic aortic aneurysm and aortic dissection
COL1A1	P02452	Gly203Ala	1	criteria provided, single submitter	Osteogenesis imperfecta
FBN1	P35555	Asp1930Gly	1	criteria provided, multiple submitters, no conflicts	not provided|Marfan syndrome;Familial thoracic aortic aneurysm and aortic dissection
FBN1	P35555	Gly1762Cys	1	criteria provided, single submitter	Acromicric dysplasia
BRCA1	P38398	Ala108Ser	0	criteria provided, single submitter	Hereditary cancer-predisposing syndrome
BRCA1	P38398	Gly1184Arg	0	criteria provided, multiple submitters, no conflicts	Hereditary cancer-predisposing syndrome
COL1A1	P02452	Gly1187Cys	1	criteria provided, single submitter	Cardiovascular phenotype
ATM	Q13315	Ser1306Gly	0	criteria provided, single submitter	Hereditary cancer-predisposing syndrome
BRCA2	P51587	Asn1363His	0	criteria provided, multiple submitters, no conflicts	Hereditary cancer-predisposing syndrome
TP53	P04637	Glu388Asp	0	criteria provided, single submitter	Hereditary cancer-predisposing syndrome
MLH1	P40692	Ala111Asp	1	criteria provided, single submitter	Hereditary cancer-predisposing syndrome
MLH1	P40692	Thr117Lys	1	criteria provided, multiple submitters, no conflicts	Hereditary cancer-predisposing syndrome|Colorectal cancer, hereditary nonpolyposis, type 2
MSH2	P43246	Lys122Thr	0	criteria provided, single submitter	Hereditary cancer-predisposing syndrome
FBN1	P35555	Cys1278Ser	1	criteria provided, multiple submitters, no conflicts	Familial thoracic aortic aneurysm and aortic dissection|Marfan syndrome
MSH2	P43246	Leu128Pro	0	criteria provided, single submitter	Hereditary cancer-predisposing syndrome
MSH2	P43246	Ser129Pro	0	criteria provided, single submitter	Hereditary cancer-predisposing syndrome
TP53	P04637	Ala129Asp	0	criteria provided, single submitter	Hereditary cancer-predisposing syndrome
TP53	P04637	Glu388Gln	0	criteria provided, single submitter	Hereditary cancer-predisposing syndrome
FBN1	P35555	Cys1402Arg	1	criteria provided, single submitter	Familial thoracic aortic aneurysm and aortic dissection
FBN1	P35555	Cys1402Trp	1	criteria provided, single submitter	Familial thoracic aortic aneurysm and aortic dissection
LDLR	P01130	Cys392Ser	1	criteria provided, single submitter	Cardiovascular phenotype
MSH2	P43246	Arg106Gly	0	criteria provided, single submitter	Hereditary cancer-predisposing syndrome
TP53	P04637	Leu111Val	0	reviewed by expert panel	Hereditary cancer-predisposing syndrome|Li-Fraumeni syndrome|not specified
LDLR	P01130	Cys134Ser	1	criteria provided, single submitter	Cardiovascular phenotype
FBN1	P35555	Cys1456Gly	1	criteria provided, single submitter	Familial thoracic aortic aneurysm and aortic dissection
PTEN	P60484	Cys105Gly	1	criteria provided, single submitter	Hereditary cancer-predisposing syndrome|Melanoma
MSH2	P43246	Asn109Asp	0	criteria provided, multiple submitters, no conflicts	Hereditary cancer-predisposing syndrome|Hereditary nonpolyposis colorectal neoplasms
VHL	P40337	Phe119Leu	1	criteria provided, single submitter	Hereditary cancer-predisposing syndrome
BRCA1	P38398	Tyr1202His	0	criteria provided, multiple submitters, no conflicts	Hereditary cancer-predisposing syndrome
FBN1	P35555	Cys1320Ser	1	criteria provided, single submitter	Familial thoracic aortic aneurysm and aortic dissection
BRCA1	P38398	Leu138Arg	0	criteria provided, multiple submitters, no conflicts	Hereditary cancer-predisposing syndrome
MSH2	P43246	Gly149Arg	1	criteria provided, single submitter	Hereditary cancer-predisposing syndrome
FBN1	P35555	Cys1491Ser	1	criteria provided, single submitter	Familial thoracic aortic aneurysm and aortic dissection
MSH2	P43246	Gly164Arg	1	criteria provided, single submitter	Hereditary cancer-predisposing syndrome
FBN1	P35555	Cys1646Ser	1	criteria provided, single submitter	Familial thoracic aortic aneurysm and aortic dissection
VHL	P40337	Pro172Leu	0	criteria provided, single submitter	Hereditary cancer-predisposing syndrome
VHL	P40337	Glu173Gln	0	criteria provided, single submitter	Hereditary cancer-predisposing syndrome
FBN1	P35555	Cys1818Arg	1	criteria provided, multiple submitters, no conflicts	Familial thoracic aortic aneurysm and aortic dissection|Marfan Syndrome/Loeys-Dietz Syndrome/Familial Thoracic Aortic Aneurysms and Dissections
ATM	Q13315	Ile1823Val	0	criteria provided, single submitter	Hereditary cancer-predisposing syndrome
BRCA2	P51587	Lys1828Glu	0	criteria provided, multiple submitters, no conflicts	Hereditary cancer-predisposing syndrome
FBN1	P35555	Cys1900Trp	1	criteria provided, single submitter	Familial thoracic aortic aneurysm and aortic dissection
MSH2	P43246	Leu191Arg	1	criteria provided, single submitter	Hereditary cancer-predisposing syndrome
FBN1	P35555	Cys2017Gly	1	criteria provided, single submitter	Familial thoracic aortic aneurysm and aortic dissection
MLH1	P40692	Asp41Tyr	1	criteria provided, multiple submitters, no conflicts	Hereditary cancer-predisposing syndrome|Hereditary nonpolyposis colorectal neoplasms|Colorectal cancer, hereditary nonpolyposis, type 2
ATM	Q13315	Leu1623Arg	0	criteria provided, single submitter	Hereditary cancer-predisposing syndrome
PTEN	P60484	Ser170Thr	1	criteria provided, single submitter	Hereditary cancer-predisposing syndrome
TP53	P04637	Glu171Gly	1	criteria provided, single submitter	Hereditary cancer-predisposing syndrome
FBN1	P35555	Cys1791Ser	1	criteria provided, single submitter	Familial thoracic aortic aneurysm and aortic dissection
MSH2	P43246	Ala189Val	0	criteria provided, single submitter	Hereditary cancer-predisposing syndrome
MSH2	P43246	Glu198Ala	1	criteria provided, single submitter	Hereditary cancer-predisposing syndrome
ATM	Q13315	Gln1982His	0	criteria provided, single submitter	Hereditary cancer-predisposing syndrome
BRCA2	P51587	Leu2069Ser	0	criteria provided, multiple submitters, no conflicts	Hereditary cancer-predisposing syndrome
FBN1	P35555	Cys2083Arg	1	criteria provided, single submitter	Familial thoracic aortic aneurysm and aortic dissection
BRCA2	P51587	Glu218Ala	0	criteria provided, single submitter	Hereditary cancer-predisposing syndrome
TP53	P04637	Val218Glu	1	criteria provided, multiple submitters, no conflicts	Li-Fraumeni syndrome 1|Hereditary cancer-predisposing syndrome|Neoplasm
BRCA2	P51587	Asn1603Lys	0	criteria provided, multiple submitters, no conflicts	Hereditary cancer-predisposing syndrome
VHL	P40337	Arg161Pro	1	criteria provided, single submitter	Hereditary cancer-predisposing syndrome
TP53	P04637	His168Leu	1	criteria provided, single submitter	Hereditary cancer-predisposing syndrome|Diffuse pediatric-type high-grade glioma, H3-wildtype and IDH-wildtype
ATM	Q13315	Ser1770Leu	1	criteria provided, single submitter	Hereditary cancer-predisposing syndrome
TP53	P04637	Ser185Arg	0	criteria provided, single submitter	Hereditary cancer-predisposing syndrome
ATM	Q13315	Thr1854Ala	0	criteria provided, single submitter	Hereditary cancer-predisposing syndrome
RB1	P06400	Asn186Ser	0	criteria provided, single submitter	Hereditary cancer-predisposing syndrome
MSH2	P43246	Leu187His	1	criteria provided, single submitter	Hereditary cancer-predisposing syndrome
ATM	Q13315	Leu1874Phe	0	criteria provided, single submitter	Hereditary cancer-predisposing syndrome
PTEN	P60484	Phe195Ser	1	criteria provided, single submitter	Hereditary cancer-predisposing syndrome
FBN1	P35555	Cys2040Trp	1	criteria provided, multiple submitters, no conflicts	Familial thoracic aortic aneurysm and aortic dissection|Familial thoracic aortic aneurysm and aortic dissection;Marfan syndrome
MSH2	P43246	Glu205Asp	0	criteria provided, single submitter	Hereditary cancer-predisposing syndrome
FBN1	P35555	Gly2156Cys	1	criteria provided, single submitter	Familial thoracic aortic aneurysm and aortic dissection
ATM	Q13315	Ala216Thr	0	criteria provided, single submitter	Hereditary cancer-predisposing syndrome
TP53	P04637	Asp393Tyr	0	criteria provided, single submitter	Hereditary cancer-predisposing syndrome
BRCA2	P51587	Pro40Ala	0	criteria provided, single submitter	Hereditary cancer-predisposing syndrome
FBN1	P35555	Cys1672Arg	1	criteria provided, multiple submitters, no conflicts	Familial thoracic aortic aneurysm and aortic dissection|Marfan Syndrome/Loeys-Dietz Syndrome/Familial Thoracic Aortic Aneurysms and Dissections
MSH2	P43246	Asn400His	0	criteria provided, single submitter	Hereditary cancer-predisposing syndrome
MSH2	P43246	Gln193Lys	0	criteria provided, single submitter	Hereditary cancer-predisposing syndrome
ATM	Q13315	Ala193Ser	0	criteria provided, single submitter	Hereditary cancer-predisposing syndrome
BRCA2	P51587	Glu1928Gln	0	criteria provided, multiple submitters, no conflicts	Hereditary cancer-predisposing syndrome
BRCA2	P51587	Met1936Ile	0	criteria provided, multiple submitters, no conflicts	Hereditary cancer-predisposing syndrome|Breast-ovarian cancer, familial, susceptibility to, 2
FBN1	P35555	Cys2038Phe	1	criteria provided, single submitter	Familial thoracic aortic aneurysm and aortic dissection
FBN1	P35555	Cys2040Phe	1	criteria provided, single submitter	Familial thoracic aortic aneurysm and aortic dissection
MSH2	P43246	Lys212Arg	0	criteria provided, single submitter	Hereditary cancer-predisposing syndrome
ATM	Q13315	Ser2123Asn	0	criteria provided, single submitter	Hereditary cancer-predisposing syndrome
ATM	Q13315	His2195Asp	0	criteria provided, single submitter	Hereditary cancer-predisposing syndrome
MSH2	P43246	Asn412His	0	criteria provided, single submitter	Hereditary cancer-predisposing syndrome
MSH2	P43246	Gln252Leu	0	criteria provided, single submitter	Hereditary cancer-predisposing syndrome
MSH2	P43246	Met253Leu	0	criteria provided, single submitter	Hereditary cancer-predisposing syndrome
BRCA2	P51587	Gly2529Arg	0	criteria provided, single submitter	Hereditary cancer-predisposing syndrome
TP53	P04637	Ile254Thr	1	reviewed by expert panel	Hereditary cancer-predisposing syndrome|Acute myeloid leukemia|Li-Fraumeni syndrome|Li-Fraumeni syndrome 1
TP53	P04637	Arg267Gly	1	criteria provided, multiple submitters, no conflicts	Hereditary cancer-predisposing syndrome|Choroid plexus carcinoma|Adrenocortical carcinoma, hereditary
MSH2	P43246	Val267Ile	0	criteria provided, single submitter	Hereditary cancer-predisposing syndrome
MSH2	P43246	Val3Leu	0	criteria provided, single submitter	Hereditary cancer-predisposing syndrome
BRCA2	P51587	Arg2787Leu	0	criteria provided, single submitter	Hereditary cancer-predisposing syndrome
BRCA2	P51587	Phe2795Val	0	criteria provided, single submitter	Hereditary cancer-predisposing syndrome
BRCA2	P51587	Asp2797His	0	criteria provided, single submitter	Hereditary cancer-predisposing syndrome
BRCA2	P51587	Gln2945Glu	0	criteria provided, single submitter	Hereditary cancer-predisposing syndrome
MSH2	P43246	Asp295Ala	0	criteria provided, single submitter	Hereditary cancer-predisposing syndrome
BRCA2	P51587	Ala2951Pro	0	criteria provided, single submitter	Hereditary cancer-predisposing syndrome
BRCA2	P51587	Val3082Leu	0	criteria provided, single submitter	Hereditary cancer-predisposing syndrome
BRCA2	P51587	Glu3096Gln	0	criteria provided, single submitter	Hereditary cancer-predisposing syndrome
TP53	P04637	Asn310Ser	0	criteria provided, single submitter	Hereditary cancer-predisposing syndrome
FBN1	P35555	Cys2274Ser	1	criteria provided, single submitter	Familial thoracic aortic aneurysm and aortic dissection
FBN1	P35555	Cys2274Trp	1	criteria provided, single submitter	Familial thoracic aortic aneurysm and aortic dissection
BRCA2	P51587	Pro2276Ala	0	criteria provided, multiple submitters, no conflicts	Hereditary cancer-predisposing syndrome
BRCA2	P51587	Asn2288Ser	0	criteria provided, single submitter	Hereditary cancer-predisposing syndrome
MSH2	P43246	Ile411Arg	1	criteria provided, single submitter	Hereditary cancer-predisposing syndrome
BRCA2	P51587	Glu3403Gln	0	criteria provided, single submitter	Hereditary cancer-predisposing syndrome
BRCA2	P51587	Pro2505Ser	0	criteria provided, single submitter	Hereditary cancer-predisposing syndrome
TP53	P04637	Met340Ile	0	criteria provided, single submitter	Hereditary cancer-predisposing syndrome
FBN1	P35555	Cys2622Gly	1	criteria provided, single submitter	Familial thoracic aortic aneurysm and aortic dissection
FBN1	P35555	Tyr2629Cys	1	criteria provided, multiple submitters, no conflicts	Familial thoracic aortic aneurysm and aortic dissection|Familial thoracic aortic aneurysm and aortic dissection;Marfan syndrome
BRCA2	P51587	Ala2632Gly	0	criteria provided, single submitter	Hereditary cancer-predisposing syndrome
BRCA2	P51587	Ala2633Val	0	criteria provided, single submitter	Hereditary cancer-predisposing syndrome
BRCA2	P51587	Leu2740Ile	0	criteria provided, single submitter	Hereditary cancer-predisposing syndrome
BRCA2	P51587	Ile2752Val	0	criteria provided, single submitter	Hereditary cancer-predisposing syndrome
MSH2	P43246	Gln288Arg	0	criteria provided, single submitter	Hereditary cancer-predisposing syndrome
BRCA2	P51587	Thr2881Pro	0	criteria provided, single submitter	Hereditary cancer-predisposing syndrome
BRCA2	P51587	Pro2886Gln	0	criteria provided, single submitter	Hereditary cancer-predisposing syndrome
BRCA2	P51587	Leu2890Pro	0	criteria provided, single submitter	Hereditary cancer-predisposing syndrome
BRCA2	P51587	Asn2910Asp	0	criteria provided, single submitter	Hereditary cancer-predisposing syndrome
BRCA2	P51587	Glu3043Asp	0	criteria provided, single submitter	Hereditary cancer-predisposing syndrome
BRCA2	P51587	Leu3055Ile	0	criteria provided, single submitter	Hereditary cancer-predisposing syndrome
BRCA2	P51587	His3056Pro	0	criteria provided, single submitter	Hereditary cancer-predisposing syndrome
MSH2	P43246	Glu226Lys	0	criteria provided, single submitter	Hereditary cancer-predisposing syndrome
ATM	Q13315	Lys2363Asn	1	criteria provided, multiple submitters, no conflicts	Hereditary cancer-predisposing syndrome|Ataxia-telangiectasia syndrome
ATM	Q13315	Ser2376Asn	0	criteria provided, single submitter	Hereditary cancer-predisposing syndrome
TP53	P04637	Met246Ile	1	criteria provided, single submitter	Hereditary cancer-predisposing syndrome
BRCA2	P51587	Asp2479Glu	0	criteria provided, single submitter	Hereditary cancer-predisposing syndrome
BRCA2	P51587	Ala2487Thr	0	criteria provided, single submitter	Hereditary cancer-predisposing syndrome
MSH2	P43246	Lys249Glu	0	criteria provided, single submitter	Hereditary cancer-predisposing syndrome
FBN1	P35555	Asp2487Gly	1	criteria provided, multiple submitters, no conflicts	Familial thoracic aortic aneurysm and aortic dissection|Marfan syndrome;Familial thoracic aortic aneurysm and aortic dissection
BRCA2	P51587	Arg2488Thr	0	criteria provided, single submitter	Hereditary cancer-predisposing syndrome
FBN1	P35555	Cys2581Ser	1	criteria provided, single submitter	Familial thoracic aortic aneurysm and aortic dissection
BRCA2	P51587	Leu2581Val	0	criteria provided, single submitter	Hereditary cancer-predisposing syndrome
BRCA2	P51587	Ile2588Leu	0	criteria provided, single submitter	Hereditary cancer-predisposing syndrome
BRCA2	P51587	Thr2708Ser	0	criteria provided, single submitter	Hereditary cancer-predisposing syndrome
FBN1	P35555	Cys271Tyr	1	criteria provided, single submitter	Familial thoracic aortic aneurysm and aortic dissection
LDLR	P01130	Cys284Tyr	1	criteria provided, single submitter	Cardiovascular phenotype
BRCA2	P51587	Glu2871Asp	0	criteria provided, single submitter	Hereditary cancer-predisposing syndrome
TP53	P04637	Pro300Leu	0	criteria provided, single submitter	Hereditary cancer-predisposing syndrome
BRCA2	P51587	Leu3027Ile	0	criteria provided, single submitter	Hereditary cancer-predisposing syndrome
TP53	P04637	Leu32Val	0	criteria provided, single submitter	Hereditary cancer-predisposing syndrome
LDLR	P01130	Asp224His	1	criteria provided, single submitter	Cardiovascular phenotype
FBN1	P35555	Cys2245Arg	1	criteria provided, multiple submitters, no conflicts	Familial thoracic aortic aneurysm and aortic dissection|Familial thoracic aortic aneurysm and aortic dissection;Marfan syndrome
MSH2	P43246	Thr234Lys	0	criteria provided, single submitter	Hereditary cancer-predisposing syndrome
MLH1	P40692	Gly244Arg	1	criteria provided, single submitter	Hereditary cancer-predisposing syndrome
BRCA2	P51587	Lys2448Asn	0	criteria provided, single submitter	Hereditary cancer-predisposing syndrome
BRCA2	P51587	Asp2451Gly	0	criteria provided, single submitter	Hereditary cancer-predisposing syndrome
BRCA2	P51587	Phe2457Leu	0	criteria provided, single submitter	Hereditary cancer-predisposing syndrome
FBN1	P35555	Gly2562Cys	1	criteria provided, single submitter	Familial thoracic aortic aneurysm and aortic dissection
FBN1	P35555	Asp2569Val	1	criteria provided, single submitter	Familial thoracic aortic aneurysm and aortic dissection
ATM	Q13315	Lys2670Asn	1	criteria provided, single submitter	Hereditary cancer-predisposing syndrome
BRCA2	P51587	Ser2697Ile	0	criteria provided, single submitter	Hereditary cancer-predisposing syndrome
BRCA2	P51587	Ser2701Phe	0	criteria provided, single submitter	Hereditary cancer-predisposing syndrome
ATM	Q13315	Glu2807Asp	0	criteria provided, single submitter	Hereditary cancer-predisposing syndrome
BRCA2	P51587	Arg2824Lys	0	criteria provided, single submitter	Hereditary cancer-predisposing syndrome
BRCA2	P51587	Glu2832Lys	0	criteria provided, single submitter	Hereditary cancer-predisposing syndrome
BRCA2	P51587	Met2952Thr	0	criteria provided, single submitter	Hereditary cancer-predisposing syndrome
MSH2	P43246	Phe296Ser	0	criteria provided, single submitter	Hereditary cancer-predisposing syndrome
LDLR	P01130	Cys296Trp	1	criteria provided, multiple submitters, no conflicts	Cardiovascular phenotype|Familial hypercholesterolemia
BRCA2	P51587	Tyr2977Cys	0	criteria provided, single submitter	Hereditary cancer-predisposing syndrome
BRCA2	P51587	Leu2987Val	0	criteria provided, single submitter	Hereditary cancer-predisposing syndrome
MSH2	P43246	Tyr299Asn	0	criteria provided, single submitter	Hereditary cancer-predisposing syndrome
TP53	P04637	Thr312Asn	0	criteria provided, single submitter	Hereditary cancer-predisposing syndrome
BRCA2	P51587	Ser3123Arg	0	criteria provided, single submitter	Hereditary cancer-predisposing syndrome
BRCA2	P51587	Glu3130Val	0	criteria provided, single submitter	Hereditary cancer-predisposing syndrome
BRCA2	P51587	Trp3106Arg	0	criteria provided, single submitter	Hereditary cancer-predisposing syndrome
MSH2	P43246	Lys332Arg	0	criteria provided, single submitter	Hereditary cancer-predisposing syndrome
TP53	P04637	Ile332Asn	1	criteria provided, single submitter	Hereditary cancer-predisposing syndrome
BRCA2	P51587	Phe3325Leu	0	criteria provided, single submitter	Hereditary cancer-predisposing syndrome
MSH2	P43246	Ile454Lys	1	criteria provided, single submitter	Hereditary cancer-predisposing syndrome
ATM	Q13315	Gln476Glu	0	criteria provided, single submitter	Hereditary cancer-predisposing syndrome
MSH2	P43246	Glu48Gln	0	criteria provided, single submitter	Hereditary cancer-predisposing syndrome
MSH2	P43246	Leu478Arg	1	criteria provided, multiple submitters, no conflicts	Hereditary cancer-predisposing syndrome|Lynch syndrome 1|Hereditary nonpolyposis colon cancer
BRCA2	P51587	Ser5Cys	0	criteria provided, single submitter	Hereditary cancer-predisposing syndrome
LDLR	P01130	Trp533Arg	1	criteria provided, single submitter	Cardiovascular phenotype
MSH2	P43246	Ser554Ile	1	criteria provided, single submitter	Hereditary cancer-predisposing syndrome
LDLR	P01130	Leu555Arg	1	criteria provided, multiple submitters, no conflicts	Cardiovascular phenotype|Familial hypercholesterolemia
MLH1	P40692	Leu582Arg	1	criteria provided, multiple submitters, no conflicts	Hereditary cancer-predisposing syndrome|Hereditary nonpolyposis colorectal neoplasms
ATM	Q13315	Gln584His	0	criteria provided, single submitter	Hereditary cancer-predisposing syndrome
MSH2	P43246	Asp446His	0	criteria provided, single submitter	Hereditary cancer-predisposing syndrome
MSH2	P43246	Ser498Gly	0	criteria provided, single submitter	Hereditary cancer-predisposing syndrome
TP53	P04637	Glu349Gly	0	criteria provided, single submitter	Hereditary cancer-predisposing syndrome
MLH1	P40692	Leu550Arg	1	criteria provided, single submitter	Hereditary cancer-predisposing syndrome
TP53	P04637	Pro58Ala	0	criteria provided, single submitter	Hereditary cancer-predisposing syndrome
MSH2	P43246	Asp603Tyr	1	criteria provided, multiple submitters, no conflicts	Hereditary cancer-predisposing syndrome|Lynch syndrome 1
MSH2	P43246	Val606Ile	0	criteria provided, single submitter	Hereditary cancer-predisposing syndrome
MSH2	P43246	Asp487Gly	0	criteria provided, single submitter	Hereditary cancer-predisposing syndrome
BRCA1	P38398	Pro490Ser	0	criteria provided, multiple submitters, no conflicts	Hereditary cancer-predisposing syndrome
MSH2	P43246	Asp514Asn	0	criteria provided, single submitter	Hereditary cancer-predisposing syndrome
MSH2	P43246	Thr541Asn	0	criteria provided, single submitter	Hereditary cancer-predisposing syndrome
TP53	P04637	Asp57Val	0	criteria provided, single submitter	Hereditary cancer-predisposing syndrome
MSH2	P43246	Val57Ala	0	criteria provided, single submitter	Hereditary cancer-predisposing syndrome
MSH2	P43246	Thr60Ser	0	criteria provided, single submitter	Hereditary cancer-predisposing syndrome
MSH2	P43246	Ala600Asp	1	criteria provided, single submitter	Hereditary cancer-predisposing syndrome
MSH2	P43246	Thr456Arg	0	criteria provided, single submitter	Hereditary cancer-predisposing syndrome
MSH2	P43246	Gln344Glu	0	criteria provided, single submitter	Hereditary cancer-predisposing syndrome
RB1	P06400	Arg46Lys	1	criteria provided, multiple submitters, no conflicts	Hereditary cancer-predisposing syndrome|Retinoblastoma
RB1	P06400	Asp507Asn	0	criteria provided, single submitter	Hereditary cancer-predisposing syndrome
MSH2	P43246	Pro507Leu	0	criteria provided, single submitter	Hereditary cancer-predisposing syndrome
MSH2	P43246	Lys537Asn	0	criteria provided, single submitter	Hereditary cancer-predisposing syndrome
MLH1	P40692	Ala539Pro	1	criteria provided, single submitter	Hereditary cancer-predisposing syndrome
MSH2	P43246	Asn560Asp	0	criteria provided, single submitter	Hereditary cancer-predisposing syndrome
PTEN	P60484	Phe56Ser	1	criteria provided, single submitter	Hereditary cancer-predisposing syndrome
CFTR	P13569	Arg560Ser	1	criteria provided, multiple submitters, no conflicts	Cystic fibrosis
LDLR	P01130	Gly565Arg	1	criteria provided, multiple submitters, no conflicts	Cardiovascular phenotype|Familial hypercholesterolemia
LDLR	P01130	Gly592Val	1	criteria provided, single submitter	Cardiovascular phenotype
MSH2	P43246	Arg355Lys	0	criteria provided, single submitter	Hereditary cancer-predisposing syndrome
MSH2	P43246	Tyr619His	0	criteria provided, single submitter	Hereditary cancer-predisposing syndrome
RB1	P06400	Thr620Ala	0	criteria provided, single submitter	Hereditary cancer-predisposing syndrome
MSH2	P43246	Gly62Val	0	criteria provided, single submitter	Hereditary cancer-predisposing syndrome
MLH1	P40692	Leu622Arg	1	criteria provided, multiple submitters, no conflicts	Hereditary cancer-predisposing syndrome|Colorectal cancer, hereditary nonpolyposis, type 2
MSH2	P43246	His610Pro	1	criteria provided, multiple submitters, no conflicts	Hereditary cancer-predisposing syndrome|Lynch syndrome|not provided
MSH2	P43246	Gln61Arg	0	criteria provided, single submitter	Hereditary cancer-predisposing syndrome
MSH2	P43246	Val611Ala	0	criteria provided, single submitter	Hereditary cancer-predisposing syndrome
TP53	P04637	Ala355Thr	0	criteria provided, single submitter	Hereditary cancer-predisposing syndrome
MSH2	P43246	Pro616Leu	0	criteria provided, single submitter	Hereditary cancer-predisposing syndrome
TP53	P04637	Met66Val	0	criteria provided, single submitter	Hereditary cancer-predisposing syndrome
MSH2	P43246	Gln662Arg	0	criteria provided, single submitter	Hereditary cancer-predisposing syndrome
MSH2	P43246	Leu687Arg	1	criteria provided, multiple submitters, no conflicts	Hereditary cancer-predisposing syndrome|Hereditary nonpolyposis colorectal neoplasms|Lynch syndrome 1
MSH2	P43246	Gln690Lys	1	criteria provided, multiple submitters, no conflicts	Hereditary cancer-predisposing syndrome|Lynch syndrome 1|Hereditary nonpolyposis colorectal neoplasms
ATM	Q13315	Cys693Tyr	0	criteria provided, single submitter	Hereditary cancer-predisposing syndrome
CFTR	P13569	Ala763Gly	0	criteria provided, single submitter	Cystic fibrosis
MSH2	P43246	Pro795Ser	0	criteria provided, single submitter	Hereditary cancer-predisposing syndrome
MSH2	P43246	Leu800Val	0	criteria provided, single submitter	Hereditary cancer-predisposing syndrome
TP53	P04637	Pro8Arg	0	criteria provided, single submitter	Hereditary cancer-predisposing syndrome
VHL	P40337	Val84Glu	1	criteria provided, single submitter	Hereditary cancer-predisposing syndrome
MSH2	P43246	Lys882Asn	0	criteria provided, single submitter	Hereditary cancer-predisposing syndrome
MSH2	P43246	Ile632Ser	0	criteria provided, single submitter	Hereditary cancer-predisposing syndrome
MLH1	P40692	Glu632Asp	1	criteria provided, multiple submitters, no conflicts	Hereditary cancer-predisposing syndrome|Colorectal cancer, hereditary nonpolyposis, type 2
FBN1	P35555	Cys637Ser	1	criteria provided, single submitter	Familial thoracic aortic aneurysm and aortic dissection
MLH1	P40692	Gly65Cys	1	criteria provided, single submitter	Hereditary cancer-predisposing syndrome
MLH1	P40692	Pro648Thr	1	criteria provided, single submitter	Hereditary cancer-predisposing syndrome
MLH1	P40692	Pro648His	1	criteria provided, single submitter	Hereditary cancer-predisposing syndrome
LDLR	P01130	Glu357Val	1	criteria provided, single submitter	Cardiovascular phenotype
MSH2	P43246	Pro652Arg	0	criteria provided, single submitter	Hereditary cancer-predisposing syndrome
MSH2	P43246	Asp654Asn	0	criteria provided, single submitter	Hereditary cancer-predisposing syndrome
BRCA2	P51587	Tyr748Cys	0	criteria provided, multiple submitters, no conflicts	Hereditary cancer-predisposing syndrome
LDLR	P01130	Cys82Trp	1	criteria provided, single submitter	Cardiovascular phenotype
MSH2	P43246	Val644Ile	0	criteria provided, single submitter	Hereditary cancer-predisposing syndrome
MLH1	P40692	Tyr646Asp	1	criteria provided, single submitter	Hereditary cancer-predisposing syndrome
BRCA2	P51587	Ser646Asn	0	criteria provided, multiple submitters, no conflicts	Hereditary cancer-predisposing syndrome
FBN1	P35555	Cys358Trp	1	criteria provided, single submitter	Familial thoracic aortic aneurysm and aortic dissection
MSH2	P43246	Gly674Val	1	criteria provided, single submitter	Hereditary cancer-predisposing syndrome
MSH2	P43246	Arg359Gly	1	criteria provided, multiple submitters, no conflicts	Hereditary cancer-predisposing syndrome|Lynch syndrome 1
BRCA2	P51587	Cys711Phe	0	criteria provided, multiple submitters, no conflicts	Hereditary cancer-predisposing syndrome
RB1	P06400	Val858Leu	0	criteria provided, single submitter	Hereditary cancer-predisposing syndrome
BRCA2	P51587	Leu90Val	0	criteria provided, single submitter	Hereditary cancer-predisposing syndrome
BRCA2	P51587	Leu901Pro	0	criteria provided, multiple submitters, no conflicts	Hereditary cancer-predisposing syndrome
BRCA1	P38398	Phe901Leu	0	criteria provided, multiple submitters, no conflicts	Hereditary cancer-predisposing syndrome
LDLR	P01130	Cys358Gly	1	criteria provided, single submitter	Cardiovascular phenotype
BRCA1	P38398	Leu358Pro	0	criteria provided, multiple submitters, no conflicts	Hereditary cancer-predisposing syndrome
MSH2	P43246	Ile667Met	0	criteria provided, single submitter	Hereditary cancer-predisposing syndrome
LDLR	P01130	Cys696Gly	1	criteria provided, single submitter	Cardiovascular phenotype
FBN1	P35555	Cys734Ser	1	criteria provided, single submitter	Familial thoracic aortic aneurysm and aortic dissection
BRCA2	P51587	Arg841Ser	0	criteria provided, multiple submitters, no conflicts	Hereditary cancer-predisposing syndrome
MLH1	P40692	Ser368Pro	0	criteria provided, single submitter	Hereditary cancer-predisposing syndrome
MSH2	P43246	Glu886Val	0	criteria provided, single submitter	Hereditary cancer-predisposing syndrome
MSH2	P43246	Thr934Ala	0	criteria provided, multiple submitters, no conflicts	Hereditary cancer-predisposing syndrome|Hereditary nonpolyposis colorectal neoplasms
TP53	P04637	Ser94Leu	0	criteria provided, single submitter	Hereditary cancer-predisposing syndrome
MSH2	P43246	Val923Leu	0	criteria provided, single submitter	Hereditary cancer-predisposing syndrome
MSH2	P43246	Val34Leu	0	criteria provided, single submitter	Hereditary cancer-predisposing syndrome
MSH2	P43246	Glu371Asp	0	criteria provided, single submitter	Hereditary cancer-predisposing syndrome
BRCA1	P38398	Pro968Ala	0	criteria provided, multiple submitters, no conflicts	Hereditary cancer-predisposing syndrome
BRCA1	P38398	Leu954Gln	0	criteria provided, multiple submitters, no conflicts	Hereditary cancer-predisposing syndrome
MLH1	P40692	Gly101Cys	1	criteria provided, single submitter	Hereditary cancer-predisposing syndrome
VHL	P40337	Leu101Gln	1	criteria provided, single submitter	Hereditary cancer-predisposing syndrome
VHL	P40337	Leu101Arg	1	criteria provided, multiple submitters, no conflicts	Hereditary cancer-predisposing syndrome|Von Hippel-Lindau syndrome
MSH2	P43246	Arg99Ile	0	criteria provided, single submitter	Hereditary cancer-predisposing syndrome
MLH1	P40692	Phe99Ser	1	criteria provided, single submitter	Hereditary cancer-predisposing syndrome
TP53	P04637	Gln375Lys	0	criteria provided, single submitter	Hereditary cancer-predisposing syndrome
COL1A1	P02452	Gly773Cys	1	criteria provided, single submitter	not provided
MLH1	P40692	His308Leu	1	criteria provided, single submitter	not provided
FBN1	P35555	Asp1363Asn	1	criteria provided, single submitter	not provided
PTEN	P60484	Lys125Arg	1	criteria provided, single submitter	Macrocephaly-autism syndrome
COL1A1	P02452	Gly476Val	1	criteria provided, single submitter	Osteogenesis imperfecta type I
COL1A1	P02452	Gly269Ala	1	no assertion criteria provided	Osteogenesis imperfecta type I
KRAS	P01116	Lys147Met	1	criteria provided, single submitter	Noonan syndrome 3
FBN1	P35555	Cys546Tyr	1	criteria provided, multiple submitters, no conflicts	Marfan syndrome|Marfan syndrome;Familial thoracic aortic aneurysm and aortic dissection|Familial thoracic aortic aneurysm and aortic dissection
COL1A1	P02452	Gly1040Ala	1	no assertion criteria provided	Osteogenesis imperfecta type III
LDLR	P01130	Asp94Val	1	no assertion criteria provided	Familial hypercholesterolemia
FBN1	P35555	Cys1117Phe	1	criteria provided, single submitter	Geleophysic dysplasia 2
PAH	P00439	Pro362Ser	1	reviewed by expert panel	Phenylketonuria
PAH	P00439	Ala104Val	1	reviewed by expert panel	Phenylketonuria
PAH	P00439	Ser339Phe	1	reviewed by expert panel	Phenylketonuria
PAH	P00439	Lys341Asn	1	reviewed by expert panel	Phenylketonuria
COL1A1	P02452	Ile1398Ser	1	criteria provided, single submitter	Osteogenesis imperfecta type I
COL1A1	P02452	Gly854Ser	1	criteria provided, single submitter	Osteogenesis imperfecta type I
COL1A1	P02452	Gly749Ser	1	criteria provided, single submitter	Osteogenesis imperfecta type I
COL1A1	P02452	Gly596Ala	1	criteria provided, single submitter	Osteogenesis imperfecta type I
COL1A1	P02452	Gly224Cys	1	criteria provided, single submitter	Osteogenesis imperfecta type I
COL1A1	P02452	Gly212Arg	1	criteria provided, single submitter	Osteogenesis imperfecta type I
LDLR	P01130	Trp490Cys	1	criteria provided, multiple submitters, no conflicts	Familial hypercholesterolemia|not provided
FBN1	P35555	Cys2221Gly	1	criteria provided, single submitter	Familial thoracic aortic aneurysm and aortic dissection;Marfan syndrome
FBN1	P35555	Cys2151Arg	1	criteria provided, single submitter	Familial thoracic aortic aneurysm and aortic dissection;Marfan syndrome
FBN1	P35555	Cys2099Trp	1	criteria provided, multiple submitters, no conflicts	Familial thoracic aortic aneurysm and aortic dissection;Marfan syndrome|not provided
FBN1	P35555	Gly1910Val	1	criteria provided, multiple submitters, no conflicts	Familial thoracic aortic aneurysm and aortic dissection;Marfan syndrome|Marfan syndrome
FBN1	P35555	Cys1748Arg	1	criteria provided, single submitter	Familial thoracic aortic aneurysm and aortic dissection;Marfan syndrome
FBN1	P35555	Cys1706Tyr	1	criteria provided, single submitter	Familial thoracic aortic aneurysm and aortic dissection;Marfan syndrome
FBN1	P35555	Cys1695Tyr	1	criteria provided, single submitter	Familial thoracic aortic aneurysm and aortic dissection;Marfan syndrome
FBN1	P35555	Cys1491Tyr	1	criteria provided, single submitter	Familial thoracic aortic aneurysm and aortic dissection;Marfan syndrome
FBN1	P35555	Cys1326Arg	1	criteria provided, single submitter	Familial thoracic aortic aneurysm and aortic dissection;Marfan syndrome
FBN1	P35555	Cys887Ser	1	criteria provided, single submitter	Familial thoracic aortic aneurysm and aortic dissection;Marfan syndrome
FBN1	P35555	Cys790Gly	1	criteria provided, single submitter	Familial thoracic aortic aneurysm and aortic dissection;Marfan syndrome
FBN1	P35555	Cys711Tyr	1	criteria provided, single submitter	Familial thoracic aortic aneurysm and aortic dissection;Marfan syndrome
FBN1	P35555	Asp654Asn	1	criteria provided, multiple submitters, no conflicts	Familial thoracic aortic aneurysm and aortic dissection;Marfan syndrome|not provided
PAH	P00439	Ile224Leu	1	criteria provided, multiple submitters, no conflicts	Phenylketonuria|not provided
PAH	P00439	Glu280Ala	1	criteria provided, multiple submitters, no conflicts	Phenylketonuria|not provided
PAH	P00439	Ile174Asn	1	reviewed by expert panel	Phenylketonuria
PAH	P00439	Phe121Leu	1	reviewed by expert panel	Phenylketonuria
FBN1	P35555	Gln424Lys	0	criteria provided, single submitter	Familial thoracic aortic aneurysm and aortic dissection;Marfan syndrome
COL1A1	P02452	Gly1213Ser	0	criteria provided, single submitter	Osteogenesis imperfecta type I
FBN1	P35555	Met1112Leu	0	criteria provided, single submitter	Familial thoracic aortic aneurysm and aortic dissection;Marfan syndrome
PTEN	P60484	Val53Ile	1	reviewed by expert panel	PTEN hamartoma tumor syndrome|not provided
FBN1	P35555	Asp1244Asn	0	criteria provided, single submitter	Familial thoracic aortic aneurysm and aortic dissection;Marfan syndrome
COL1A1	P02452	Ala844Ser	0	criteria provided, single submitter	Osteogenesis imperfecta type I
BRAF	P15056	Met117Val	0	criteria provided, single submitter	RASopathy
COL1A1	P02452	Gly1052Ala	1	criteria provided, multiple submitters, no conflicts	Osteogenesis imperfecta type I|Osteogenesis imperfecta with normal sclerae, dominant form
COL1A1	P02452	Gly218Val	1	criteria provided, single submitter	Osteogenesis imperfecta type I
PAH	P00439	Glu214Gly	1	criteria provided, multiple submitters, no conflicts	Phenylketonuria
FBN1	P35555	Cys1853Trp	1	criteria provided, single submitter	Marfan syndrome;Familial thoracic aortic aneurysm and aortic dissection
FBN1	P35555	Cys832Arg	1	criteria provided, single submitter	Marfan syndrome;Familial thoracic aortic aneurysm and aortic dissection
FBN1	P35555	Asn741Ser	1	criteria provided, single submitter	Marfan syndrome;Familial thoracic aortic aneurysm and aortic dissection
FBN1	P35555	Trp366Ser	1	criteria provided, single submitter	Marfan syndrome;Familial thoracic aortic aneurysm and aortic dissection
LDLR	P01130	Phe655Leu	1	criteria provided, single submitter	Familial hypercholesterolemia
PAH	P00439	Ile224Val	1	criteria provided, single submitter	Phenylketonuria
LDLR	P01130	Trp165Leu	1	criteria provided, single submitter	Familial hypercholesterolemia
LDLR	P01130	Trp577Arg	1	criteria provided, multiple submitters, no conflicts	Familial hypercholesterolemia|Cardiovascular phenotype
COL1A1	P02452	Pro852Ser	0	criteria provided, single submitter	Osteogenesis imperfecta type I
COL1A1	P02452	Pro208Ala	0	criteria provided, single submitter	Osteogenesis imperfecta type I
FBN1	P35555	Leu889Gln	0	criteria provided, single submitter	Marfan syndrome;Familial thoracic aortic aneurysm and aortic dissection
COL1A1	P02452	Pro423Leu	0	criteria provided, single submitter	Osteogenesis imperfecta type I
COL1A1	P02452	Pro1126Ser	0	criteria provided, single submitter	Osteogenesis imperfecta type I
FBN1	P35555	Glu2841Asp	0	criteria provided, single submitter	Marfan syndrome;Familial thoracic aortic aneurysm and aortic dissection
VHL	P40337	Asp121Asn	1	criteria provided, single submitter	Chuvash polycythemia;Von Hippel-Lindau syndrome
VHL	P40337	Val155Gly	1	criteria provided, single submitter	Chuvash polycythemia;Von Hippel-Lindau syndrome
COL1A1	P02452	Ala901Val	0	criteria provided, single submitter	Osteogenesis imperfecta type I
MSH2	P43246	Cys822Ser	0	criteria provided, single submitter	Hereditary nonpolyposis colorectal neoplasms
COL1A1	P02452	Ala606Thr	0	criteria provided, single submitter	Osteogenesis imperfecta type I
COL1A1	P02452	Pro841Ser	0	criteria provided, single submitter	Osteogenesis imperfecta type I
LDLR	P01130	Ala480Ser	1	criteria provided, single submitter	Familial hypercholesterolemia
COL1A1	P02452	Pro1119Thr	0	criteria provided, single submitter	Osteogenesis imperfecta type I
PAH	P00439	Phe260Leu	1	criteria provided, single submitter	Phenylketonuria
COL1A1	P02452	Gly503Ala	1	criteria provided, single submitter	Osteogenesis imperfecta type I
COL1A1	P02452	Gly197Ala	1	criteria provided, single submitter	Osteogenesis imperfecta type I
PAH	P00439	Cys217Phe	1	criteria provided, multiple submitters, no conflicts	Phenylketonuria
ATM	Q13315	Arg2642Ser	1	criteria provided, multiple submitters, no conflicts	Ataxia-telangiectasia syndrome|Hereditary cancer-predisposing syndrome|not provided
LDLR	P01130	Cys667Gly	1	criteria provided, single submitter	Familial hypercholesterolemia
LDLR	P01130	Asp433Ala	1	criteria provided, single submitter	Familial hypercholesterolemia
LDLR	P01130	Glu201Ala	1	criteria provided, single submitter	Familial hypercholesterolemia
FBN1	P35555	Gln2578Lys	1	criteria provided, single submitter	Marfan syndrome;Familial thoracic aortic aneurysm and aortic dissection
FBN1	P35555	Ala1330Thr	0	criteria provided, single submitter	Marfan syndrome;Familial thoracic aortic aneurysm and aortic dissection
COL1A1	P02452	Pro483His	0	criteria provided, single submitter	Osteogenesis imperfecta type I
PAH	P00439	Gln172Arg	1	criteria provided, single submitter	Phenylketonuria
MSH2	P43246	Gly47Arg	0	criteria provided, single submitter	Hereditary nonpolyposis colorectal neoplasms
COL1A1	P02452	Gly188Cys	1	criteria provided, single submitter	Combined osteogenesis imperfecta and Ehlers-Danlos syndrome 1
FBN1	P35555	Asn1298Thr	1	criteria provided, single submitter	Familial thoracic aortic aneurysm and aortic dissection;Marfan syndrome
LDLR	P01130	Ala705Val	1	criteria provided, single submitter	Familial hypercholesterolemia
COL1A1	P02452	Gly269Asp	1	criteria provided, single submitter	Osteogenesis imperfecta type I
PTEN	P60484	Asp19Val	1	criteria provided, single submitter	PTEN hamartoma tumor syndrome|Neoplasm
FBN1	P35555	Cys2176Tyr	1	criteria provided, multiple submitters, no conflicts	Familial thoracic aortic aneurysm and aortic dissection;Marfan syndrome|Familial thoracic aortic aneurysm and aortic dissection
ATM	Q13315	Lys24Asn	1	criteria provided, single submitter	Ataxia-telangiectasia syndrome
FBN1	P35555	Cys2204Ser	1	criteria provided, multiple submitters, no conflicts	Marfan syndrome;Familial thoracic aortic aneurysm and aortic dissection|not provided
ATM	Q13315	Glu1592Val	1	criteria provided, single submitter	Ataxia-telangiectasia syndrome
BRCA2	P51587	Ile2315Leu	0	criteria provided, single submitter	Hereditary breast ovarian cancer syndrome
FBN1	P35555	Cys1889Trp	1	criteria provided, single submitter	Familial thoracic aortic aneurysm and aortic dissection;Marfan syndrome
BRCA2	P51587	Thr317Arg	0	criteria provided, multiple submitters, no conflicts	Hereditary breast ovarian cancer syndrome|Hereditary cancer-predisposing syndrome
FBN1	P35555	Gly2351Arg	0	criteria provided, single submitter	Familial thoracic aortic aneurysm and aortic dissection;Marfan syndrome
FBN1	P35555	Cys2364Ser	1	criteria provided, single submitter	Marfan syndrome;Familial thoracic aortic aneurysm and aortic dissection
COL1A1	P02452	Gly857Asp	1	criteria provided, single submitter	Osteogenesis imperfecta type I
KRAS	P01116	Lys5Gln	1	criteria provided, single submitter	RASopathy
FBN1	P35555	Thr888Ser	0	criteria provided, single submitter	Marfan syndrome;Familial thoracic aortic aneurysm and aortic dissection
FBN1	P35555	Asp1891Tyr	1	criteria provided, single submitter	Marfan syndrome;Familial thoracic aortic aneurysm and aortic dissection
FBN1	P35555	Cys935Gly	1	criteria provided, single submitter	Marfan syndrome;Familial thoracic aortic aneurysm and aortic dissection
PAH	P00439	Gly307Val	1	criteria provided, single submitter	Phenylketonuria
FBN1	P35555	Cys2142Gly	1	criteria provided, single submitter	Familial thoracic aortic aneurysm and aortic dissection;Marfan syndrome
COL1A1	P02452	Gly506Asp	1	criteria provided, single submitter	Osteogenesis imperfecta type I
COL1A1	P02452	Gly992Ser	1	criteria provided, single submitter	Osteogenesis imperfecta type I
FBN1	P35555	Glu2488Gly	1	criteria provided, single submitter	Marfan syndrome;Familial thoracic aortic aneurysm and aortic dissection
FBN1	P35555	Asn1665Thr	1	criteria provided, single submitter	Marfan syndrome;Familial thoracic aortic aneurysm and aortic dissection
PTEN	P60484	Ala39Val	1	reviewed by expert panel	PTEN hamartoma tumor syndrome|not provided|Neoplasm|Hereditary cancer-predisposing syndrome
MLH1	P40692	Phe80Ile	1	criteria provided, single submitter	Hereditary nonpolyposis colorectal neoplasms
FBN1	P35555	Asp1155Val	1	criteria provided, single submitter	Marfan syndrome;Familial thoracic aortic aneurysm and aortic dissection
COL1A1	P02452	Tyr1368Cys	1	criteria provided, single submitter	Osteogenesis imperfecta type I
FBN1	P35555	Cys1111Ser	1	criteria provided, single submitter	Familial thoracic aortic aneurysm and aortic dissection;Marfan syndrome
FBN1	P35555	Cys154Phe	1	criteria provided, single submitter	Marfan syndrome;Familial thoracic aortic aneurysm and aortic dissection
VHL	P40337	Met54Arg	1	criteria provided, single submitter	Von Hippel-Lindau syndrome;Chuvash polycythemia
FBN1	P35555	Cys587Trp	1	criteria provided, single submitter	Marfan syndrome;Familial thoracic aortic aneurysm and aortic dissection
PAH	P00439	His290Gln	1	criteria provided, single submitter	Phenylketonuria
COL1A1	P02452	Pro342Leu	0	criteria provided, single submitter	Osteogenesis imperfecta type I
FBN1	P35555	Cys582Gly	1	criteria provided, single submitter	Marfan syndrome;Familial thoracic aortic aneurysm and aortic dissection
PTEN	P60484	Met134Val	1	reviewed by expert panel	PTEN hamartoma tumor syndrome|not provided
BRCA1	P38398	Glu1219Asp	0	criteria provided, single submitter	Hereditary breast ovarian cancer syndrome
COL1A1	P02452	Glu1021Lys	0	criteria provided, single submitter	Osteogenesis imperfecta type I
COL1A1	P02452	Pro924Ser	0	criteria provided, single submitter	Osteogenesis imperfecta type I
BRCA2	P51587	Gly2724Arg	1	criteria provided, single submitter	Hereditary breast ovarian cancer syndrome
FBN1	P35555	Cys1208Trp	1	criteria provided, single submitter	Marfan syndrome;Familial thoracic aortic aneurysm and aortic dissection
PAH	P00439	Ala300Gly	1	criteria provided, single submitter	Phenylketonuria
COL1A1	P02452	Ala714Val	0	criteria provided, single submitter	Osteogenesis imperfecta type I
COL1A1	P02452	Gly284Asp	1	criteria provided, multiple submitters, no conflicts	Osteogenesis imperfecta type I|COL1A1-related disorder
ATM	Q13315	Gly2765Ala	1	criteria provided, multiple submitters, no conflicts	Ataxia-telangiectasia syndrome|Hereditary cancer-predisposing syndrome
FBN1	P35555	Cys816Tyr	1	criteria provided, single submitter	Marfan syndrome;Familial thoracic aortic aneurysm and aortic dissection
COL1A1	P02452	Gly482Arg	1	criteria provided, single submitter	Osteogenesis imperfecta type I
LDLR	P01130	Gly478Val	1	criteria provided, single submitter	Familial hypercholesterolemia
BRCA2	P51587	Trp31Ser	1	criteria provided, multiple submitters, no conflicts	Hereditary breast ovarian cancer syndrome|not provided|Breast-ovarian cancer, familial, susceptibility to, 2
FBN1	P35555	Cys1278Tyr	1	criteria provided, single submitter	Marfan syndrome;Familial thoracic aortic aneurysm and aortic dissection
COL1A1	P02452	Gly383Ala	1	criteria provided, multiple submitters, no conflicts	Osteogenesis imperfecta type I|not provided
VHL	P40337	Trp117Arg	1	criteria provided, single submitter	Chuvash polycythemia;Von Hippel-Lindau syndrome
FBN1	P35555	Leu879Pro	1	criteria provided, single submitter	Marfan syndrome;Familial thoracic aortic aneurysm and aortic dissection
COL1A1	P02452	Asn1156Lys	0	criteria provided, single submitter	Osteogenesis imperfecta type I
FBN1	P35555	Cys315Arg	1	criteria provided, multiple submitters, no conflicts	Familial thoracic aortic aneurysm and aortic dissection;Marfan syndrome|not provided
CFTR	P13569	Leu578Pro	1	criteria provided, single submitter	Cystic fibrosis
LDLR	P01130	Cys368Ser	1	criteria provided, single submitter	Familial hypercholesterolemia
PAH	P00439	Ser67Tyr	1	criteria provided, single submitter	Phenylketonuria
FBN1	P35555	Cys2053Ser	1	criteria provided, single submitter	Familial thoracic aortic aneurysm and aortic dissection;Marfan syndrome
PAH	P00439	Thr186Ala	1	criteria provided, single submitter	Phenylketonuria
FBN1	P35555	Pro350Ser	0	criteria provided, single submitter	Marfan syndrome;Familial thoracic aortic aneurysm and aortic dissection
FBN1	P35555	Pro442Ser	0	criteria provided, single submitter	Familial thoracic aortic aneurysm and aortic dissection;Marfan syndrome
COL1A1	P02452	Gly296Arg	1	criteria provided, single submitter	Osteogenesis imperfecta type I
PAH	P00439	Ser350Cys	1	criteria provided, single submitter	Phenylketonuria
FBN1	P35555	Asp2569Ala	1	criteria provided, single submitter	Familial thoracic aortic aneurysm and aortic dissection;Marfan syndrome
FBN1	P35555	Gly2395Glu	1	criteria provided, single submitter	Marfan syndrome;Familial thoracic aortic aneurysm and aortic dissection
LDLR	P01130	Thr389Lys	1	criteria provided, single submitter	Familial hypercholesterolemia
FBN1	P35555	Cys1249Tyr	1	criteria provided, single submitter	Marfan syndrome;Familial thoracic aortic aneurysm and aortic dissection
COL1A1	P02452	Gly467Ala	1	criteria provided, single submitter	Osteogenesis imperfecta type I
FBN1	P35555	Cys981Trp	1	criteria provided, single submitter	Marfan syndrome;Familial thoracic aortic aneurysm and aortic dissection
FBN1	P35555	Ala2657Val	0	criteria provided, single submitter	Marfan syndrome;Familial thoracic aortic aneurysm and aortic dissection
FBN1	P35555	Asp1363Tyr	1	criteria provided, single submitter	Marfan syndrome;Familial thoracic aortic aneurysm and aortic dissection
FBN1	P35555	Cys1748Trp	1	criteria provided, single submitter	Marfan syndrome;Familial thoracic aortic aneurysm and aortic dissection
FBN1	P35555	Cys2686Tyr	1	criteria provided, single submitter	Marfan syndrome;Familial thoracic aortic aneurysm and aortic dissection
COL1A1	P02452	Gly977Ser	1	criteria provided, single submitter	Osteogenesis imperfecta type I
ATM	Q13315	Gly2023Arg	0	criteria provided, single submitter	Ataxia-telangiectasia syndrome
FBN1	P35555	Glu2447Gln	1	criteria provided, single submitter	Marfan syndrome;Familial thoracic aortic aneurysm and aortic dissection
FBN1	P35555	Leu889Val	0	criteria provided, single submitter	Marfan syndrome;Familial thoracic aortic aneurysm and aortic dissection
LDLR	P01130	Gly549Arg	1	criteria provided, single submitter	Familial hypercholesterolemia
BRCA1	P38398	Val1833Gly	1	criteria provided, single submitter	Hereditary breast ovarian cancer syndrome
BRCA2	P51587	His2623Pro	1	criteria provided, single submitter	Hereditary breast ovarian cancer syndrome
MLH1	P40692	Arg755Ser	1	criteria provided, single submitter	Hereditary nonpolyposis colorectal neoplasms
FBN1	P35555	Arg1530Leu	1	criteria provided, single submitter	Marfan syndrome;Familial thoracic aortic aneurysm and aortic dissection
COL1A1	P02452	Gly224Ala	1	criteria provided, single submitter	Osteogenesis imperfecta type I
COL1A1	P02452	Gly902Asp	1	criteria provided, single submitter	not provided
PTEN	P60484	Ile67Arg	1	criteria provided, single submitter	PTEN hamartoma tumor syndrome
COL1A1	P02452	Gly1061Val	1	criteria provided, single submitter	Osteogenesis imperfecta
FBN1	P35555	Cys628Ser	1	criteria provided, multiple submitters, no conflicts	not provided|Familial thoracic aortic aneurysm and aortic dissection
BRAF	P15056	Trp531Arg	1	criteria provided, single submitter	not provided
COL1A1	P02452	Gly302Asp	1	criteria provided, single submitter	Osteogenesis imperfecta, perinatal lethal
COL1A1	P02452	Gly1004Glu	1	criteria provided, single submitter	Osteogenesis imperfecta, perinatal lethal
COL1A1	P02452	Gly224Ser	1	criteria provided, multiple submitters, no conflicts	not provided|Osteogenesis imperfecta type I
FBN1	P35555	Gly2669Arg	1	criteria provided, single submitter	Stiff skin syndrome
FBN1	P35555	Cys776Phe	1	criteria provided, single submitter	Familial thoracic aortic aneurysm and aortic dissection
CFTR	P13569	Gly509Val	1	no assertion criteria provided	Cystic fibrosis
CFTR	P13569	Asp192Tyr	1	no assertion criteria provided	Cystic fibrosis
CFTR	P13569	Trp1145Ser	1	no assertion criteria provided	Cystic fibrosis
EGFR	P00533	Thr625Pro	0	criteria provided, single submitter	Ovarian cancer
MSH2	P43246	Glu571Lys	0	criteria provided, single submitter	Ovarian cancer
ATM	Q13315	Asn338Ser	0	criteria provided, single submitter	Ovarian cancer
BRCA1	P38398	His839Tyr	0	criteria provided, single submitter	Ovarian cancer
EGFR	P00533	Ser1120Arg	0	criteria provided, single submitter	Ovarian cancer
ATM	Q13315	Lys2421Gln	1	criteria provided, single submitter	Ovarian cancer
EGFR	P00533	Ile646Phe	1	criteria provided, single submitter	Ovarian cancer
BRCA1	P38398	His318Leu	1	criteria provided, single submitter	Ovarian cancer
COL1A1	P02452	Gly524Ala	1	no assertion criteria provided	See cases
TP53	P04637	Glu171Asp	1	no assertion criteria provided	Acute myeloid leukemia
VHL	P40337	Arg113Gln	0	criteria provided, single submitter	Hereditary cancer-predisposing syndrome
MSH2	P43246	Ser612Pro	0	criteria provided, single submitter	Hereditary cancer-predisposing syndrome
MSH2	P43246	Gln893Arg	0	criteria provided, single submitter	Hereditary cancer-predisposing syndrome
RB1	P06400	Ser794Asn	0	criteria provided, single submitter	Hereditary cancer-predisposing syndrome
TP53	P04637	Pro4Gln	0	criteria provided, single submitter	Hereditary cancer-predisposing syndrome
TP53	P04637	Ser313Asn	0	criteria provided, single submitter	Hereditary cancer-predisposing syndrome
TP53	P04637	Glu336Gln	0	criteria provided, single submitter	Hereditary cancer-predisposing syndrome
TP53	P04637	Asp324Glu	0	criteria provided, single submitter	Hereditary cancer-predisposing syndrome
TP53	P04637	Asp228Tyr	0	criteria provided, single submitter	Hereditary cancer-predisposing syndrome
LDLR	P01130	Cys696Ser	1	criteria provided, single submitter	Cardiovascular phenotype
ATM	Q13315	Glu1031Asp	1	criteria provided, single submitter	Hereditary cancer-predisposing syndrome
ATM	Q13315	Ala2324Thr	0	criteria provided, single submitter	Hereditary cancer-predisposing syndrome
VHL	P40337	His115Tyr	1	criteria provided, single submitter	Hereditary cancer-predisposing syndrome
MSH2	P43246	Gln518Glu	0	criteria provided, single submitter	Hereditary cancer-predisposing syndrome
MSH2	P43246	Val437Glu	0	criteria provided, single submitter	Hereditary cancer-predisposing syndrome
MSH2	P43246	Glu28Ala	0	criteria provided, single submitter	Hereditary cancer-predisposing syndrome
MSH2	P43246	Lys635Thr	0	criteria provided, single submitter	Hereditary cancer-predisposing syndrome
MSH2	P43246	Lys104Asn	0	criteria provided, single submitter	Hereditary cancer-predisposing syndrome
MSH2	P43246	Pro125Ser	0	criteria provided, single submitter	Hereditary cancer-predisposing syndrome
MSH2	P43246	Cys697Trp	1	criteria provided, multiple submitters, no conflicts	Hereditary cancer-predisposing syndrome|Lynch syndrome 1
MSH2	P43246	His785Asp	0	criteria provided, single submitter	Hereditary cancer-predisposing syndrome
MSH2	P43246	Lys29Arg	0	criteria provided, single submitter	Hereditary cancer-predisposing syndrome
MSH2	P43246	Arg21Gly	0	criteria provided, single submitter	Hereditary cancer-predisposing syndrome
MSH2	P43246	Thr335Ser	0	criteria provided, single submitter	Hereditary cancer-predisposing syndrome
MSH2	P43246	Ser928Leu	0	criteria provided, single submitter	Hereditary cancer-predisposing syndrome
MSH2	P43246	Ser271Phe	0	criteria provided, single submitter	Hereditary cancer-predisposing syndrome
MSH2	P43246	Val655Leu	0	criteria provided, single submitter	Hereditary cancer-predisposing syndrome
MSH2	P43246	Val267Leu	0	criteria provided, single submitter	Hereditary cancer-predisposing syndrome
BRCA2	P51587	Lys944Thr	0	criteria provided, single submitter	Hereditary cancer-predisposing syndrome
BRCA2	P51587	Glu2903Lys	0	criteria provided, single submitter	Hereditary cancer-predisposing syndrome
BRCA2	P51587	Val2211Ile	0	criteria provided, single submitter	Hereditary cancer-predisposing syndrome
BRCA2	P51587	Lys2524Asn	0	criteria provided, single submitter	Hereditary cancer-predisposing syndrome
BRCA2	P51587	Asp2692Gly	0	criteria provided, single submitter	Hereditary cancer-predisposing syndrome
MSH2	P43246	Pro415His	0	criteria provided, single submitter	Hereditary cancer-predisposing syndrome
MSH2	P43246	Ala636Thr	0	criteria provided, single submitter	Hereditary cancer-predisposing syndrome
CFTR	P13569	Ile869Val	0	criteria provided, single submitter	Cystic fibrosis
CFTR	P13569	Ala1009Ser	0	criteria provided, single submitter	Cystic fibrosis|CFTR-related disorder
BRCA2	P51587	Phe2873Ser	0	criteria provided, single submitter	Hereditary cancer-predisposing syndrome
MSH2	P43246	Arg227Ile	0	criteria provided, single submitter	Hereditary cancer-predisposing syndrome
ATM	Q13315	Gly2678Glu	0	criteria provided, single submitter	Hereditary cancer-predisposing syndrome
MSH2	P43246	Val617Ile	0	criteria provided, single submitter	Hereditary cancer-predisposing syndrome
COL1A1	P02452	Arg958Cys	1	criteria provided, single submitter	not provided
FBN1	P35555	Cys1889Arg	1	criteria provided, single submitter	not provided
PTEN	P60484	Asp326Asn	1	criteria provided, multiple submitters, no conflicts	not provided|PTEN hamartoma tumor syndrome|Neoplasm
COL1A1	P02452	Phe1326Cys	1	criteria provided, single submitter	Osteogenesis imperfecta, perinatal lethal
FBN1	P35555	Gly2802Val	1	no assertion criteria provided	Marfan syndrome
FBN1	P35555	Asp1404Gly	1	no assertion criteria provided	Marfan syndrome
FBN1	P35555	Thr1362Ser	1	no assertion criteria provided	Marfan syndrome
FBN1	P35555	Arg539Gln	0	criteria provided, single submitter	Marfan syndrome|Familial thoracic aortic aneurysm and aortic dissection;Marfan syndrome
FBN1	P35555	Cys2217Gly	1	criteria provided, single submitter	not provided
PTEN	P60484	Lys66Glu	1	criteria provided, single submitter	not provided
FBN1	P35555	Cys2190Tyr	1	criteria provided, single submitter	8 conditions
LDLR	P01130	Asp133Tyr	1	criteria provided, single submitter	Hypercholesterolemia, familial, 1
COL1A1	P02452	Gly356Ser	1	criteria provided, single submitter	not provided
COL1A1	P02452	Gly335Val	1	criteria provided, single submitter	Osteogenesis imperfecta, perinatal lethal
BRAF	P15056	Gly466Arg	1	criteria provided, single submitter	not provided
PTEN	P60484	Asn276Ser	1	criteria provided, multiple submitters, no conflicts	Macrocephaly-autism syndrome|Borderline Ovarian Mucinous Tumor|Glioma susceptibility 1
PTEN	P60484	Ala121Thr	1	criteria provided, single submitter	not provided|Prostate cancer, hereditary, 1
TP53	P04637	Ser240Asn	1	no assertion criteria provided	Acute myeloid leukemia
COL1A1	P02452	Gly941Ser	1	no assertion criteria provided	Osteogenesis imperfecta type III
KRAS	P01116	Val7Glu	1	criteria provided, single submitter	RASopathy
TP53	P04637	Gln165Leu	1	no assertion criteria provided	Acute myeloid leukemia
COL1A1	P02452	Gly1028Ser	1	criteria provided, multiple submitters, no conflicts	not provided|Osteogenesis imperfecta type I
LDLR	P01130	Cys364Gly	1	criteria provided, multiple submitters, no conflicts	Hypercholesterolemia, familial, 1|Cardiovascular phenotype
COL1A1	P02452	Gly1124Asp	1	criteria provided, single submitter	Cardiovascular phenotype
RB1	P06400	Lys192Arg	0	criteria provided, single submitter	Hereditary cancer-predisposing syndrome
BRCA2	P51587	Trp2619Gly	1	criteria provided, single submitter	Hereditary cancer-predisposing syndrome
BRCA2	P51587	Trp2626Cys	1	criteria provided, single submitter	Hereditary cancer-predisposing syndrome
VHL	P40337	Leu63Arg	1	criteria provided, multiple submitters, no conflicts	Hereditary cancer-predisposing syndrome|Chuvash polycythemia;Von Hippel-Lindau syndrome|Von Hippel-Lindau syndrome
PTEN	P60484	Leu108Phe	1	criteria provided, single submitter	Hereditary cancer-predisposing syndrome|Prostate cancer, hereditary, 1
PTEN	P60484	Arg15Gly	1	criteria provided, single submitter	Hereditary cancer-predisposing syndrome
MSH2	P43246	Val684Met	0	criteria provided, single submitter	Hereditary cancer-predisposing syndrome
MSH2	P43246	Pro349His	1	criteria provided, single submitter	Hereditary cancer-predisposing syndrome
MSH2	P43246	Thr335Pro	1	criteria provided, single submitter	Hereditary cancer-predisposing syndrome
BRCA2	P51587	Leu2917Phe	0	criteria provided, single submitter	Hereditary cancer-predisposing syndrome
BRCA2	P51587	Ile3075Val	0	criteria provided, single submitter	Hereditary cancer-predisposing syndrome
BRCA2	P51587	Ile3048Met	0	criteria provided, single submitter	Hereditary cancer-predisposing syndrome
BRCA2	P51587	Arg2799Gly	0	criteria provided, single submitter	Hereditary cancer-predisposing syndrome
BRCA2	P51587	Val2728Phe	0	criteria provided, single submitter	Hereditary cancer-predisposing syndrome
BRCA2	P51587	Phe3090Ser	0	criteria provided, single submitter	Hereditary cancer-predisposing syndrome
BRCA2	P51587	Thr2703Asn	0	criteria provided, single submitter	Hereditary cancer-predisposing syndrome
BRCA2	P51587	Glu3367Asp	0	criteria provided, single submitter	Hereditary cancer-predisposing syndrome
MSH2	P43246	Phe85Val	0	criteria provided, single submitter	Hereditary cancer-predisposing syndrome
MSH2	P43246	Glu455Ala	0	criteria provided, single submitter	Hereditary cancer-predisposing syndrome
MSH2	P43246	Ala391Gly	0	criteria provided, single submitter	Hereditary cancer-predisposing syndrome
MSH2	P43246	Ser585Ala	0	criteria provided, single submitter	Hereditary cancer-predisposing syndrome
MSH2	P43246	Ile511Thr	0	criteria provided, single submitter	Hereditary cancer-predisposing syndrome
MSH2	P43246	Gly18Arg	0	criteria provided, single submitter	Hereditary cancer-predisposing syndrome
MSH2	P43246	Glu455Gly	0	criteria provided, single submitter	Hereditary cancer-predisposing syndrome
MSH2	P43246	Ser185Pro	0	criteria provided, single submitter	Hereditary cancer-predisposing syndrome
MSH2	P43246	Gly195Arg	0	criteria provided, single submitter	Hereditary cancer-predisposing syndrome
MSH2	P43246	Thr594Ser	0	criteria provided, single submitter	Hereditary cancer-predisposing syndrome
MSH2	P43246	Val644Phe	0	criteria provided, single submitter	Hereditary cancer-predisposing syndrome
CFTR	P13569	Pro1462Ser	0	criteria provided, single submitter	Cystic fibrosis
RB1	P06400	Ser508Ala	0	criteria provided, single submitter	Hereditary cancer-predisposing syndrome
VHL	P40337	Arg79Pro	1	criteria provided, single submitter	Hereditary cancer-predisposing syndrome
VHL	P40337	Val194Met	0	criteria provided, single submitter	Hereditary cancer-predisposing syndrome
MLH1	P40692	Lys311Met	1	criteria provided, single submitter	Hereditary cancer-predisposing syndrome
LDLR	P01130	Phe403Ser	1	criteria provided, single submitter	Cardiovascular phenotype
LDLR	P01130	Asp172Ala	1	criteria provided, multiple submitters, no conflicts	Cardiovascular phenotype|Familial hypercholesterolemia
ATM	Q13315	Met838Arg	0	criteria provided, single submitter	Hereditary cancer-predisposing syndrome
FBN1	P35555	Gly1754Asp	1	criteria provided, multiple submitters, no conflicts	Weill-Marchesani syndrome 2, dominant|Marfan syndrome;Familial thoracic aortic aneurysm and aortic dissection
FBN1	P35555	Ser110Cys	1	criteria provided, single submitter	Weill-Marchesani syndrome 2, dominant
FBN1	P35555	Cys1153Phe	1	criteria provided, single submitter	Marfan syndrome
FBN1	P35555	Glu2105Asp	1	criteria provided, single submitter	FBN1-related disorder
COL1A1	P02452	Gly890Ala	1	criteria provided, single submitter	Osteogenesis imperfecta with normal sclerae, dominant form
FBN1	P35555	Cys1039Arg	1	criteria provided, single submitter	Marfan syndrome
COL1A1	P02452	Gly245Glu	1	criteria provided, single submitter	not provided
COL1A1	P02452	Gly557Asp	1	criteria provided, single submitter	not provided
COL1A1	P02452	Gly953Val	1	criteria provided, single submitter	Osteogenesis imperfecta type III
PAH	P00439	Gly332Arg	1	reviewed by expert panel	Phenylketonuria
PAH	P00439	Ala202Thr	1	reviewed by expert panel	Phenylketonuria
FBN1	P35555	Val1756Ala	1	no assertion criteria provided	Marfan syndrome
TP53	P04637	Ser269Ile	1	no assertion criteria provided	Acute myeloid leukemia
TP53	P04637	Pro318Ser	0	no assertion criteria provided	Acute myeloid leukemia
TP53	P04637	Ser269Cys	0	no assertion criteria provided	Acute myeloid leukemia
KRAS	P01116	Thr50Pro	1	criteria provided, single submitter	not provided
FBN1	P35555	Cys2265Arg	1	criteria provided, multiple submitters, no conflicts	not provided|Marfan syndrome;Familial thoracic aortic aneurysm and aortic dissection
CFTR	P13569	Thr1036Ala	1	criteria provided, single submitter	Cystic fibrosis
BRCA2	P51587	Tyr2624Asp	1	criteria provided, single submitter	Breast-ovarian cancer, familial, susceptibility to, 2
TP53	P04637	Glu326Val	1	no assertion criteria provided	Acute myeloid leukemia
TP53	P04637	Asp324Asn	0	no assertion criteria provided	Acute myeloid leukemia
FBN1	P35555	Cys1562Tyr	1	criteria provided, single submitter	not provided
FBN1	P35555	Ser1077Cys	1	criteria provided, single submitter	not provided
COL1A1	P02452	Gly476Arg	1	criteria provided, multiple submitters, no conflicts	Osteogenesis imperfecta|not provided
PAH	P00439	Ser67Ala	1	criteria provided, single submitter	Phenylketonuria
FBN1	P35555	Cys1652Ser	1	criteria provided, single submitter	Marfan syndrome
EGFR	P00533	Gly598Arg	1	no assertion criteria provided	Malignant tumor of urinary bladder
EGFR	P00533	Thr854Ile	1	no assertion criteria provided	Malignant tumor of urinary bladder
EGFR	P00533	Pro596Ser	1	no assertion criteria provided	Malignant tumor of urinary bladder
EGFR	P00533	Ala763Thr	1	no assertion criteria provided	Malignant tumor of urinary bladder
EGFR	P00533	Leu833Phe	1	no assertion criteria provided	Lung adenocarcinoma
EGFR	P00533	Lys852Thr	1	no assertion criteria provided	Lung adenocarcinoma
MSH2	P43246	Met253Ile	0	criteria provided, single submitter	Lynch syndrome 1
FBN1	P35555	Asn1975Lys	1	criteria provided, single submitter	Marfan syndrome
RB1	P06400	Asn133Asp	0	criteria provided, single submitter	Hereditary cancer-predisposing syndrome
BRCA1	P38398	Tyr1113His	0	criteria provided, single submitter	Hereditary cancer-predisposing syndrome
TP53	P04637	Phe341Leu	0	criteria provided, single submitter	Hereditary cancer-predisposing syndrome
TP53	P04637	Thr387Pro	0	criteria provided, single submitter	Hereditary cancer-predisposing syndrome
MLH1	P40692	Glu23Asp	1	criteria provided, multiple submitters, no conflicts	Hereditary cancer-predisposing syndrome|Colorectal cancer, hereditary nonpolyposis, type 2
BRCA2	P51587	Arg2659Ser	1	criteria provided, single submitter	Hereditary cancer-predisposing syndrome
BRCA2	P51587	Lys2979Gln	0	criteria provided, single submitter	Hereditary cancer-predisposing syndrome
BRCA2	P51587	Tyr2920His	0	criteria provided, single submitter	Hereditary cancer-predisposing syndrome
BRCA2	P51587	Phe625Leu	0	criteria provided, single submitter	Hereditary cancer-predisposing syndrome
BRCA2	P51587	Asp3064His	0	criteria provided, single submitter	Hereditary cancer-predisposing syndrome
BRCA2	P51587	Lys2715Arg	0	criteria provided, single submitter	Hereditary cancer-predisposing syndrome
MSH2	P43246	Thr292Ile	0	criteria provided, single submitter	Hereditary cancer-predisposing syndrome
MSH2	P43246	Ser153Ala	0	criteria provided, single submitter	Hereditary cancer-predisposing syndrome
MSH2	P43246	Gly18Ala	0	criteria provided, single submitter	Hereditary cancer-predisposing syndrome
MSH2	P43246	Asp543Ala	0	criteria provided, single submitter	Hereditary cancer-predisposing syndrome
MSH2	P43246	His839Gln	0	criteria provided, multiple submitters, no conflicts	Hereditary cancer-predisposing syndrome
MSH2	P43246	Arg396Lys	0	criteria provided, single submitter	Hereditary cancer-predisposing syndrome
MSH2	P43246	Asn903Lys	0	criteria provided, single submitter	Hereditary cancer-predisposing syndrome
MSH2	P43246	Lys104Glu	0	criteria provided, single submitter	Hereditary cancer-predisposing syndrome
FBN1	P35555	Leu16Pro	1	criteria provided, single submitter	Familial thoracic aortic aneurysm and aortic dissection|Marfan syndrome
ATM	Q13315	Cys669Tyr	0	criteria provided, single submitter	Hereditary cancer-predisposing syndrome
PTEN	P60484	His118Pro	1	criteria provided, multiple submitters, no conflicts	Hereditary cancer-predisposing syndrome|Cowden syndrome 1
COL1A1	P02452	Gly1001Ser	1	criteria provided, multiple submitters, no conflicts	Osteogenesis imperfecta with normal sclerae, dominant form
COL1A1	P02452	Gly731Asp	1	criteria provided, single submitter	Osteogenesis imperfecta, perinatal lethal
COL1A1	P02452	His1323Tyr	1	criteria provided, multiple submitters, no conflicts	Osteogenesis imperfecta type I
TP53	P04637	Phe109Ile	1	criteria provided, multiple submitters, no conflicts	Li-Fraumeni syndrome|not provided
FBN1	P35555	Cys853Tyr	1	no assertion criteria provided	Marfan syndrome
VHL	P40337	Tyr98Asn	1	criteria provided, single submitter	Von Hippel-Lindau syndrome
FBN1	P35555	Cys2483Gly	1	no assertion criteria provided	Marfan syndrome
COL1A1	P02452	Gly350Val	1	no assertion criteria provided	Osteogenesis imperfecta type III
PTEN	P60484	Cys105Arg	1	criteria provided, multiple submitters, no conflicts	Macrocephaly-autism syndrome|Cowden syndrome 1
KRAS	P01116	Pro34Gln	1	criteria provided, single submitter	KRAS-related disorder
COL1A1	P02452	Gly761Asp	1	criteria provided, single submitter	COL1A1-related disorder
FBN1	P35555	Pro1506Thr	1	criteria provided, single submitter	FBN1-related disorder
COL1A1	P02452	Gly992Asp	1	criteria provided, single submitter	COL1A1-related disorder
FBN1	P35555	Cys1242Trp	1	criteria provided, single submitter	Marfan syndrome
MYC	P01106	Thr73Ala	1	criteria provided, single submitter	not provided|Acute myeloid leukemia
FBN1	P35555	Gly214Asp	1	criteria provided, multiple submitters, no conflicts	not provided|Familial thoracic aortic aneurysm and aortic dissection
FBN1	P35555	Asp1238Gly	1	criteria provided, single submitter	not provided
PTEN	P60484	Tyr27Phe	1	criteria provided, single submitter	not provided
HBB	P68871	His93Gln	1	criteria provided, single submitter	Beta-thalassemia HBB/LCRB
PAH	P00439	Thr266Ile	1	criteria provided, single submitter	Phenylketonuria
PAH	P00439	Arg169Leu	1	criteria provided, multiple submitters, no conflicts	Phenylketonuria
PAH	P00439	Ser310Cys	1	criteria provided, single submitter	Phenylketonuria
TP53	P04637	Asp259Ala	1	no assertion criteria provided	Malignant lymphoma, large B-cell, diffuse
MSH2	P43246	Gly683Arg	1	criteria provided, single submitter	Lynch syndrome 1
MLH1	P40692	Glu34Ala	1	criteria provided, single submitter	Colorectal cancer, hereditary nonpolyposis, type 2
VHL	P40337	Ser111Arg	1	criteria provided, single submitter	Von Hippel-Lindau syndrome
PTEN	P60484	Gly127Arg	1	criteria provided, single submitter	Cowden syndrome 1
PTEN	P60484	Ala121Glu	1	criteria provided, single submitter	Cowden syndrome 1
PTEN	P60484	Leu112Arg	1	criteria provided, multiple submitters, no conflicts	Cowden syndrome 1|not provided
MSH2	P43246	Leu330Arg	1	criteria provided, single submitter	Lynch syndrome 1
MSH2	P43246	Pro696Arg	1	criteria provided, single submitter	Lynch syndrome 1
MSH2	P43246	Thr732Pro	1	criteria provided, single submitter	Lynch syndrome 1
MSH2	P43246	Glu749Gly	1	criteria provided, single submitter	Lynch syndrome 1
MSH2	P43246	Leu270Arg	1	criteria provided, single submitter	Lynch syndrome 1
BRAF	P15056	Phe247Leu	1	no assertion criteria provided	Noonan syndrome 1
FBN1	P35555	Phe2188Cys	1	criteria provided, single submitter	Marfan syndrome
LDLR	P01130	Cys296Gly	1	criteria provided, single submitter	not provided
PAH	P00439	Leu385Pro	1	reviewed by expert panel	Phenylketonuria
PAH	P00439	Ile324Asn	1	reviewed by expert panel	Phenylketonuria
COL1A1	P02452	Gly407Ser	1	criteria provided, single submitter	not provided
TP53	P04637	Ala347Gly	0	criteria provided, single submitter	Hereditary breast ovarian cancer syndrome
BRCA2	P51587	Gln3409Pro	0	no assertion criteria provided	Breast-ovarian cancer, familial, susceptibility to, 2
BRCA1	P38398	Asp458Glu	0	no assertion criteria provided	Breast-ovarian cancer, familial, susceptibility to, 1
BRCA1	P38398	Asp746Val	0	no assertion criteria provided	Breast-ovarian cancer, familial, susceptibility to, 1
BRCA1	P38398	Pro981Ala	0	no assertion criteria provided	Breast-ovarian cancer, familial, susceptibility to, 1
BRCA2	P51587	Ile1173Met	0	no assertion criteria provided	Breast-ovarian cancer, familial, susceptibility to, 2
BRCA2	P51587	Thr1609Ser	0	criteria provided, single submitter	Breast-ovarian cancer, familial, susceptibility to, 2|Hereditary cancer-predisposing syndrome
BRCA2	P51587	Ser1848Thr	0	no assertion criteria provided	Breast-ovarian cancer, familial, susceptibility to, 2
BRCA2	P51587	Asp1902Ala	0	no assertion criteria provided	Breast-ovarian cancer, familial, susceptibility to, 2
BRCA2	P51587	Asp1911His	0	no assertion criteria provided	Breast-ovarian cancer, familial, susceptibility to, 2
PTEN	P60484	Glu150Lys	1	criteria provided, single submitter	Prostate cancer, hereditary, 1|Triple-negative breast cancer
PTEN	P60484	Ala121Pro	1	criteria provided, single submitter	Prostate cancer, hereditary, 1|not provided
BRCA1	P38398	Asp1441Asn	1	criteria provided, single submitter	not specified
FBN1	P35555	Cys1444Arg	1	criteria provided, single submitter	Familial thoracic aortic aneurysm and aortic dissection
MLH1	P40692	Thr347Ile	1	criteria provided, single submitter	Colorectal cancer, hereditary nonpolyposis, type 2
BRCA1	P38398	Thr367Ser	0	criteria provided, single submitter	not specified
BRCA2	P51587	Ser1205Tyr	0	criteria provided, single submitter	not specified
BRCA2	P51587	Lys2017Asn	0	criteria provided, single submitter	not specified
BRCA2	P51587	Phe2055Tyr	0	criteria provided, single submitter	not specified
BRCA2	P51587	Ala2061Val	0	criteria provided, single submitter	not specified
TP53	P04637	Phe113Leu	1	criteria provided, single submitter	Li-Fraumeni syndrome
COL1A1	P02452	Gly395Ala	1	criteria provided, single submitter	Osteogenesis imperfecta type I
LDLR	P01130	Tyr375Asp	1	criteria provided, single submitter	Familial hypercholesterolemia
LDLR	P01130	Asn370Ile	1	criteria provided, single submitter	Familial hypercholesterolemia
LDLR	P01130	Gly565Ser	1	criteria provided, single submitter	Familial hypercholesterolemia
LDLR	P01130	Trp533Cys	1	criteria provided, single submitter	Familial hypercholesterolemia
LDLR	P01130	Pro685Arg	1	criteria provided, multiple submitters, no conflicts	Familial hypercholesterolemia|Cardiovascular phenotype
COL1A1	P02452	Gly485Ser	1	criteria provided, single submitter	Osteogenesis imperfecta type I
KRAS	P01116	Phe156Ser	1	criteria provided, single submitter	RASopathy
LDLR	P01130	Asp263Tyr	1	criteria provided, single submitter	Familial hypercholesterolemia
MSH2	P43246	Glu701Lys	0	criteria provided, single submitter	Hereditary nonpolyposis colorectal neoplasms
COL1A1	P02452	Gly611Asp	1	criteria provided, single submitter	Osteogenesis imperfecta type I
LDLR	P01130	Gly565Cys	1	criteria provided, single submitter	Familial hypercholesterolemia
PAH	P00439	Thr418Asn	1	criteria provided, single submitter	Phenylketonuria
PAH	P00439	Pro362Leu	1	criteria provided, single submitter	Phenylketonuria
RB1	P06400	Gly449Glu	1	criteria provided, single submitter	Retinoblastoma
COL1A1	P02452	Asp1332Gly	0	criteria provided, multiple submitters, no conflicts	Osteogenesis imperfecta type I|Cardiovascular phenotype|not provided
LDLR	P01130	Thr389Ala	1	criteria provided, single submitter	Familial hypercholesterolemia
HBB	P68871	Gly108Asp	1	criteria provided, multiple submitters, no conflicts	not provided|beta Thalassemia
COL1A1	P02452	Thr1234Ser	0	criteria provided, single submitter	Osteogenesis imperfecta type I
COL1A1	P02452	Gly182Val	1	criteria provided, single submitter	Osteogenesis imperfecta type I
COL1A1	P02452	Gly626Ser	1	criteria provided, multiple submitters, no conflicts	Osteogenesis imperfecta type I|Osteogenesis imperfecta with normal sclerae, dominant form
COL1A1	P02452	Gly410Ser	1	criteria provided, multiple submitters, no conflicts	Osteogenesis imperfecta type I
COL1A1	P02452	Gly320Val	1	criteria provided, multiple submitters, no conflicts	Osteogenesis imperfecta type I|not provided
TP53	P04637	Leu344Arg	1	reviewed by expert panel	Li-Fraumeni syndrome|Hereditary cancer-predisposing syndrome
LDLR	P01130	Ala521Ser	1	criteria provided, single submitter	Familial hypercholesterolemia
KRAS	P01116	Lys147Asn	1	criteria provided, single submitter	RASopathy
MSH2	P43246	Lys845Gln	0	criteria provided, single submitter	Hereditary nonpolyposis colorectal neoplasms
COL1A1	P02452	Gly791Ala	1	criteria provided, single submitter	Osteogenesis imperfecta type I
COL1A1	P02452	Gly803Ser	1	criteria provided, single submitter	Osteogenesis imperfecta type I
MSH2	P43246	Lys423Arg	0	criteria provided, single submitter	Hereditary nonpolyposis colorectal neoplasms
TP53	P04637	Cys277Gly	1	reviewed by expert panel	Li-Fraumeni syndrome|Hereditary cancer-predisposing syndrome
MLH1	P40692	Lys84Gln	1	criteria provided, single submitter	Hereditary nonpolyposis colorectal neoplasms
COL1A1	P02452	Pro57Ala	0	criteria provided, single submitter	Osteogenesis imperfecta type I
MLH1	P40692	Asn306Asp	1	criteria provided, single submitter	Hereditary nonpolyposis colorectal neoplasms
CFTR	P13569	Met952Ile	1	criteria provided, single submitter	Cystic fibrosis
PTEN	P60484	Leu108Arg	1	criteria provided, single submitter	PTEN hamartoma tumor syndrome
BRAF	P15056	Asp565Glu	1	criteria provided, multiple submitters, no conflicts	RASopathy|Cardiofaciocutaneous syndrome 1
FBN1	P35555	Cys1402Ser	1	criteria provided, single submitter	Familial thoracic aortic aneurysm and aortic dissection
LDLR	P01130	Leu414Gln	1	criteria provided, multiple submitters, no conflicts	Hypercholesterolemia, familial, 1|Familial hypercholesterolemia
LDLR	P01130	Asn548Ser	1	criteria provided, single submitter	Familial hypercholesterolemia
PAH	P00439	Arg158Gly	1	criteria provided, single submitter	Phenylketonuria
MSH2	P43246	Lys537Thr	0	criteria provided, single submitter	Hereditary nonpolyposis colorectal neoplasms
MSH2	P43246	Glu86Gln	0	criteria provided, multiple submitters, no conflicts	Hereditary nonpolyposis colorectal neoplasms|Hereditary cancer-predisposing syndrome
MSH2	P43246	Ser281Leu	0	criteria provided, multiple submitters, no conflicts	Hereditary nonpolyposis colorectal neoplasms|Hereditary cancer-predisposing syndrome
PAH	P00439	Asp338Val	1	criteria provided, single submitter	Phenylketonuria
TP53	P04637	Asp48Gly	0	reviewed by expert panel	Li-Fraumeni syndrome
COL1A1	P02452	Pro119Arg	0	criteria provided, single submitter	Osteogenesis imperfecta type I
MSH2	P43246	Arg396Thr	0	criteria provided, single submitter	Hereditary nonpolyposis colorectal neoplasms
PAH	P00439	Thr238Ile	1	criteria provided, single submitter	Phenylketonuria
PAH	P00439	His271Asn	1	criteria provided, single submitter	Phenylketonuria
PAH	P00439	Asp84Asn	1	criteria provided, single submitter	Phenylketonuria
COL1A1	P02452	Gly353Arg	1	criteria provided, single submitter	Osteogenesis imperfecta type I
KRAS	P01116	Arg68Gly	1	criteria provided, single submitter	RASopathy
COL1A1	P02452	Met181Ile	1	criteria provided, single submitter	Osteogenesis imperfecta type I
LDLR	P01130	Asn405Lys	1	criteria provided, single submitter	Familial hypercholesterolemia
COL1A1	P02452	Arg220Gln	0	criteria provided, single submitter	Osteogenesis imperfecta type I
COL1A1	P02452	Gly182Cys	1	criteria provided, multiple submitters, no conflicts	Osteogenesis imperfecta type I
COL1A1	P02452	Gly326Ser	1	criteria provided, single submitter	Osteogenesis imperfecta type I
COL1A1	P02452	Asp1104Asn	0	criteria provided, single submitter	Osteogenesis imperfecta type I
RB1	P06400	Met695Lys	1	criteria provided, single submitter	Retinoblastoma
MLH1	P40692	Ala21Gly	1	criteria provided, single submitter	Hereditary nonpolyposis colorectal neoplasms
COL1A1	P02452	Gly410Ala	1	criteria provided, single submitter	Osteogenesis imperfecta type I
MLH1	P40692	Phe683Val	1	criteria provided, single submitter	Hereditary nonpolyposis colorectal neoplasms
MSH2	P43246	Ile411Leu	0	criteria provided, single submitter	Hereditary nonpolyposis colorectal neoplasms
CFTR	P13569	Phe311Leu	1	criteria provided, multiple submitters, no conflicts	Cystic fibrosis
COL1A1	P02452	Gly437Ala	1	criteria provided, single submitter	Osteogenesis imperfecta type I
COL1A1	P02452	Arg187His	0	criteria provided, single submitter	Osteogenesis imperfecta type I
PAH	P00439	Pro279Thr	1	criteria provided, single submitter	Phenylketonuria
COL1A1	P02452	Ala858Val	0	criteria provided, single submitter	Osteogenesis imperfecta type I
PAH	P00439	Pro89Thr	1	criteria provided, single submitter	Phenylketonuria
COL1A1	P02452	Trp1275Cys	1	criteria provided, single submitter	Osteogenesis imperfecta type I
COL1A1	P02452	Asn295Lys	0	criteria provided, single submitter	Osteogenesis imperfecta type I
BRCA2	P51587	Lys1343Arg	0	criteria provided, single submitter	Familial cancer of breast
BRCA2	P51587	Ser2012Pro	0	criteria provided, single submitter	Familial cancer of breast
LDLR	P01130	Leu401Phe	1	criteria provided, single submitter	not provided
FBN1	P35555	Cys896Ser	1	criteria provided, single submitter	Marfan syndrome;Familial thoracic aortic aneurysm and aortic dissection
FBN1	P35555	Asp1115Tyr	1	criteria provided, single submitter	Marfan syndrome;Familial thoracic aortic aneurysm and aortic dissection
FBN1	P35555	Glu1852Ala	1	criteria provided, single submitter	Marfan syndrome;Familial thoracic aortic aneurysm and aortic dissection
FBN1	P35555	Ala2714Ser	0	criteria provided, single submitter	Familial thoracic aortic aneurysm and aortic dissection;Marfan syndrome
FBN1	P35555	Cys1305Tyr	1	criteria provided, single submitter	Familial thoracic aortic aneurysm and aortic dissection;Marfan syndrome
FBN1	P35555	Gly1100Asp	1	criteria provided, single submitter	Familial thoracic aortic aneurysm and aortic dissection;Marfan syndrome
FBN1	P35555	Gly1206Ser	1	criteria provided, single submitter	Marfan syndrome;Familial thoracic aortic aneurysm and aortic dissection
FBN1	P35555	Cys102Trp	1	criteria provided, single submitter	Marfan syndrome;Familial thoracic aortic aneurysm and aortic dissection
FBN1	P35555	Cys1900Arg	1	criteria provided, single submitter	Marfan syndrome;Familial thoracic aortic aneurysm and aortic dissection
VHL	P40337	Ser68Pro	1	criteria provided, single submitter	Von Hippel-Lindau syndrome;Chuvash polycythemia
VHL	P40337	Trp117Ser	1	criteria provided, single submitter	Von Hippel-Lindau syndrome;Chuvash polycythemia
FBN1	P35555	Cys2509Tyr	1	criteria provided, single submitter	Marfan syndrome;Familial thoracic aortic aneurysm and aortic dissection
FBN1	P35555	Cys2307Arg	1	criteria provided, single submitter	Marfan syndrome;Familial thoracic aortic aneurysm and aortic dissection
FBN1	P35555	Cys1895Tyr	1	criteria provided, single submitter	Marfan syndrome;Familial thoracic aortic aneurysm and aortic dissection
FBN1	P35555	Cys1860Arg	1	criteria provided, single submitter	Marfan syndrome;Familial thoracic aortic aneurysm and aortic dissection
FBN1	P35555	Cys1818Gly	1	criteria provided, single submitter	Marfan syndrome;Familial thoracic aortic aneurysm and aortic dissection
FBN1	P35555	Gly1780Glu	1	criteria provided, single submitter	Marfan syndrome;Familial thoracic aortic aneurysm and aortic dissection
FBN1	P35555	Cys1720Tyr	1	criteria provided, single submitter	Marfan syndrome;Familial thoracic aortic aneurysm and aortic dissection
FBN1	P35555	Cys1633Arg	1	criteria provided, single submitter	Marfan syndrome;Familial thoracic aortic aneurysm and aortic dissection
FBN1	P35555	Cys1526Ser	1	criteria provided, single submitter	Marfan syndrome;Familial thoracic aortic aneurysm and aortic dissection
FBN1	P35555	Cys1380Tyr	1	criteria provided, single submitter	Marfan syndrome;Familial thoracic aortic aneurysm and aortic dissection
FBN1	P35555	Gly1310Ser	1	criteria provided, single submitter	Marfan syndrome;Familial thoracic aortic aneurysm and aortic dissection
FBN1	P35555	Cys811Arg	1	criteria provided, single submitter	Marfan syndrome;Familial thoracic aortic aneurysm and aortic dissection
FBN1	P35555	Cys781Trp	1	criteria provided, single submitter	Marfan syndrome;Familial thoracic aortic aneurysm and aortic dissection
FBN1	P35555	Cys781Gly	1	criteria provided, single submitter	Marfan syndrome;Familial thoracic aortic aneurysm and aortic dissection
FBN1	P35555	Cys534Gly	1	criteria provided, single submitter	Marfan syndrome;Familial thoracic aortic aneurysm and aortic dissection
FBN1	P35555	Cys499Arg	1	criteria provided, single submitter	Marfan syndrome;Familial thoracic aortic aneurysm and aortic dissection
FBN1	P35555	Cys160Gly	1	criteria provided, single submitter	Familial thoracic aortic aneurysm and aortic dissection;Marfan syndrome
FBN1	P35555	Cys85Tyr	1	criteria provided, multiple submitters, no conflicts	Familial thoracic aortic aneurysm and aortic dissection;Marfan syndrome|not provided
VHL	P40337	Gly114Val	1	criteria provided, single submitter	Chuvash polycythemia;Von Hippel-Lindau syndrome
FBN1	P35555	Cys1687Tyr	1	criteria provided, single submitter	Familial thoracic aortic aneurysm and aortic dissection;Marfan syndrome
FBN1	P35555	Cys598Arg	1	criteria provided, single submitter	Familial thoracic aortic aneurysm and aortic dissection;Marfan syndrome
FBN1	P35555	Cys377Gly	1	criteria provided, multiple submitters, no conflicts	Familial thoracic aortic aneurysm and aortic dissection;Marfan syndrome|Familial thoracic aortic aneurysm and aortic dissection|Marfan syndrome
FBN1	P35555	Ala1163Thr	0	criteria provided, single submitter	Familial thoracic aortic aneurysm and aortic dissection;Marfan syndrome
FBN1	P35555	Cys154Tyr	1	criteria provided, multiple submitters, no conflicts	Marfan syndrome;Familial thoracic aortic aneurysm and aortic dissection|not provided
FBN1	P35555	Gly1169Arg	1	criteria provided, single submitter	Marfan syndrome;Familial thoracic aortic aneurysm and aortic dissection
FBN1	P35555	Cys1984Trp	1	criteria provided, single submitter	Marfan syndrome;Familial thoracic aortic aneurysm and aortic dissection
FBN1	P35555	Cys160Ser	1	criteria provided, single submitter	Marfan syndrome;Familial thoracic aortic aneurysm and aortic dissection
FBN1	P35555	Glu1200Lys	1	criteria provided, single submitter	Marfan syndrome;Familial thoracic aortic aneurysm and aortic dissection
FBN1	P35555	Phe1517Ile	1	criteria provided, single submitter	Familial thoracic aortic aneurysm and aortic dissection;Marfan syndrome
FBN1	P35555	Cys2528Gly	1	criteria provided, single submitter	Marfan syndrome;Familial thoracic aortic aneurysm and aortic dissection
FBN1	P35555	Ile724Lys	1	criteria provided, single submitter	Marfan syndrome;Familial thoracic aortic aneurysm and aortic dissection
FBN1	P35555	Cys2541Tyr	1	criteria provided, single submitter	Marfan syndrome;Familial thoracic aortic aneurysm and aortic dissection
FBN1	P35555	Cys2535Gly	1	criteria provided, single submitter	Marfan syndrome;Familial thoracic aortic aneurysm and aortic dissection
FBN1	P35555	Cys2622Phe	1	criteria provided, single submitter	Marfan syndrome;Familial thoracic aortic aneurysm and aortic dissection
FBN1	P35555	Cys711Phe	1	criteria provided, single submitter	Marfan syndrome;Familial thoracic aortic aneurysm and aortic dissection
FBN1	P35555	Gly1206Val	1	criteria provided, single submitter	Marfan syndrome;Familial thoracic aortic aneurysm and aortic dissection
FBN1	P35555	Glu1241Lys	1	criteria provided, multiple submitters, no conflicts	Marfan syndrome;Familial thoracic aortic aneurysm and aortic dissection|Marfan syndrome
FBN1	P35555	Pro793Ser	0	criteria provided, single submitter	Marfan syndrome;Familial thoracic aortic aneurysm and aortic dissection
FBN1	P35555	Gly1987Cys	1	criteria provided, single submitter	Marfan syndrome;Familial thoracic aortic aneurysm and aortic dissection
FBN1	P35555	Cys2190Arg	1	criteria provided, single submitter	Marfan syndrome;Familial thoracic aortic aneurysm and aortic dissection
FBN1	P35555	Gly127Cys	1	criteria provided, single submitter	Marfan syndrome;Familial thoracic aortic aneurysm and aortic dissection
FBN1	P35555	Cys2258Ser	1	criteria provided, single submitter	Marfan syndrome;Familial thoracic aortic aneurysm and aortic dissection
FBN1	P35555	Glu616Gln	1	criteria provided, single submitter	Marfan syndrome;Familial thoracic aortic aneurysm and aortic dissection
FBN1	P35555	Cys1720Trp	1	criteria provided, single submitter	Marfan syndrome;Familial thoracic aortic aneurysm and aortic dissection
FBN1	P35555	Gly880Ala	1	criteria provided, single submitter	Marfan syndrome;Familial thoracic aortic aneurysm and aortic dissection
FBN1	P35555	Ile817Met	0	criteria provided, single submitter	Marfan syndrome;Familial thoracic aortic aneurysm and aortic dissection
FBN1	P35555	Cys1044Ser	1	criteria provided, single submitter	Marfan syndrome;Familial thoracic aortic aneurysm and aortic dissection
FBN1	P35555	Cys2232Gly	1	criteria provided, single submitter	Marfan syndrome;Familial thoracic aortic aneurysm and aortic dissection
FBN1	P35555	Ile2437Val	0	criteria provided, single submitter	Marfan syndrome;Familial thoracic aortic aneurysm and aortic dissection
VHL	P40337	Arg107Ser	1	criteria provided, single submitter	Chuvash polycythemia;Von Hippel-Lindau syndrome
FBN1	P35555	Gly1310Arg	1	criteria provided, single submitter	Marfan syndrome;Familial thoracic aortic aneurysm and aortic dissection
FBN1	P35555	Asn741Lys	1	criteria provided, multiple submitters, no conflicts	Marfan syndrome;Familial thoracic aortic aneurysm and aortic dissection|Marfan syndrome
FBN1	P35555	Cys2289Ser	1	criteria provided, single submitter	Marfan syndrome;Familial thoracic aortic aneurysm and aortic dissection
FBN1	P35555	Cys1812Ser	1	criteria provided, single submitter	Marfan syndrome;Familial thoracic aortic aneurysm and aortic dissection
FBN1	P35555	Cys2565Arg	1	criteria provided, single submitter	Marfan syndrome;Familial thoracic aortic aneurysm and aortic dissection
FBN1	P35555	Cys494Arg	1	criteria provided, single submitter	Marfan syndrome;Familial thoracic aortic aneurysm and aortic dissection
FBN1	P35555	Cys250Arg	1	criteria provided, single submitter	Marfan syndrome;Familial thoracic aortic aneurysm and aortic dissection
FBN1	P35555	Cys683Trp	1	criteria provided, single submitter	Marfan syndrome;Familial thoracic aortic aneurysm and aortic dissection
FBN1	P35555	Glu1073Gly	1	criteria provided, single submitter	Marfan syndrome;Familial thoracic aortic aneurysm and aortic dissection
FBN1	P35555	Glu2169Lys	1	criteria provided, single submitter	Marfan syndrome;Familial thoracic aortic aneurysm and aortic dissection
VHL	P40337	Met54Ile	1	criteria provided, single submitter	Von Hippel-Lindau syndrome;Chuvash polycythemia
FBN1	P35555	Cys2190Gly	1	criteria provided, single submitter	Marfan syndrome;Familial thoracic aortic aneurysm and aortic dissection
FBN1	P35555	Cys1577Arg	1	criteria provided, single submitter	Marfan syndrome;Familial thoracic aortic aneurysm and aortic dissection
FBN1	P35555	Gly234Cys	1	criteria provided, multiple submitters, no conflicts	Marfan syndrome;Familial thoracic aortic aneurysm and aortic dissection|Familial aortopathy
FBN1	P35555	Cys1249Gly	1	criteria provided, single submitter	Marfan syndrome;Familial thoracic aortic aneurysm and aortic dissection
FBN1	P35555	His554Pro	1	criteria provided, single submitter	Marfan syndrome;Familial thoracic aortic aneurysm and aortic dissection
FBN1	P35555	Cys150Phe	1	criteria provided, single submitter	Marfan syndrome;Familial thoracic aortic aneurysm and aortic dissection
VHL	P40337	Val74Phe	1	criteria provided, single submitter	Von Hippel-Lindau syndrome;Chuvash polycythemia
FBN1	P35555	Cys2217Ser	1	criteria provided, single submitter	Marfan syndrome;Familial thoracic aortic aneurysm and aortic dissection
FBN1	P35555	Cys1263Phe	1	criteria provided, single submitter	Marfan syndrome;Familial thoracic aortic aneurysm and aortic dissection
FBN1	P35555	Cys750Phe	1	criteria provided, single submitter	Marfan syndrome;Familial thoracic aortic aneurysm and aortic dissection
FBN1	P35555	Cys1408Ser	1	criteria provided, single submitter	Marfan syndrome;Familial thoracic aortic aneurysm and aortic dissection
VHL	P40337	Pro154Thr	1	criteria provided, single submitter	Von Hippel-Lindau syndrome;Chuvash polycythemia
FBN1	P35555	Cys1420Ser	1	criteria provided, single submitter	Marfan syndrome;Familial thoracic aortic aneurysm and aortic dissection
FBN1	P35555	Phe1954Leu	1	criteria provided, single submitter	Marfan syndrome;Familial thoracic aortic aneurysm and aortic dissection
FBN1	P35555	Phe602Cys	1	criteria provided, single submitter	Marfan syndrome;Familial thoracic aortic aneurysm and aortic dissection
FBN1	P35555	Cys2590Gly	1	criteria provided, single submitter	Marfan syndrome;Familial thoracic aortic aneurysm and aortic dissection
FBN1	P35555	Cys2251Trp	1	criteria provided, single submitter	Marfan syndrome;Familial thoracic aortic aneurysm and aortic dissection
FBN1	P35555	Tyr1509Asp	1	criteria provided, single submitter	Marfan syndrome;Familial thoracic aortic aneurysm and aortic dissection
LDLR	P01130	Asp301Val	1	criteria provided, single submitter	Familial hypercholesterolemia
RB1	P06400	Arg775Ser	1	criteria provided, single submitter	Retinoblastoma
CFTR	P13569	Asp110Glu	1	criteria provided, multiple submitters, no conflicts	Cystic fibrosis|CFTR-related disorder
COL1A1	P02452	Lys612Asn	0	criteria provided, single submitter	Osteogenesis imperfecta type I
FBN1	P35555	Gly2514Glu	1	criteria provided, multiple submitters, no conflicts	Marfan syndrome|not provided
PTEN	P60484	Lys221Glu	1	criteria provided, single submitter	not provided
FBN1	P35555	Cys1111Phe	1	no assertion criteria provided	FBN1-related disorder
COL1A1	P02452	Gly302Arg	1	no assertion criteria provided	COL1A1-related disorder
COL1A1	P02452	Gly1448Arg	1	criteria provided, multiple submitters, no conflicts	Osteogenesis imperfecta with normal sclerae, dominant form|not provided
CFTR	P13569	Trp1098Ser	1	criteria provided, single submitter	Cystic fibrosis
MSH2	P43246	Gly71Arg	1	criteria provided, single submitter	Lynch syndrome 1
FBN1	P35555	Cys2406Ser	1	criteria provided, single submitter	Marfan syndrome
FBN1	P35555	Cys1874Arg	1	criteria provided, single submitter	Marfan syndrome
COL1A1	P02452	Gly449Glu	1	criteria provided, single submitter	not provided
CFTR	P13569	Cys590Ser	1	criteria provided, single submitter	not provided
FBN1	P35555	Gly716Arg	1	criteria provided, single submitter	Marfan syndrome
FBN1	P35555	Cys271Ser	1	criteria provided, single submitter	Marfan syndrome
FBN1	P35555	Cys862Ser	1	criteria provided, single submitter	Marfan Syndrome/Loeys-Dietz Syndrome/Familial Thoracic Aortic Aneurysms and Dissections
FBN1	P35555	Cys1431Arg	1	criteria provided, single submitter	Marfan syndrome
TP53	P04637	Glu271Val	1	criteria provided, multiple submitters, no conflicts	Li-Fraumeni syndrome 1|Li-Fraumeni syndrome
ATM	Q13315	Met1Leu	1	criteria provided, single submitter	Familial cancer of breast
ATM	Q13315	Met1Ile	1	criteria provided, multiple submitters, no conflicts	Familial cancer of breast
VHL	P40337	Ser80Arg	1	criteria provided, multiple submitters, no conflicts	Hereditary cancer-predisposing syndrome|Von Hippel-Lindau syndrome
COL1A1	P02452	Gly959Val	1	criteria provided, single submitter	Osteogenesis imperfecta, perinatal lethal
ATM	Q13315	Lys1994Asn	0	criteria provided, single submitter	Hereditary cancer-predisposing syndrome
BRCA2	P51587	Ile614Met	0	criteria provided, single submitter	Hereditary cancer-predisposing syndrome
BRCA2	P51587	Asn1718Asp	0	criteria provided, single submitter	Hereditary cancer-predisposing syndrome
BRCA2	P51587	Glu254Asp	0	criteria provided, single submitter	Hereditary cancer-predisposing syndrome
BRCA2	P51587	Glu2558Ala	0	criteria provided, single submitter	Hereditary cancer-predisposing syndrome
FBN1	P35555	Cys262Phe	1	criteria provided, single submitter	Familial thoracic aortic aneurysm and aortic dissection
MLH1	P40692	Glu172Lys	1	criteria provided, single submitter	Hereditary cancer-predisposing syndrome
MSH2	P43246	Lys353Asn	0	criteria provided, single submitter	Hereditary cancer-predisposing syndrome
MSH2	P43246	Asp403Glu	0	criteria provided, single submitter	Hereditary cancer-predisposing syndrome
MSH2	P43246	Lys430Gln	0	criteria provided, single submitter	Hereditary cancer-predisposing syndrome
MSH2	P43246	Ser516Thr	0	criteria provided, single submitter	Hereditary cancer-predisposing syndrome
MSH2	P43246	Glu56Gly	0	criteria provided, single submitter	Hereditary cancer-predisposing syndrome
MSH2	P43246	Tyr656Asn	0	criteria provided, single submitter	Hereditary cancer-predisposing syndrome
MSH2	P43246	Tyr66Cys	0	criteria provided, single submitter	Hereditary cancer-predisposing syndrome
MSH2	P43246	His665Arg	0	criteria provided, single submitter	Hereditary cancer-predisposing syndrome
MSH2	P43246	Pro696Gln	1	criteria provided, single submitter	Hereditary cancer-predisposing syndrome
MSH2	P43246	Ile857Leu	0	criteria provided, single submitter	Hereditary cancer-predisposing syndrome
MSH2	P43246	Ser860Trp	0	criteria provided, single submitter	Hereditary cancer-predisposing syndrome
MSH2	P43246	Gln879Glu	0	criteria provided, single submitter	Hereditary cancer-predisposing syndrome
MSH2	P43246	Met899Leu	0	criteria provided, single submitter	Hereditary cancer-predisposing syndrome
MSH2	P43246	Asn903Asp	0	criteria provided, single submitter	Hereditary cancer-predisposing syndrome
MSH2	P43246	Gly18Ser	0	criteria provided, single submitter	Hereditary cancer-predisposing syndrome
MSH2	P43246	Ile194Asn	0	criteria provided, single submitter	Hereditary cancer-predisposing syndrome
MSH2	P43246	Ile237Phe	0	criteria provided, single submitter	Hereditary cancer-predisposing syndrome
MSH2	P43246	Gln239His	0	criteria provided, single submitter	Hereditary cancer-predisposing syndrome
MSH2	P43246	Arg308Gly	0	criteria provided, single submitter	Hereditary cancer-predisposing syndrome
MSH2	P43246	Val317Ala	0	criteria provided, single submitter	Hereditary cancer-predisposing syndrome
ATM	Q13315	Asn1801His	0	criteria provided, single submitter	Hereditary cancer-predisposing syndrome
BRCA2	P51587	Glu1320Gly	0	criteria provided, single submitter	Hereditary cancer-predisposing syndrome
BRCA2	P51587	Asn2452Tyr	0	criteria provided, single submitter	Hereditary cancer-predisposing syndrome
BRCA2	P51587	Ile3113Ser	0	criteria provided, single submitter	Hereditary cancer-predisposing syndrome
FBN1	P35555	Cys1444Phe	1	criteria provided, single submitter	Familial thoracic aortic aneurysm and aortic dissection
CFTR	P13569	Ser756Asn	0	criteria provided, single submitter	Cystic fibrosis
LDLR	P01130	Ile441Ser	1	criteria provided, single submitter	Cardiovascular phenotype
LDLR	P01130	Cys160Ser	1	criteria provided, multiple submitters, no conflicts	Cardiovascular phenotype|Familial hypercholesterolemia
TP53	P04637	Gln354Leu	0	criteria provided, single submitter	Hereditary cancer-predisposing syndrome
TP53	P04637	Asn210Ser	0	criteria provided, single submitter	Hereditary cancer-predisposing syndrome|TP53-related disorder
ATM	Q13315	Ile1337Val	0	criteria provided, single submitter	Hereditary cancer-predisposing syndrome
ATM	Q13315	Cys1366Tyr	0	criteria provided, single submitter	Hereditary cancer-predisposing syndrome
KRAS	P01116	Lys117Thr	1	criteria provided, single submitter	Cardiovascular phenotype
BRCA1	P38398	Asn1043Ser	0	criteria provided, single submitter	Hereditary cancer-predisposing syndrome
BRCA1	P38398	Asp1162Asn	0	criteria provided, single submitter	Hereditary cancer-predisposing syndrome
BRCA2	P51587	Lys1082Glu	0	criteria provided, single submitter	Hereditary cancer-predisposing syndrome
BRCA2	P51587	Ile1275Val	0	criteria provided, single submitter	Hereditary cancer-predisposing syndrome
BRCA2	P51587	Thr3085Arg	0	criteria provided, single submitter	Hereditary cancer-predisposing syndrome
BRCA2	P51587	Leu3093Phe	0	criteria provided, single submitter	Hereditary cancer-predisposing syndrome
ATM	Q13315	Pro1069Ser	0	criteria provided, single submitter	Hereditary cancer-predisposing syndrome
ATM	Q13315	Ser2218Asn	0	criteria provided, single submitter	Hereditary cancer-predisposing syndrome
BRCA2	P51587	Glu2757Val	0	criteria provided, single submitter	Hereditary cancer-predisposing syndrome
BRCA2	P51587	Ser2782Asn	0	criteria provided, single submitter	Hereditary cancer-predisposing syndrome
BRCA2	P51587	Asp2811Asn	0	criteria provided, single submitter	Hereditary cancer-predisposing syndrome
BRCA2	P51587	Glu2903Gln	0	criteria provided, single submitter	Hereditary cancer-predisposing syndrome
PTEN	P60484	His61Pro	1	criteria provided, single submitter	Hereditary cancer-predisposing syndrome
PTEN	P60484	Asp22Val	1	criteria provided, single submitter	Hereditary cancer-predisposing syndrome
RB1	P06400	Asn854Lys	0	criteria provided, single submitter	Hereditary cancer-predisposing syndrome
RB1	P06400	Ile879Val	0	criteria provided, single submitter	Hereditary cancer-predisposing syndrome
RB1	P06400	Ile181Met	0	criteria provided, single submitter	Hereditary cancer-predisposing syndrome
ATM	Q13315	Gly587Ala	0	criteria provided, single submitter	Hereditary cancer-predisposing syndrome
VHL	P40337	Pro97Arg	0	criteria provided, single submitter	Hereditary cancer-predisposing syndrome
VHL	P40337	Ala18Gly	0	criteria provided, single submitter	Hereditary cancer-predisposing syndrome
ATM	Q13315	Ile678Val	0	criteria provided, single submitter	Hereditary cancer-predisposing syndrome
RB1	P06400	Gln444Leu	1	criteria provided, single submitter	Retinoblastoma|Gastric cancer
RB1	P06400	His483Arg	1	criteria provided, single submitter	Retinoblastoma
RB1	P06400	Leu657Pro	1	criteria provided, single submitter	Retinoblastoma
RB1	P06400	Leu662Pro	1	criteria provided, single submitter	Retinoblastoma
RB1	P06400	Gln702Lys	1	criteria provided, single submitter	Retinoblastoma
FBN1	P35555	Asp2013Asn	1	criteria provided, single submitter	Marfan syndrome
FBN1	P35555	Cys2448Tyr	1	criteria provided, multiple submitters, no conflicts	Marfan syndrome|Marfan syndrome;Familial thoracic aortic aneurysm and aortic dissection|Cardiovascular phenotype
KRAS	P01116	Arg68Trp	1	criteria provided, single submitter	Noonan syndrome 3
FBN1	P35555	Cys224Phe	1	criteria provided, single submitter	Marfan syndrome
BRCA2	P51587	Leu3344His	0	criteria provided, single submitter	NICE approved PARP inhibitor treatment
BRAF	P15056	Ser136Ala	0	criteria provided, single submitter	not provided
CFTR	P13569	Gly458Glu	1	criteria provided, single submitter	Cystic fibrosis
COL1A1	P02452	Gly332Ala	1	criteria provided, single submitter	not provided
COL1A1	P02452	Gly254Val	1	criteria provided, multiple submitters, no conflicts	not provided|Osteogenesis imperfecta type III
FBN1	P35555	Cys2406Ser	1	criteria provided, single submitter	not provided
COL1A1	P02452	Gly347Asp	1	criteria provided, single submitter	not provided
COL1A1	P02452	Gly617Arg	1	criteria provided, single submitter	not provided
FBN1	P35555	Cys1086Ser	1	criteria provided, single submitter	Marfan syndrome
PTEN	P60484	Ile5Thr	1	criteria provided, multiple submitters, no conflicts	Macrocephaly-autism syndrome|PTEN hamartoma tumor syndrome
COL1A1	P02452	Gly1031Asp	1	criteria provided, multiple submitters, no conflicts	Osteogenesis imperfecta, perinatal lethal|autosomal dominant COL1A1-related osteogenesis imperfecta
BRCA2	P51587	Asn369Ser	0	criteria provided, single submitter	not specified
BRCA2	P51587	Val2179Ala	0	criteria provided, single submitter	not specified
TP53	P04637	Met340Ile	0	criteria provided, single submitter	not specified
BRCA1	P38398	His601Gln	0	criteria provided, single submitter	not specified
COL1A1	P02452	Arg918Cys	1	criteria provided, single submitter	Infantile cortical hyperostosis
FBN1	P35555	Asn741Lys	1	criteria provided, single submitter	Marfan syndrome
PTEN	P60484	Val119Ala	1	reviewed by expert panel	Familial meningioma|PTEN hamartoma tumor syndrome
BRCA2	P51587	Asn433Lys	0	criteria provided, single submitter	Hereditary cancer-predisposing syndrome
BRCA2	P51587	Asn1201Ser	0	criteria provided, single submitter	Hereditary cancer-predisposing syndrome
BRCA2	P51587	Leu2936Val	0	criteria provided, single submitter	Hereditary cancer-predisposing syndrome
BRCA2	P51587	Ile921Asn	0	criteria provided, single submitter	Hereditary cancer-predisposing syndrome
BRCA2	P51587	Ile542Met	0	criteria provided, single submitter	Hereditary cancer-predisposing syndrome
BRCA2	P51587	Cys2605Arg	0	criteria provided, single submitter	Hereditary cancer-predisposing syndrome
BRCA2	P51587	His179Arg	0	criteria provided, single submitter	Hereditary cancer-predisposing syndrome
BRCA2	P51587	Leu2987Arg	1	criteria provided, single submitter	Hereditary cancer-predisposing syndrome
BRCA2	P51587	Asn2937Thr	0	criteria provided, single submitter	Hereditary cancer-predisposing syndrome
BRCA2	P51587	Arg2799Ser	0	criteria provided, single submitter	Hereditary cancer-predisposing syndrome
BRCA2	P51587	Thr87Ile	0	criteria provided, single submitter	Hereditary cancer-predisposing syndrome
BRCA2	P51587	Val2855Met	0	criteria provided, single submitter	Hereditary cancer-predisposing syndrome
BRCA2	P51587	Ile2495Val	0	criteria provided, single submitter	Hereditary cancer-predisposing syndrome
BRCA2	P51587	Glu3157Gly	0	criteria provided, single submitter	Hereditary cancer-predisposing syndrome
BRCA2	P51587	Asn361Asp	0	criteria provided, single submitter	Hereditary cancer-predisposing syndrome
BRCA2	P51587	Ala3023Asp	0	criteria provided, single submitter	Hereditary cancer-predisposing syndrome
BRCA2	P51587	Thr1609Ile	0	criteria provided, single submitter	Hereditary cancer-predisposing syndrome
BRCA2	P51587	Leu1260Ser	0	criteria provided, single submitter	Hereditary cancer-predisposing syndrome
BRCA2	P51587	Phe354Leu	0	criteria provided, single submitter	Hereditary cancer-predisposing syndrome
BRCA2	P51587	Ser1744Asn	0	criteria provided, single submitter	Hereditary cancer-predisposing syndrome
BRCA2	P51587	Gln2943Glu	0	criteria provided, single submitter	Hereditary cancer-predisposing syndrome
BRCA2	P51587	Tyr3225Asn	0	criteria provided, single submitter	Hereditary cancer-predisposing syndrome
BRCA2	P51587	Gln2960Glu	0	criteria provided, single submitter	Hereditary cancer-predisposing syndrome
CFTR	P13569	Asn417Ser	0	criteria provided, single submitter	Cystic fibrosis
CFTR	P13569	Phe931Leu	0	criteria provided, single submitter	Cystic fibrosis
MSH2	P43246	Gln510Arg	0	criteria provided, single submitter	Hereditary cancer-predisposing syndrome
MSH2	P43246	Phe394Leu	0	criteria provided, single submitter	Hereditary cancer-predisposing syndrome
MSH2	P43246	Glu7Asp	0	criteria provided, single submitter	Hereditary cancer-predisposing syndrome
MSH2	P43246	Thr375Ser	0	criteria provided, single submitter	Hereditary cancer-predisposing syndrome
MSH2	P43246	Gln76Glu	0	criteria provided, single submitter	Hereditary cancer-predisposing syndrome
MSH2	P43246	Glu925Gly	0	criteria provided, single submitter	Hereditary cancer-predisposing syndrome
MSH2	P43246	Glu422Gln	0	criteria provided, single submitter	Hereditary cancer-predisposing syndrome
MSH2	P43246	Gln397Pro	0	criteria provided, single submitter	Hereditary cancer-predisposing syndrome
MSH2	P43246	Thr495Lys	0	criteria provided, single submitter	Hereditary cancer-predisposing syndrome
MSH2	P43246	Thr740Ser	0	criteria provided, single submitter	Hereditary cancer-predisposing syndrome
MSH2	P43246	Leu432Phe	0	criteria provided, single submitter	Hereditary cancer-predisposing syndrome
APOE	P02649	Arg108Gln	0	criteria provided, single submitter	Cardiovascular phenotype|APOE-related disorder
RB1	P06400	Ile246Val	0	criteria provided, single submitter	Hereditary cancer-predisposing syndrome
ATM	Q13315	Gly2502Ser	0	criteria provided, single submitter	Hereditary cancer-predisposing syndrome
ATM	Q13315	Leu229Ile	0	criteria provided, single submitter	Hereditary cancer-predisposing syndrome
ATM	Q13315	Phe662Ile	0	criteria provided, single submitter	Hereditary cancer-predisposing syndrome
ATM	Q13315	Lys1904Asn	0	criteria provided, single submitter	Hereditary cancer-predisposing syndrome
ATM	Q13315	Ile1158Val	0	criteria provided, single submitter	Hereditary cancer-predisposing syndrome
ATM	Q13315	Phe209Val	0	criteria provided, single submitter	Hereditary cancer-predisposing syndrome
TP53	P04637	Ser183Pro	0	criteria provided, single submitter	Hereditary cancer-predisposing syndrome
TP53	P04637	His168Pro	1	criteria provided, single submitter	Hereditary cancer-predisposing syndrome|Embryonal tumor with multilayered rosettes
TP53	P04637	Arg335Leu	0	criteria provided, single submitter	Hereditary cancer-predisposing syndrome
TP53	P04637	Gly302Ala	0	criteria provided, single submitter	Hereditary cancer-predisposing syndrome
TP53	P04637	Lys319Thr	0	criteria provided, single submitter	Hereditary cancer-predisposing syndrome
TP53	P04637	Gln354Pro	0	criteria provided, single submitter	Hereditary cancer-predisposing syndrome
VHL	P40337	Asp92His	0	criteria provided, single submitter	Hereditary cancer-predisposing syndrome
HBB	P68871	Asn109Lys	1	criteria provided, multiple submitters, no conflicts	beta Thalassemia|not provided|8 conditions
BRCA2	P51587	Lys1314Asn	0	criteria provided, single submitter	not specified
CFTR	P13569	Tyr512His	1	no assertion criteria provided	Cystic fibrosis
CFTR	P13569	Gln525Pro	1	no assertion criteria provided	Cystic fibrosis
CFTR	P13569	Lys483Glu	1	no assertion criteria provided	Cystic fibrosis
CFTR	P13569	Val510Gly	1	no assertion criteria provided	Cystic fibrosis
CFTR	P13569	Val520Ala	1	no assertion criteria provided	Cystic fibrosis
CFTR	P13569	Ile521Thr	1	no assertion criteria provided	Cystic fibrosis
CFTR	P13569	Glu476Asp	1	no assertion criteria provided	Cystic fibrosis
CFTR	P13569	Lys503Arg	1	no assertion criteria provided	Cystic fibrosis
CFTR	P13569	Ile497Asn	1	no assertion criteria provided	Cystic fibrosis
CFTR	P13569	Glu479Gln	1	no assertion criteria provided	Cystic fibrosis
FBN1	P35555	Cys821Ser	1	criteria provided, single submitter	not provided
EGFR	P00533	Ile365Asn	1	no assertion criteria provided	Inflammatory skin and bowel disease, neonatal, 2
ATM	Q13315	Lys556Asn	0	criteria provided, single submitter	Hereditary cancer
BRCA1	P38398	Asp390Gly	0	criteria provided, single submitter	Hereditary cancer
BRAF	P15056	Pro367Ala	1	criteria provided, single submitter	not provided
PTEN	P60484	Phe21Ser	1	criteria provided, single submitter	not provided
COL1A1	P02452	Gly863Val	1	criteria provided, single submitter	not provided
COL1A1	P02452	Gly638Val	1	criteria provided, single submitter	not provided
COL1A1	P02452	Gly581Arg	1	criteria provided, single submitter	not provided
COL1A1	P02452	Gly299Asp	1	criteria provided, single submitter	not provided
FBN1	P35555	Asp1404Tyr	1	criteria provided, single submitter	not provided
PTEN	P60484	Ala137Glu	1	criteria provided, single submitter	not provided
PTEN	P60484	Met1Leu	1	criteria provided, single submitter	not provided
FBN1	P35555	Tyr1261Asn	1	criteria provided, single submitter	not provided
COL1A1	P02452	Gly215Ser	1	criteria provided, single submitter	not provided
FBN1	P35555	Cys1687Ser	1	criteria provided, single submitter	not provided
COL1A1	P02452	Gly446Ser	1	criteria provided, single submitter	not provided
BRAF	P15056	Leu711Pro	1	criteria provided, single submitter	not provided
COL1A1	P02452	Gly1049Ser	1	no assertion criteria provided	COL1A1-related disorder
COL1A1	P02452	Gly1169Val	1	criteria provided, single submitter	COL1A1-related disorder|Osteogenesis imperfecta type I
COL1A1	P02452	Gly848Arg	1	no assertion criteria provided	COL1A1-related disorder
LDLR	P01130	Cys209Phe	1	criteria provided, single submitter	Hypercholesterolemia, familial, 1
PAH	P00439	Ser303Phe	1	criteria provided, single submitter	not provided
FBN1	P35555	Cys2038Trp	1	criteria provided, single submitter	Marfan syndrome
COL1A1	P02452	Gly335Ala	1	criteria provided, single submitter	Osteogenesis imperfecta type I
COL1A1	P02452	Gly815Asp	1	criteria provided, single submitter	Osteogenesis imperfecta, perinatal lethal
COL1A1	P02452	Gly443Arg	1	no assertion criteria provided	Osteogenesis imperfecta, perinatal lethal
COL1A1	P02452	Gly293Arg	1	no assertion criteria provided	Osteogenesis imperfecta type I
COL1A1	P02452	Gly653Val	1	criteria provided, single submitter	not provided
COL1A1	P02452	Gly680Asp	1	criteria provided, single submitter	not provided
BRAF	P15056	Thr241Ala	1	criteria provided, single submitter	not provided
LDLR	P01130	Asp221His	1	criteria provided, single submitter	Familial hypercholesterolemia
FBN1	P35555	Cys262Trp	1	criteria provided, single submitter	not provided
FBN1	P35555	Cys2153Tyr	1	criteria provided, multiple submitters, no conflicts	Progeroid and marfanoid aspect-lipodystrophy syndrome|Marfan syndrome
BRCA2	P51587	Leu3074Pro	1	criteria provided, single submitter	Hereditary breast ovarian cancer syndrome
FBN1	P35555	Cys896Phe	1	criteria provided, single submitter	Marfan syndrome
FBN1	P35555	Cys908Trp	1	criteria provided, single submitter	Marfan syndrome
LDLR	P01130	Glu229Val	1	criteria provided, multiple submitters, no conflicts	Hypercholesterolemia, familial, 1|not provided
COL1A1	P02452	Gly926Asp	1	criteria provided, single submitter	Osteogenesis imperfecta, perinatal lethal
LDLR	P01130	Glu615Asp	1	criteria provided, single submitter	Hypercholesterolemia, familial, 1
CFTR	P13569	Tyr1073Cys	1	criteria provided, multiple submitters, no conflicts	not provided|Cystic fibrosis
CFTR	P13569	Glu1104Val	1	criteria provided, single submitter	not provided
FBN1	P35555	Cys119Gly	1	criteria provided, multiple submitters, no conflicts	not provided|Ectopia lentis 1, isolated, autosomal dominant
PTEN	P60484	Val255Gly	1	criteria provided, single submitter	Familial meningioma;Familial prostate cancer;Macrocephaly-autism syndrome;Glioma susceptibility 2;Cowden syndrome 1
FBN1	P35555	Gly1919Asp	1	criteria provided, single submitter	Marfan syndrome
FBN1	P35555	Gly1310Asp	1	criteria provided, multiple submitters, no conflicts	not provided|Marfan syndrome
COL1A1	P02452	Gly581Glu	1	criteria provided, single submitter	Osteogenesis imperfecta, perinatal lethal;Osteogenesis imperfecta type III
COL1A1	P02452	Gly215Asp	1	criteria provided, single submitter	Osteogenesis imperfecta type III
PAH	P00439	Arg86Pro	1	criteria provided, single submitter	Phenylketonuria
FBN1	P35555	Cys1333Gly	1	criteria provided, single submitter	Marfan syndrome
COL1A1	P02452	Gly275Val	1	criteria provided, multiple submitters, no conflicts	See cases|Osteogenesis imperfecta type I
COL1A1	P02452	Asp1285Gly	1	criteria provided, single submitter	not provided
LDLR	P01130	Cys95Ser	1	criteria provided, single submitter	Hypercholesterolemia, familial, 1
FBN1	P35555	Cys937Gly	1	criteria provided, single submitter	not provided
FBN1	P35555	Cys937Phe	1	criteria provided, single submitter	Marfan syndrome
BRAF	P15056	Gly265Ala	1	criteria provided, single submitter	Cardiofaciocutaneous syndrome 1
PAH	P00439	Asp151Glu	1	reviewed by expert panel	Phenylketonuria|not specified
PAH	P00439	Cys203Gly	1	reviewed by expert panel	Phenylketonuria
PAH	P00439	Lys184Asn	1	reviewed by expert panel	Phenylketonuria
PAH	P00439	Asp229Gly	1	reviewed by expert panel	Phenylketonuria
PAH	P00439	Glu183Gly	1	reviewed by expert panel	Phenylketonuria
PAH	P00439	Ala132Val	1	reviewed by expert panel	Phenylketonuria
MLH1	P40692	Lys311Arg	1	criteria provided, single submitter	Hereditary cancer-predisposing syndrome
MSH2	P43246	Lys882Glu	0	criteria provided, single submitter	Hereditary cancer-predisposing syndrome
MSH2	P43246	Thr31Pro	0	criteria provided, single submitter	Hereditary cancer-predisposing syndrome
MSH2	P43246	Leu488Met	0	criteria provided, single submitter	Hereditary cancer-predisposing syndrome
MSH2	P43246	Ile544Phe	0	criteria provided, single submitter	Hereditary cancer-predisposing syndrome
MSH2	P43246	Leu51Pro	0	criteria provided, single submitter	Hereditary cancer-predisposing syndrome
MSH2	P43246	Ile145Phe	0	criteria provided, single submitter	Hereditary cancer-predisposing syndrome
MSH2	P43246	Gln510Pro	0	criteria provided, single submitter	Hereditary cancer-predisposing syndrome
MSH2	P43246	Asp133His	0	criteria provided, single submitter	Hereditary cancer-predisposing syndrome
MSH2	P43246	Lys430Glu	0	criteria provided, single submitter	Hereditary cancer-predisposing syndrome
MSH2	P43246	Met67Leu	0	criteria provided, single submitter	Hereditary cancer-predisposing syndrome
MSH2	P43246	Lys73Gln	0	criteria provided, single submitter	Hereditary cancer-predisposing syndrome
MSH2	P43246	Asn653Ser	0	criteria provided, single submitter	Hereditary cancer-predisposing syndrome
MSH2	P43246	Asn311Asp	0	criteria provided, single submitter	Hereditary cancer-predisposing syndrome
MSH2	P43246	Lys172Asn	0	criteria provided, single submitter	Hereditary cancer-predisposing syndrome
MSH2	P43246	Gln193Arg	0	criteria provided, single submitter	Hereditary cancer-predisposing syndrome
APOE	P02649	Val305Leu	0	criteria provided, single submitter	Cardiovascular phenotype
RB1	P06400	Glu112Asp	0	criteria provided, single submitter	Hereditary cancer-predisposing syndrome
RB1	P06400	Val439Ile	0	criteria provided, single submitter	Hereditary cancer-predisposing syndrome
RB1	P06400	Asp697His	0	criteria provided, single submitter	Hereditary cancer-predisposing syndrome
ATM	Q13315	Tyr54Phe	0	criteria provided, single submitter	Hereditary cancer-predisposing syndrome
ATM	Q13315	Val866Gly	0	criteria provided, single submitter	Hereditary cancer-predisposing syndrome
TP53	P04637	Glu204Asp	0	criteria provided, single submitter	Hereditary cancer-predisposing syndrome
TP53	P04637	Ser94Ala	0	criteria provided, single submitter	Hereditary cancer-predisposing syndrome
TP53	P04637	Val73Glu	0	criteria provided, single submitter	Hereditary cancer-predisposing syndrome
TP53	P04637	Val274Ile	0	criteria provided, single submitter	Hereditary cancer-predisposing syndrome
TP53	P04637	Glu343Asp	0	criteria provided, single submitter	Hereditary cancer-predisposing syndrome
TP53	P04637	Ala76Gly	0	criteria provided, single submitter	Hereditary cancer-predisposing syndrome
TP53	P04637	Gly356Glu	0	criteria provided, single submitter	Hereditary cancer-predisposing syndrome
TP53	P04637	Phe212Ser	0	criteria provided, single submitter	Hereditary cancer-predisposing syndrome
ATM	Q13315	Asp2976Glu	0	criteria provided, single submitter	Hereditary cancer-predisposing syndrome
ATM	Q13315	Glu2145Val	1	criteria provided, single submitter	Hereditary cancer-predisposing syndrome
ATM	Q13315	Lys1057Glu	0	criteria provided, single submitter	Hereditary cancer-predisposing syndrome
ATM	Q13315	Asn2326Lys	0	criteria provided, single submitter	Hereditary cancer-predisposing syndrome
ATM	Q13315	His42Tyr	0	criteria provided, single submitter	Hereditary cancer-predisposing syndrome
ATM	Q13315	Glu1995Asp	0	criteria provided, single submitter	Hereditary cancer-predisposing syndrome
ATM	Q13315	Thr593Ala	0	criteria provided, single submitter	Hereditary cancer-predisposing syndrome
ATM	Q13315	Ser707Thr	0	criteria provided, single submitter	Hereditary cancer-predisposing syndrome
BRCA2	P51587	Thr1684Ser	0	criteria provided, single submitter	Hereditary cancer-predisposing syndrome
BRCA2	P51587	Tyr1894His	0	criteria provided, single submitter	Hereditary cancer-predisposing syndrome
BRCA1	P38398	Gly1515Arg	0	criteria provided, single submitter	Hereditary cancer-predisposing syndrome
BRCA1	P38398	Val1602Leu	0	criteria provided, single submitter	Hereditary cancer-predisposing syndrome
BRCA1	P38398	Gln804Leu	0	criteria provided, single submitter	Hereditary cancer-predisposing syndrome
BRCA1	P38398	Asn363Ser	0	criteria provided, single submitter	Hereditary cancer-predisposing syndrome
BRCA2	P51587	Thr17Ala	0	criteria provided, single submitter	Hereditary cancer-predisposing syndrome
BRCA2	P51587	Lys2674Met	0	criteria provided, single submitter	Hereditary cancer-predisposing syndrome
BRCA2	P51587	Phe3060Ile	0	criteria provided, single submitter	Hereditary cancer-predisposing syndrome
BRCA2	P51587	Lys1691Gln	0	criteria provided, single submitter	Hereditary cancer-predisposing syndrome
BRCA2	P51587	Val1283Leu	0	criteria provided, single submitter	Hereditary cancer-predisposing syndrome
BRCA2	P51587	Glu3130Lys	0	criteria provided, single submitter	Hereditary cancer-predisposing syndrome
BRCA2	P51587	Pro2734Arg	0	criteria provided, single submitter	Hereditary cancer-predisposing syndrome
BRCA2	P51587	Lys437Thr	0	criteria provided, single submitter	Hereditary cancer-predisposing syndrome
BRCA2	P51587	Cys3304Trp	0	criteria provided, single submitter	Hereditary cancer-predisposing syndrome
BRCA2	P51587	Leu583Met	0	criteria provided, single submitter	Hereditary cancer-predisposing syndrome
BRCA2	P51587	Met1149Ile	0	criteria provided, single submitter	Hereditary cancer-predisposing syndrome
BRCA2	P51587	Ser1770Ala	0	criteria provided, single submitter	Hereditary cancer-predisposing syndrome
BRCA2	P51587	Lys3415Glu	0	criteria provided, single submitter	Hereditary cancer-predisposing syndrome
BRCA2	P51587	Met3322Leu	0	criteria provided, single submitter	Hereditary cancer-predisposing syndrome
BRCA2	P51587	Ala2902Ser	0	criteria provided, single submitter	Hereditary cancer-predisposing syndrome
BRCA2	P51587	Lys2555Thr	0	criteria provided, single submitter	Hereditary cancer-predisposing syndrome
BRCA2	P51587	Glu1481Gly	0	criteria provided, single submitter	Hereditary cancer-predisposing syndrome
BRCA2	P51587	Gln1396Glu	0	criteria provided, single submitter	Hereditary cancer-predisposing syndrome
BRCA2	P51587	Leu557Ser	0	criteria provided, single submitter	Hereditary cancer-predisposing syndrome
BRCA2	P51587	Asn213Ser	0	criteria provided, single submitter	Hereditary cancer-predisposing syndrome
BRCA2	P51587	Asn1296His	0	criteria provided, single submitter	Hereditary cancer-predisposing syndrome
BRCA2	P51587	Asn818Lys	0	criteria provided, single submitter	Hereditary cancer-predisposing syndrome
BRAF	P15056	Ala145Ser	0	criteria provided, single submitter	Cardiovascular phenotype
BRAF	P15056	Met117Thr	0	criteria provided, single submitter	Cardiovascular phenotype
CFTR	P13569	Leu761Phe	0	criteria provided, single submitter	Cystic fibrosis
CFTR	P13569	Gln1463Lys	0	criteria provided, single submitter	Cystic fibrosis
EGFR	P00533	Gln1203Pro	0	criteria provided, single submitter	Hereditary cancer-predisposing syndrome
EGFR	P00533	Glu160Asp	0	criteria provided, single submitter	Hereditary cancer-predisposing syndrome
EGFR	P00533	Asn1116His	0	criteria provided, single submitter	Hereditary cancer-predisposing syndrome
FBN1	P35555	Cys534Arg	1	criteria provided, single submitter	Familial thoracic aortic aneurysm and aortic dissection
FBN1	P35555	Cys1265Gly	1	criteria provided, single submitter	Familial thoracic aortic aneurysm and aortic dissection
FBN1	P35555	Cys1806Ser	1	criteria provided, single submitter	Familial thoracic aortic aneurysm and aortic dissection
FBN1	P35555	Gly1226Arg	1	criteria provided, single submitter	Familial thoracic aortic aneurysm and aortic dissection
EGFR	P00533	Val660Leu	0	criteria provided, single submitter	Hereditary cancer-predisposing syndrome
LDLR	P01130	Asn370Tyr	1	criteria provided, single submitter	Cardiovascular phenotype
LDLR	P01130	Gly323Val	1	criteria provided, single submitter	Hypercholesterolemia, familial, 1
MLH1	P40692	Ala111Ser	1	criteria provided, single submitter	Mismatch repair cancer syndrome 1;Muir-Torré syndrome;Colorectal cancer, hereditary nonpolyposis, type 2
HBB	P68871	Ala54Thr	1	criteria provided, single submitter	8 conditions
FBN1	P35555	Cys1733Phe	1	criteria provided, single submitter	not provided
PTEN	P60484	His123Asn	1	criteria provided, single submitter	not provided
FBN1	P35555	Gly2677Cys	1	no assertion criteria provided	Marfan syndrome
FBN1	P35555	Cys876Ser	1	no assertion criteria provided	Marfan syndrome
FBN1	P35555	Gly1127Cys	1	no assertion criteria provided	Marfan syndrome
FBN1	P35555	Gly1217Val	1	no assertion criteria provided	Marfan syndrome
FBN1	P35555	Asn1298His	1	no assertion criteria provided	Marfan syndrome
FBN1	P35555	Asn1463Thr	1	no assertion criteria provided	Marfan syndrome
FBN1	P35555	Gly1661Glu	1	no assertion criteria provided	Marfan syndrome
FBN1	P35555	Asp1808Asn	1	no assertion criteria provided	Marfan syndrome
FBN1	P35555	Gly1879Val	1	no assertion criteria provided	Marfan syndrome
FBN1	P35555	Gly1919Val	1	no assertion criteria provided	Marfan syndrome
FBN1	P35555	Cys154Arg	1	no assertion criteria provided	Marfan syndrome
FBN1	P35555	Cys2111Phe	1	no assertion criteria provided	Marfan syndrome
FBN1	P35555	Glu2130Val	1	no assertion criteria provided	Marfan syndrome
FBN1	P35555	Cys2164Arg	1	no assertion criteria provided	Marfan syndrome
FBN1	P35555	Asn2223Lys	1	no assertion criteria provided	Marfan syndrome
FBN1	P35555	Gly2235Val	1	no assertion criteria provided	Marfan syndrome
FBN1	P35555	Cys515Gly	1	no assertion criteria provided	Marfan syndrome
FBN1	P35555	Cys2339Gly	1	criteria provided, single submitter	Marfan syndrome|not provided
FBN1	P35555	Cys2427Gly	1	no assertion criteria provided	Marfan syndrome
FBN1	P35555	Cys2674Ser	1	no assertion criteria provided	Marfan syndrome
FBN1	P35555	Glu835Val	1	no assertion criteria provided	Marfan syndrome
BRCA1	P38398	Lys1037Ile	0	criteria provided, single submitter	Breast-ovarian cancer, familial, susceptibility to, 1
FBN1	P35555	Cys1326Trp	1	criteria provided, single submitter	Marfan syndrome
FBN1	P35555	Cys1865Gly	1	criteria provided, single submitter	Marfan syndrome
COL1A1	P02452	Gly1097Arg	1	criteria provided, single submitter	not provided
COL1A1	P02452	Gly233Ala	1	criteria provided, single submitter	Osteogenesis imperfecta type I
COL1A1	P02452	Phe1200Leu	0	criteria provided, single submitter	Osteogenesis imperfecta type I
PAH	P00439	Gln375His	1	criteria provided, single submitter	Phenylketonuria
PAH	P00439	Leu194Arg	1	criteria provided, single submitter	Phenylketonuria
COL1A1	P02452	Gly1145Ala	1	criteria provided, single submitter	Osteogenesis imperfecta type I
COL1A1	P02452	Gly983Cys	1	criteria provided, single submitter	Osteogenesis imperfecta type I
COL1A1	P02452	Gly785Arg	1	criteria provided, single submitter	Osteogenesis imperfecta type I
COL1A1	P02452	Gly665Ala	1	criteria provided, single submitter	Osteogenesis imperfecta type I
COL1A1	P02452	Gly527Ser	1	criteria provided, single submitter	Osteogenesis imperfecta type I
COL1A1	P02452	Gly407Asp	1	criteria provided, single submitter	Osteogenesis imperfecta type I
COL1A1	P02452	Gly245Val	1	criteria provided, multiple submitters, no conflicts	Osteogenesis imperfecta type I
COL1A1	P02452	Gly200Asp	1	criteria provided, single submitter	Osteogenesis imperfecta type I
COL1A1	P02452	Gly194Val	1	criteria provided, single submitter	Osteogenesis imperfecta type I
COL1A1	P02452	Gly194Cys	1	criteria provided, single submitter	Osteogenesis imperfecta type I
COL1A1	P02452	Gly188Ser	1	criteria provided, multiple submitters, no conflicts	Osteogenesis imperfecta type I
COL1A1	P02452	Gly142Glu	1	criteria provided, single submitter	Osteogenesis imperfecta type I
MLH1	P40692	Leu749Val	1	criteria provided, single submitter	Hereditary nonpolyposis colorectal neoplasms
MSH2	P43246	Asn311Lys	0	criteria provided, single submitter	Hereditary nonpolyposis colorectal neoplasms
MLH1	P40692	Thr662Ser	1	criteria provided, single submitter	Hereditary nonpolyposis colorectal neoplasms
LDLR	P01130	Asp94His	1	criteria provided, single submitter	Familial hypercholesterolemia
LDLR	P01130	Cys184Phe	1	criteria provided, single submitter	Familial hypercholesterolemia
LDLR	P01130	Cys340Gly	1	criteria provided, single submitter	Familial hypercholesterolemia
LDLR	P01130	Leu432Met	1	criteria provided, single submitter	Familial hypercholesterolemia
LDLR	P01130	Asp651Gly	1	criteria provided, single submitter	Familial hypercholesterolemia
LDLR	P01130	Pro685Ala	1	criteria provided, single submitter	Familial hypercholesterolemia
LDLR	P01130	Gly323Asp	1	criteria provided, single submitter	Familial hypercholesterolemia
PTEN	P60484	Met35Ile	1	criteria provided, single submitter	PTEN hamartoma tumor syndrome|Thyroid cancer, nonmedullary, 1
PTEN	P60484	Arg159Trp	1	criteria provided, single submitter	PTEN hamartoma tumor syndrome
COL1A1	P02452	Val94Ile	0	criteria provided, single submitter	Osteogenesis imperfecta type I
RB1	P06400	Ser888Thr	1	criteria provided, single submitter	Retinoblastoma
COL1A1	P02452	Phe681Leu	0	criteria provided, single submitter	Osteogenesis imperfecta type I
LDLR	P01130	Arg81Leu	1	criteria provided, single submitter	Familial hypercholesterolemia|Sarcoma
MSH2	P43246	Thr31Ile	0	criteria provided, multiple submitters, no conflicts	Hereditary nonpolyposis colorectal neoplasms|Hereditary cancer-predisposing syndrome
COL1A1	P02452	Pro1044Thr	0	criteria provided, single submitter	Osteogenesis imperfecta type I
LDLR	P01130	Asp175Gly	1	criteria provided, single submitter	Familial hypercholesterolemia
COL1A1	P02452	Thr1367Ser	1	criteria provided, single submitter	Osteogenesis imperfecta type I
MLH1	P40692	Gln562Glu	1	criteria provided, single submitter	Hereditary nonpolyposis colorectal neoplasms
PAH	P00439	Gly289Glu	1	criteria provided, single submitter	Phenylketonuria
COL1A1	P02452	Asp72Gly	0	criteria provided, single submitter	Osteogenesis imperfecta type I
COL1A1	P02452	Pro57Thr	0	criteria provided, single submitter	Osteogenesis imperfecta type I
COL1A1	P02452	Asp754Glu	0	criteria provided, single submitter	Osteogenesis imperfecta type I
LDLR	P01130	Cys95Trp	1	criteria provided, single submitter	Familial hypercholesterolemia
COL1A1	P02452	Gly1046Cys	1	criteria provided, multiple submitters, no conflicts	Osteogenesis imperfecta type I|Osteogenesis imperfecta with normal sclerae, dominant form
COL1A1	P02452	Gly731Ala	1	criteria provided, single submitter	Osteogenesis imperfecta type I
COL1A1	P02452	Gly464Arg	1	criteria provided, multiple submitters, no conflicts	Osteogenesis imperfecta type I|Osteogenesis imperfecta type III
COL1A1	P02452	Gly398Ala	1	criteria provided, single submitter	Osteogenesis imperfecta type I
COL1A1	P02452	Gly341Arg	1	criteria provided, single submitter	Osteogenesis imperfecta type I
COL1A1	P02452	Gly254Arg	1	criteria provided, multiple submitters, no conflicts	Osteogenesis imperfecta type I|not provided
MLH1	P40692	Leu85Pro	1	criteria provided, single submitter	Hereditary nonpolyposis colorectal neoplasms
ATM	Q13315	Ile2702Lys	1	criteria provided, single submitter	Ataxia-telangiectasia syndrome
BRCA1	P38398	Leu983Val	0	criteria provided, single submitter	Hereditary breast ovarian cancer syndrome
FBN1	P35555	Cys1860Phe	1	criteria provided, single submitter	not provided
FBN1	P35555	Cys1610Tyr	1	criteria provided, single submitter	Marfan syndrome;Familial thoracic aortic aneurysm and aortic dissection
FBN1	P35555	Glu2698Asp	0	criteria provided, single submitter	Marfan syndrome;Familial thoracic aortic aneurysm and aortic dissection
FBN1	P35555	Thr2434Ser	0	criteria provided, single submitter	Marfan syndrome;Familial thoracic aortic aneurysm and aortic dissection
VHL	P40337	Tyr175Asn	1	criteria provided, single submitter	Chuvash polycythemia;Von Hippel-Lindau syndrome
FBN1	P35555	Cys2365Arg	1	criteria provided, single submitter	Marfan syndrome;Familial thoracic aortic aneurysm and aortic dissection
FBN1	P35555	Cys1928Ser	1	criteria provided, single submitter	Marfan syndrome;Familial thoracic aortic aneurysm and aortic dissection
FBN1	P35555	Thr1827Pro	1	criteria provided, single submitter	Marfan syndrome;Familial thoracic aortic aneurysm and aortic dissection
FBN1	P35555	Cys1631Gly	1	criteria provided, single submitter	Marfan syndrome;Familial thoracic aortic aneurysm and aortic dissection
FBN1	P35555	Cys1470Arg	1	criteria provided, single submitter	Marfan syndrome;Familial thoracic aortic aneurysm and aortic dissection
FBN1	P35555	Cys1389Arg	1	criteria provided, single submitter	Marfan syndrome;Familial thoracic aortic aneurysm and aortic dissection
FBN1	P35555	Cys1254Arg	1	criteria provided, single submitter	Marfan syndrome;Familial thoracic aortic aneurysm and aortic dissection
FBN1	P35555	Asn1173Lys	1	criteria provided, single submitter	Marfan syndrome;Familial thoracic aortic aneurysm and aortic dissection
FBN1	P35555	Tyr181Cys	1	criteria provided, single submitter	Marfan syndrome;Familial thoracic aortic aneurysm and aortic dissection
FBN1	P35555	Gln176Pro	1	criteria provided, single submitter	Marfan syndrome;Familial thoracic aortic aneurysm and aortic dissection
FBN1	P35555	Cys2318Phe	1	criteria provided, single submitter	Marfan syndrome;Familial thoracic aortic aneurysm and aortic dissection
FBN1	P35555	Cys2633Phe	1	criteria provided, single submitter	Marfan syndrome;Familial thoracic aortic aneurysm and aortic dissection
FBN1	P35555	Cys2509Arg	1	criteria provided, single submitter	Marfan syndrome;Familial thoracic aortic aneurysm and aortic dissection
FBN1	P35555	Asp2487Tyr	1	criteria provided, single submitter	Marfan syndrome;Familial thoracic aortic aneurysm and aortic dissection
FBN1	P35555	Cys2442Arg	1	criteria provided, single submitter	Marfan syndrome;Familial thoracic aortic aneurysm and aortic dissection
FBN1	P35555	Cys2406Trp	1	criteria provided, single submitter	Marfan syndrome;Familial thoracic aortic aneurysm and aortic dissection
FBN1	P35555	Cys2363Ser	1	criteria provided, multiple submitters, no conflicts	Marfan syndrome;Familial thoracic aortic aneurysm and aortic dissection|Familial thoracic aortic aneurysm and aortic dissection
FBN1	P35555	Cys2348Tyr	1	criteria provided, multiple submitters, no conflicts	Marfan syndrome;Familial thoracic aortic aneurysm and aortic dissection|Familial thoracic aortic aneurysm and aortic dissection
FBN1	P35555	Cys2331Arg	1	criteria provided, single submitter	Marfan syndrome;Familial thoracic aortic aneurysm and aortic dissection
FBN1	P35555	Cys2307Trp	1	criteria provided, single submitter	Marfan syndrome;Familial thoracic aortic aneurysm and aortic dissection
FBN1	P35555	Cys2230Ser	1	criteria provided, single submitter	Marfan syndrome;Familial thoracic aortic aneurysm and aortic dissection
FBN1	P35555	Asn2208Thr	1	criteria provided, single submitter	Marfan syndrome;Familial thoracic aortic aneurysm and aortic dissection
FBN1	P35555	Val2119Leu	0	criteria provided, single submitter	Marfan syndrome;Familial thoracic aortic aneurysm and aortic dissection
FBN1	P35555	Cys2083Tyr	1	criteria provided, single submitter	Marfan syndrome;Familial thoracic aortic aneurysm and aortic dissection
FBN1	P35555	Cys1958Arg	1	criteria provided, single submitter	Marfan syndrome;Familial thoracic aortic aneurysm and aortic dissection
FBN1	P35555	Cys1895Trp	1	criteria provided, single submitter	Marfan syndrome;Familial thoracic aortic aneurysm and aortic dissection
FBN1	P35555	Cys1793Phe	1	criteria provided, single submitter	Marfan syndrome;Familial thoracic aortic aneurysm and aortic dissection
FBN1	P35555	Cys1485Ser	1	criteria provided, single submitter	Marfan syndrome;Familial thoracic aortic aneurysm and aortic dissection
FBN1	P35555	Gly1475Ala	1	criteria provided, single submitter	Marfan syndrome;Familial thoracic aortic aneurysm and aortic dissection
FBN1	P35555	Cys1470Ser	1	criteria provided, single submitter	Marfan syndrome;Familial thoracic aortic aneurysm and aortic dissection
FBN1	P35555	Cys1333Arg	1	criteria provided, single submitter	Marfan syndrome;Familial thoracic aortic aneurysm and aortic dissection
FBN1	P35555	Cys1296Tyr	1	criteria provided, single submitter	Marfan syndrome;Familial thoracic aortic aneurysm and aortic dissection
FBN1	P35555	Glu1116Val	1	criteria provided, single submitter	Marfan syndrome;Familial thoracic aortic aneurysm and aortic dissection
FBN1	P35555	Gly1049Ala	1	criteria provided, single submitter	Marfan syndrome;Familial thoracic aortic aneurysm and aortic dissection
FBN1	P35555	Cys832Ser	1	criteria provided, single submitter	Marfan syndrome;Familial thoracic aortic aneurysm and aortic dissection
FBN1	P35555	Cys781Phe	1	criteria provided, single submitter	Marfan syndrome;Familial thoracic aortic aneurysm and aortic dissection
FBN1	P35555	Thr631Ala	1	criteria provided, single submitter	Marfan syndrome;Familial thoracic aortic aneurysm and aortic dissection
FBN1	P35555	Cys546Gly	1	criteria provided, single submitter	Marfan syndrome;Familial thoracic aortic aneurysm and aortic dissection
FBN1	P35555	Cys85Ser	1	criteria provided, single submitter	Marfan syndrome;Familial thoracic aortic aneurysm and aortic dissection
FBN1	P35555	Cys67Trp	1	criteria provided, single submitter	Marfan syndrome;Familial thoracic aortic aneurysm and aortic dissection
FBN1	P35555	Asn2721Ser	0	criteria provided, single submitter	Familial thoracic aortic aneurysm and aortic dissection;Marfan syndrome
FBN1	P35555	Ser634Phe	1	criteria provided, single submitter	Marfan syndrome;Familial thoracic aortic aneurysm and aortic dissection
VHL	P40337	Cys162Ser	1	criteria provided, single submitter	Chuvash polycythemia;Von Hippel-Lindau syndrome
VHL	P40337	Arg200Pro	1	criteria provided, single submitter	Chuvash polycythemia;Von Hippel-Lindau syndrome
FBN1	P35555	Glu2447Asp	1	criteria provided, single submitter	Familial thoracic aortic aneurysm and aortic dissection;Marfan syndrome
FBN1	P35555	Gly1042Arg	1	criteria provided, single submitter	Marfan syndrome;Familial thoracic aortic aneurysm and aortic dissection
FBN1	P35555	Asn1324Asp	0	criteria provided, single submitter	Marfan syndrome;Familial thoracic aortic aneurysm and aortic dissection
FBN1	P35555	Ile379Val	0	criteria provided, single submitter	Familial thoracic aortic aneurysm and aortic dissection;Marfan syndrome
FBN1	P35555	Cys763Tyr	1	criteria provided, multiple submitters, no conflicts	Marfan syndrome;Familial thoracic aortic aneurysm and aortic dissection|Marfan Syndrome/Loeys-Dietz Syndrome/Familial Thoracic Aortic Aneurysms and Dissections
LDLR	P01130	Asp133His	1	criteria provided, single submitter	Hypercholesterolemia, familial, 1
BRCA1	P38398	Phe1124Leu	0	criteria provided, single submitter	not specified
BRCA2	P51587	Ser648Pro	0	criteria provided, single submitter	not specified
BRCA2	P51587	Gly1376Arg	0	criteria provided, single submitter	not specified
BRCA2	P51587	Gly1508Val	0	criteria provided, single submitter	not specified
CFTR	P13569	Thr1064Pro	1	criteria provided, single submitter	Cystic fibrosis
FBN1	P35555	Asn2773Ile	1	criteria provided, single submitter	FBN1-related disorder
HBB	P68871	His98Gln	1	criteria provided, single submitter	not provided
HBB	P68871	Arg31Met	1	criteria provided, single submitter	not provided
FBN1	P35555	Cys1748Ser	1	no assertion criteria provided	Geleophysic dysplasia 2
MSH2	P43246	His46Gln	0	criteria provided, single submitter	Lynch syndrome 1
MLH1	P40692	Gly454Arg	0	criteria provided, single submitter	Colorectal cancer, hereditary nonpolyposis, type 2
MSH2	P43246	Phe19Leu	0	criteria provided, single submitter	Lynch syndrome 1
FBN1	P35555	Met2273Thr	0	criteria provided, single submitter	Marfan syndrome
FBN1	P35555	Cys360Trp	1	criteria provided, single submitter	FBN1-related disorder
BRCA2	P51587	Asn2374Ile	0	criteria provided, single submitter	Hereditary cancer-predisposing syndrome
FBN1	P35555	Cys476Ser	1	criteria provided, single submitter	Marfan syndrome
KRAS	P01116	Leu53Trp	1	criteria provided, single submitter	Noonan syndrome 3
LDLR	P01130	Cys197Ser	1	criteria provided, multiple submitters, no conflicts	Hypercholesterolemia, familial, 1|Familial hypercholesterolemia
FBN1	P35555	Gly2027Asp	1	criteria provided, single submitter	Thoracic aortic aneurysm or dissection
PAH	P00439	Pro416Leu	1	criteria provided, single submitter	Phenylketonuria
CFTR	P13569	Arg153Ile	1	criteria provided, single submitter	not provided
COL1A1	P02452	Gly371Arg	1	criteria provided, single submitter	not provided
BRCA1	P38398	Ser229Tyr	0	criteria provided, single submitter	Fanconi anemia, complementation group S
BRCA2	P51587	Phe1219Leu	0	criteria provided, single submitter	BRCA2-related cancer predisposition
BRCA2	P51587	Thr1526Arg	0	criteria provided, single submitter	BRCA2-related cancer predisposition
BRCA2	P51587	Lys178Thr	0	criteria provided, single submitter	BRCA2-related cancer predisposition
COL1A1	P02452	Gly941Cys	1	criteria provided, single submitter	Osteogenesis imperfecta with normal sclerae, dominant form
RB1	P06400	Met1Val	1	criteria provided, multiple submitters, no conflicts	Hereditary cancer-predisposing syndrome|not provided|Retinoblastoma
RB1	P06400	Ser179Asn	0	criteria provided, single submitter	Hereditary cancer-predisposing syndrome
ATM	Q13315	Thr1697Ile	0	criteria provided, single submitter	Hereditary cancer-predisposing syndrome
ATM	Q13315	Asn1326Lys	0	criteria provided, single submitter	Hereditary cancer-predisposing syndrome
ATM	Q13315	Gly2765Arg	1	criteria provided, single submitter	Hereditary cancer-predisposing syndrome
ATM	Q13315	Ser2114Cys	0	criteria provided, single submitter	Hereditary cancer-predisposing syndrome
ATM	Q13315	Glu394Asp	0	criteria provided, single submitter	Hereditary cancer-predisposing syndrome
TP53	P04637	Ser166Thr	0	criteria provided, single submitter	Hereditary cancer-predisposing syndrome
TP53	P04637	Cys124Trp	0	criteria provided, single submitter	Hereditary cancer-predisposing syndrome
TP53	P04637	Glu62Gly	0	criteria provided, single submitter	Hereditary cancer-predisposing syndrome
TP53	P04637	Asp207Glu	0	criteria provided, single submitter	Hereditary cancer-predisposing syndrome
VHL	P40337	Val66Ala	0	criteria provided, single submitter	Hereditary cancer-predisposing syndrome
VHL	P40337	Glu6Lys	0	criteria provided, single submitter	Hereditary cancer-predisposing syndrome
VHL	P40337	Leu118Val	0	criteria provided, single submitter	Hereditary cancer-predisposing syndrome
VHL	P40337	Met211Arg	0	criteria provided, single submitter	Hereditary cancer-predisposing syndrome
VHL	P40337	Thr152Ser	0	criteria provided, single submitter	Hereditary cancer-predisposing syndrome
VHL	P40337	Ile109Thr	0	criteria provided, single submitter	Hereditary cancer-predisposing syndrome
VHL	P40337	His125Asn	0	criteria provided, single submitter	Hereditary cancer-predisposing syndrome
BRCA2	P51587	Leu2753Phe	0	criteria provided, single submitter	Hereditary cancer-predisposing syndrome
BRCA1	P38398	Met751Val	0	criteria provided, single submitter	Hereditary cancer-predisposing syndrome
BRCA1	P38398	Leu1605Phe	0	criteria provided, single submitter	Hereditary cancer-predisposing syndrome
BRCA2	P51587	Val3365Ile	0	criteria provided, single submitter	Hereditary cancer-predisposing syndrome
BRCA2	P51587	Asn1288Asp	0	criteria provided, single submitter	Hereditary cancer-predisposing syndrome
BRCA2	P51587	Asn560Lys	0	criteria provided, single submitter	Hereditary cancer-predisposing syndrome
BRCA2	P51587	Ile1945Val	0	criteria provided, single submitter	Hereditary cancer-predisposing syndrome
BRCA2	P51587	Val2138Ile	0	criteria provided, single submitter	Hereditary cancer-predisposing syndrome
BRCA2	P51587	Gly2529Val	0	criteria provided, single submitter	Hereditary cancer-predisposing syndrome
BRCA2	P51587	Cys3173Phe	0	criteria provided, single submitter	Hereditary cancer-predisposing syndrome
BRCA2	P51587	Ala3235Asp	0	criteria provided, single submitter	Hereditary cancer-predisposing syndrome
COL1A1	P02452	Gly1040Arg	1	criteria provided, single submitter	Cardiovascular phenotype
FBN1	P35555	Asp1766Asn	1	criteria provided, single submitter	Familial thoracic aortic aneurysm and aortic dissection
EGFR	P00533	Pro1128Ser	0	criteria provided, single submitter	Hereditary cancer-predisposing syndrome
EGFR	P00533	Val607Ile	0	criteria provided, single submitter	Hereditary cancer-predisposing syndrome
EGFR	P00533	Lys454Arg	0	criteria provided, single submitter	Hereditary cancer-predisposing syndrome
MLH1	P40692	Tyr130Ser	1	criteria provided, single submitter	Hereditary cancer-predisposing syndrome
MSH2	P43246	Ala870Glu	0	criteria provided, single submitter	Hereditary cancer-predisposing syndrome
MSH2	P43246	Ala15Pro	0	criteria provided, single submitter	Hereditary cancer-predisposing syndrome
MSH2	P43246	Ala14Pro	0	criteria provided, single submitter	Hereditary cancer-predisposing syndrome
MSH2	P43246	Arg355Ser	0	criteria provided, single submitter	Hereditary cancer-predisposing syndrome
MSH2	P43246	Leu128Ile	0	criteria provided, single submitter	Hereditary cancer-predisposing syndrome
MSH2	P43246	Ser473Ala	0	criteria provided, single submitter	Hereditary cancer-predisposing syndrome
MSH2	P43246	Gln24Pro	0	criteria provided, single submitter	Hereditary cancer-predisposing syndrome
MSH2	P43246	Val267Ala	0	criteria provided, single submitter	Hereditary cancer-predisposing syndrome
APOE	P02649	Arg33His	0	criteria provided, single submitter	Cardiovascular phenotype
APOE	P02649	Asp248Glu	0	criteria provided, single submitter	Cardiovascular phenotype
TP53	P04637	Cys135Ser	1	criteria provided, single submitter	not provided
ATM	Q13315	Asn246Asp	0	criteria provided, single submitter	Hereditary cancer-predisposing syndrome
FBN1	P35555	Cys515Tyr	1	criteria provided, single submitter	Cardiovascular phenotype
LDLR	P01130	Gln660His	1	criteria provided, single submitter	Dyslipidemia
LDLR	P01130	Cys377Ser	1	criteria provided, single submitter	Dyslipidemia
LDLR	P01130	Ser610Tyr	1	criteria provided, single submitter	Hypercholesterolemia, familial, 1
COL1A1	P02452	Gly197Asp	1	criteria provided, multiple submitters, no conflicts	Combined osteogenesis imperfecta and Ehlers-Danlos syndrome 1|Osteogenesis imperfecta type I
COL1A1	P02452	Gly719Arg	1	criteria provided, single submitter	not provided
FBN1	P35555	Tyr962Cys	1	criteria provided, single submitter	not provided
COL1A1	P02452	Gly311Ser	1	criteria provided, single submitter	Osteogenesis imperfecta type I
FBN1	P35555	Cys2496Ser	1	criteria provided, single submitter	Marfan syndrome
FBN1	P35555	Glu1158Lys	1	criteria provided, single submitter	Marfan syndrome
PTEN	P60484	Lys6Ile	1	criteria provided, single submitter	not provided
BRCA1	P38398	Ala439Val	0	criteria provided, single submitter	Breast-ovarian cancer, familial, susceptibility to, 1
BRCA1	P38398	Ser694Arg	0	criteria provided, single submitter	Breast-ovarian cancer, familial, susceptibility to, 1
CFTR	P13569	Gly509Asp	1	criteria provided, single submitter	Cystic fibrosis
COL1A1	P02452	Thr1298Ile	1	criteria provided, single submitter	Osteogenesis imperfecta type III
COL1A1	P02452	Gly1082Ser	1	criteria provided, single submitter	Osteogenesis imperfecta type I
MSH2	P43246	Leu744Ile	0	criteria provided, single submitter	Hereditary cancer-predisposing syndrome
MSH2	P43246	Asp597Glu	0	criteria provided, single submitter	Hereditary cancer-predisposing syndrome
MSH2	P43246	Ala120Ser	0	criteria provided, single submitter	Hereditary cancer-predisposing syndrome
MSH2	P43246	Ile304Met	0	criteria provided, single submitter	Hereditary cancer-predisposing syndrome
MSH2	P43246	Gln518His	0	criteria provided, single submitter	Hereditary cancer-predisposing syndrome
MSH2	P43246	Ser297Thr	0	criteria provided, single submitter	Hereditary cancer-predisposing syndrome
MSH2	P43246	Arg929Gly	0	criteria provided, single submitter	Hereditary cancer-predisposing syndrome
MSH2	P43246	Ala623Gly	0	criteria provided, single submitter	Hereditary cancer-predisposing syndrome
MSH2	P43246	Gln61Lys	0	criteria provided, single submitter	Hereditary cancer-predisposing syndrome
MSH2	P43246	Leu401Phe	0	criteria provided, single submitter	Hereditary cancer-predisposing syndrome
MSH2	P43246	Gly247Ala	0	criteria provided, single submitter	Hereditary cancer-predisposing syndrome
MSH2	P43246	Asn361His	0	criteria provided, single submitter	Hereditary cancer-predisposing syndrome
MSH2	P43246	Gln893Pro	0	criteria provided, single submitter	Hereditary cancer-predisposing syndrome
RB1	P06400	Asp85Asn	0	criteria provided, single submitter	Hereditary cancer-predisposing syndrome
RB1	P06400	Glu204Gln	0	criteria provided, single submitter	Hereditary cancer-predisposing syndrome
RB1	P06400	Ile126Val	0	criteria provided, single submitter	Hereditary cancer-predisposing syndrome
RB1	P06400	Val84Ala	0	criteria provided, single submitter	Hereditary cancer-predisposing syndrome
ATM	Q13315	Thr460Ala	0	criteria provided, single submitter	Hereditary cancer-predisposing syndrome
ATM	Q13315	Leu2984Pro	0	criteria provided, single submitter	Hereditary cancer-predisposing syndrome
ATM	Q13315	Glu850Gln	0	criteria provided, single submitter	Hereditary cancer-predisposing syndrome
ATM	Q13315	Asp1969Val	0	criteria provided, single submitter	Hereditary cancer-predisposing syndrome
ATM	Q13315	Ile1659Leu	0	criteria provided, single submitter	Hereditary cancer-predisposing syndrome
ATM	Q13315	His636Gln	0	criteria provided, single submitter	Hereditary cancer-predisposing syndrome
VHL	P40337	Glu53Lys	0	criteria provided, single submitter	Hereditary cancer-predisposing syndrome
VHL	P40337	Val66Glu	0	criteria provided, single submitter	Hereditary cancer-predisposing syndrome
VHL	P40337	Glu204Asp	0	criteria provided, single submitter	Hereditary cancer-predisposing syndrome
VHL	P40337	Asn141Tyr	0	criteria provided, single submitter	Hereditary cancer-predisposing syndrome
TP53	P04637	Ala83Pro	0	criteria provided, single submitter	Hereditary cancer-predisposing syndrome
TP53	P04637	Ser378Thr	0	criteria provided, single submitter	Hereditary cancer-predisposing syndrome
TP53	P04637	Asp21Ala	0	criteria provided, single submitter	Hereditary cancer-predisposing syndrome
TP53	P04637	Glu326Asp	0	criteria provided, single submitter	Hereditary cancer-predisposing syndrome
TP53	P04637	Ser240Cys	1	criteria provided, single submitter	Hereditary cancer-predisposing syndrome
BRCA1	P38398	Gly1543Glu	0	criteria provided, single submitter	Hereditary cancer-predisposing syndrome
BRCA1	P38398	Phe952Leu	0	criteria provided, single submitter	Hereditary cancer-predisposing syndrome
BRCA1	P38398	Leu1276Ser	0	criteria provided, single submitter	Hereditary cancer-predisposing syndrome
BRCA2	P51587	Gln2870Pro	0	criteria provided, single submitter	Hereditary cancer-predisposing syndrome
BRCA2	P51587	Ile2664Phe	0	criteria provided, single submitter	Hereditary cancer-predisposing syndrome
BRCA2	P51587	Asp2983Gly	0	criteria provided, single submitter	Hereditary cancer-predisposing syndrome
BRCA2	P51587	Glu984Lys	0	criteria provided, single submitter	Hereditary cancer-predisposing syndrome
BRCA2	P51587	Asp2492Asn	0	criteria provided, single submitter	Hereditary cancer-predisposing syndrome
BRCA2	P51587	Ala1253Thr	0	criteria provided, single submitter	Hereditary cancer-predisposing syndrome
BRCA2	P51587	Thr2542Ala	0	criteria provided, single submitter	Hereditary cancer-predisposing syndrome
BRCA2	P51587	Lys3196Asn	0	criteria provided, single submitter	Hereditary cancer-predisposing syndrome
BRCA2	P51587	Thr1185Arg	0	criteria provided, single submitter	Hereditary cancer-predisposing syndrome
BRCA2	P51587	Phe3060Val	0	criteria provided, single submitter	Hereditary cancer-predisposing syndrome
BRCA2	P51587	Gln2539Glu	0	criteria provided, single submitter	Hereditary cancer-predisposing syndrome
BRCA2	P51587	Asp2489His	0	criteria provided, single submitter	Hereditary cancer-predisposing syndrome
BRCA2	P51587	Leu3215His	0	criteria provided, single submitter	Hereditary cancer-predisposing syndrome
BRCA2	P51587	Lys2551Arg	0	criteria provided, single submitter	Hereditary cancer-predisposing syndrome
BRCA2	P51587	Arg2888Ser	0	criteria provided, single submitter	Hereditary cancer-predisposing syndrome
BRCA2	P51587	Pro2883Leu	0	criteria provided, single submitter	Hereditary cancer-predisposing syndrome
BRCA2	P51587	Ile1607Asn	0	criteria provided, single submitter	Hereditary cancer-predisposing syndrome
BRCA2	P51587	Gln3037Leu	0	criteria provided, single submitter	Hereditary cancer-predisposing syndrome
BRCA2	P51587	Asn3348Asp	0	criteria provided, single submitter	Hereditary cancer-predisposing syndrome
BRCA2	P51587	Gln548Lys	0	criteria provided, single submitter	Hereditary cancer-predisposing syndrome
BRCA2	P51587	Asn1747Ser	0	criteria provided, single submitter	Hereditary cancer-predisposing syndrome
BRCA2	P51587	Lys3032Arg	0	criteria provided, single submitter	Hereditary cancer-predisposing syndrome
BRCA2	P51587	Cys1081Ser	0	criteria provided, single submitter	Hereditary cancer-predisposing syndrome
BRCA2	P51587	Leu1357Ile	0	criteria provided, single submitter	Hereditary cancer-predisposing syndrome
BRCA2	P51587	Lys410Asn	0	criteria provided, single submitter	Hereditary cancer-predisposing syndrome
BRCA2	P51587	Pro1171Ala	0	criteria provided, single submitter	Hereditary cancer-predisposing syndrome
BRCA2	P51587	Lys1191Asn	0	criteria provided, single submitter	Hereditary cancer-predisposing syndrome
BRCA2	P51587	His2548Asn	0	criteria provided, single submitter	Hereditary cancer-predisposing syndrome
BRCA2	P51587	Leu2890Arg	0	criteria provided, single submitter	Hereditary cancer-predisposing syndrome
BRCA2	P51587	Val358Ala	0	criteria provided, single submitter	Hereditary cancer-predisposing syndrome
BRCA2	P51587	Ile3208Val	0	criteria provided, single submitter	Hereditary cancer-predisposing syndrome
BRCA2	P51587	Asn1473Ser	0	criteria provided, single submitter	Hereditary cancer-predisposing syndrome
COL1A1	P02452	Val454Ala	0	criteria provided, single submitter	Cardiovascular phenotype
EGFR	P00533	Gly1075Ser	0	criteria provided, single submitter	Hereditary cancer-predisposing syndrome
EGFR	P00533	His590Arg	0	criteria provided, single submitter	Hereditary cancer-predisposing syndrome
EGFR	P00533	Ala24Ser	0	criteria provided, single submitter	Hereditary cancer-predisposing syndrome
EGFR	P00533	Val1089Ala	0	criteria provided, single submitter	Hereditary cancer-predisposing syndrome
EGFR	P00533	Gln504Glu	0	criteria provided, single submitter	Hereditary cancer-predisposing syndrome
FBN1	P35555	Cys2442Ser	1	criteria provided, single submitter	Familial thoracic aortic aneurysm and aortic dissection
TP53	P04637	Cys124Arg	1	criteria provided, single submitter	Li-Fraumeni syndrome
BRCA1	P38398	Ile429Val	0	criteria provided, single submitter	Breast-ovarian cancer, familial, susceptibility to, 1
ATM	Q13315	Arg1095Thr	1	reviewed by expert panel	ATM-related cancer predisposition|Familial cancer of breast
COL1A1	P02452	Gly197Arg	1	criteria provided, single submitter	Osteogenesis imperfecta with normal sclerae, dominant form
COL1A1	P02452	Asp1446Asn	1	criteria provided, single submitter	Osteogenesis imperfecta type III
COL1A1	P02452	Gln1351Glu	1	criteria provided, single submitter	Osteogenesis imperfecta type III
ATM	Q13315	Asp1013Gly	0	criteria provided, single submitter	Ataxia-telangiectasia syndrome|Hereditary cancer-predisposing syndrome
PAH	P00439	Cys284Tyr	1	criteria provided, single submitter	Phenylketonuria
CFTR	P13569	Glu60Gly	1	criteria provided, single submitter	CFTR-related disorder
LDLR	P01130	His211Gln	1	criteria provided, single submitter	Familial hypercholesterolemia
COL1A1	P02452	Gly395Ser	1	criteria provided, single submitter	not provided
FBN1	P35555	Cys670Ser	1	criteria provided, single submitter	not provided
BRCA2	P51587	Glu2918Asp	1	criteria provided, single submitter	Breast-ovarian cancer, familial, susceptibility to, 2
HBB	P68871	Ala28Thr	1	no assertion criteria provided	Beta-thalassemia HBB/LCRB
BRAF	P15056	Asp361Val	1	criteria provided, single submitter	Costello syndrome
CFTR	P13569	Ile471Ser	1	no assertion criteria provided	Cystic fibrosis
CFTR	P13569	Ser485Arg	1	no assertion criteria provided	Cystic fibrosis
CFTR	P13569	Phe490Val	1	no assertion criteria provided	Cystic fibrosis
CFTR	P13569	Met472Leu	1	no assertion criteria provided	Cystic fibrosis
CFTR	P13569	Ile471Val	1	no assertion criteria provided	Cystic fibrosis
CFTR	P13569	Val520Leu	1	no assertion criteria provided	Cystic fibrosis
CFTR	P13569	Ser492Cys	1	no assertion criteria provided	Cystic fibrosis
CFTR	P13569	Cys491Gly	1	no assertion criteria provided	Cystic fibrosis
CFTR	P13569	Ile507Ser	1	no assertion criteria provided	Cystic fibrosis
FBN1	P35555	Gly601Val	1	criteria provided, single submitter	Marfan syndrome
COL1A1	P02452	Gly1031Ser	1	criteria provided, single submitter	Osteogenesis imperfecta type III
COL1A1	P02452	Tyr1408Ser	1	criteria provided, single submitter	Osteogenesis imperfecta type I
COL1A1	P02452	Gly299Val	1	criteria provided, single submitter	Osteogenesis imperfecta type I
PTEN	P60484	Tyr46Asn	1	criteria provided, single submitter	PTEN hamartoma tumor syndrome
FBN1	P35555	Cys1526Gly	1	criteria provided, single submitter	Marfan syndrome
FBN1	P35555	Cys958Tyr	1	criteria provided, multiple submitters, no conflicts	Marfan syndrome
COL1A1	P02452	Gly248Arg	1	criteria provided, single submitter	not provided
COL1A1	P02452	Gly1058Ser	1	criteria provided, single submitter	not provided
LDLR	P01130	Gly343Ala	1	criteria provided, single submitter	Hypercholesterolemia, familial, 1
COL1A1	P02452	Gly683Ser	1	criteria provided, single submitter	not provided
COL1A1	P02452	Gly389Cys	1	criteria provided, single submitter	not provided
COL1A1	P02452	Gly1455Val	1	criteria provided, multiple submitters, no conflicts	not provided|Osteogenesis imperfecta type I
COL1A1	P02452	Gly362Val	1	criteria provided, single submitter	not provided
FBN1	P35555	Cys1039Trp	1	criteria provided, single submitter	Marfan syndrome
BRCA2	P51587	Ser2022Ala	0	criteria provided, single submitter	Hereditary cancer-predisposing syndrome
BRCA2	P51587	Ser2219Leu	0	criteria provided, single submitter	Hereditary cancer-predisposing syndrome
BRCA2	P51587	Ser3303Arg	0	criteria provided, single submitter	Hereditary cancer-predisposing syndrome
LDLR	P01130	Gln448Pro	1	criteria provided, single submitter	Hypercholesterolemia, familial, 1
FBN1	P35555	Leu2845Gln	1	criteria provided, single submitter	not provided
COL1A1	P02452	Gly536Asp	1	criteria provided, single submitter	not provided
FBN1	P35555	Cys876Gly	1	criteria provided, single submitter	Thoracic aortic aneurysm or dissection
MSH2	P43246	Asn109His	0	criteria provided, single submitter	Hereditary cancer-predisposing syndrome
MSH2	P43246	Phe313Leu	0	criteria provided, single submitter	Hereditary cancer-predisposing syndrome
MSH2	P43246	Met663Ile	0	criteria provided, single submitter	Hereditary cancer-predisposing syndrome
MSH2	P43246	Ile841Leu	0	criteria provided, single submitter	Hereditary cancer-predisposing syndrome
MSH2	P43246	Val532Phe	0	criteria provided, single submitter	Hereditary cancer-predisposing syndrome
MSH2	P43246	Tyr66His	0	criteria provided, single submitter	Hereditary cancer-predisposing syndrome
MSH2	P43246	Asn115Ser	0	criteria provided, single submitter	Hereditary cancer-predisposing syndrome
MSH2	P43246	His665Leu	0	criteria provided, single submitter	Hereditary cancer-predisposing syndrome
MSH2	P43246	Trp345Arg	1	criteria provided, single submitter	Hereditary cancer-predisposing syndrome
MSH2	P43246	Ile222Phe	0	criteria provided, single submitter	Hereditary cancer-predisposing syndrome
MLH1	P40692	Ser459Ala	0	criteria provided, single submitter	Hereditary cancer-predisposing syndrome
MLH1	P40692	Tyr130Asn	1	criteria provided, single submitter	Hereditary cancer-predisposing syndrome
PTEN	P60484	Pro354Ser	0	criteria provided, single submitter	Hereditary cancer-predisposing syndrome
RB1	P06400	Asn598Ser	0	criteria provided, single submitter	Hereditary cancer-predisposing syndrome
RB1	P06400	His784Gln	0	criteria provided, single submitter	Hereditary cancer-predisposing syndrome
RB1	P06400	Glu170Asp	0	criteria provided, single submitter	Hereditary cancer-predisposing syndrome
RB1	P06400	Pro820Leu	0	criteria provided, single submitter	Hereditary cancer-predisposing syndrome
RB1	P06400	Lys432Arg	0	criteria provided, single submitter	Hereditary cancer-predisposing syndrome
ATM	Q13315	Lys66Arg	0	criteria provided, single submitter	Hereditary cancer-predisposing syndrome
ATM	Q13315	Lys2639Gln	1	criteria provided, single submitter	Hereditary cancer-predisposing syndrome
ATM	Q13315	Phe858Ser	0	criteria provided, single submitter	Hereditary cancer-predisposing syndrome
ATM	Q13315	Ser2329Asn	0	criteria provided, single submitter	Hereditary cancer-predisposing syndrome
ATM	Q13315	Lys388Gln	0	criteria provided, single submitter	Hereditary cancer-predisposing syndrome
ATM	Q13315	Ser1981Asn	0	criteria provided, single submitter	Hereditary cancer-predisposing syndrome
TP53	P04637	Leu350Arg	0	criteria provided, single submitter	Hereditary cancer-predisposing syndrome
TP53	P04637	Asn239Lys	1	criteria provided, single submitter	Hereditary cancer-predisposing syndrome
TP53	P04637	Ser95Thr	0	criteria provided, single submitter	Hereditary cancer-predisposing syndrome
TP53	P04637	Ile332Leu	0	criteria provided, single submitter	Hereditary cancer-predisposing syndrome
TP53	P04637	Ala79Val	0	criteria provided, single submitter	Hereditary cancer-predisposing syndrome
VHL	P40337	Thr157Ala	0	criteria provided, single submitter	Hereditary cancer-predisposing syndrome
VHL	P40337	Glu53Asp	0	criteria provided, single submitter	Hereditary cancer-predisposing syndrome
VHL	P40337	Arg69His	0	criteria provided, single submitter	Hereditary cancer-predisposing syndrome
BRCA2	P51587	Asp1420Gly	0	criteria provided, single submitter	Hereditary cancer-predisposing syndrome
BRCA2	P51587	Gln3394His	0	criteria provided, single submitter	Hereditary cancer-predisposing syndrome
BRCA2	P51587	Ile1556Thr	0	criteria provided, single submitter	Hereditary cancer-predisposing syndrome
BRCA2	P51587	Thr680Ala	0	criteria provided, single submitter	Hereditary cancer-predisposing syndrome
BRCA2	P51587	Glu3258Lys	0	criteria provided, single submitter	Hereditary cancer-predisposing syndrome
BRCA2	P51587	Lys1281Asn	0	criteria provided, single submitter	Hereditary cancer-predisposing syndrome
BRCA2	P51587	Glu2635Asp	0	criteria provided, single submitter	Hereditary cancer-predisposing syndrome
BRCA2	P51587	Gly3141Arg	0	criteria provided, single submitter	Hereditary cancer-predisposing syndrome
BRCA2	P51587	Ile505Leu	0	criteria provided, single submitter	Hereditary cancer-predisposing syndrome
BRCA2	P51587	Met1272Arg	0	criteria provided, single submitter	Hereditary cancer-predisposing syndrome
BRCA2	P51587	Glu1407Gln	0	criteria provided, single submitter	Hereditary cancer-predisposing syndrome
BRCA2	P51587	Glu2475Lys	0	criteria provided, single submitter	Hereditary cancer-predisposing syndrome
BRCA2	P51587	Lys3019Asn	0	criteria provided, single submitter	Hereditary cancer-predisposing syndrome
BRCA2	P51587	Asn2931Thr	0	criteria provided, single submitter	Hereditary cancer-predisposing syndrome
BRCA2	P51587	Ser2782Arg	0	criteria provided, single submitter	Hereditary cancer-predisposing syndrome
BRCA1	P38398	Glu362Asp	0	criteria provided, single submitter	Hereditary cancer-predisposing syndrome
BRCA2	P51587	Leu574Ser	0	criteria provided, single submitter	Hereditary cancer-predisposing syndrome
BRCA2	P51587	Ser942Leu	0	criteria provided, single submitter	Hereditary cancer-predisposing syndrome
BRCA2	P51587	Lys457Thr	0	criteria provided, single submitter	Hereditary cancer-predisposing syndrome
BRCA2	P51587	Val494Leu	0	criteria provided, single submitter	Hereditary cancer-predisposing syndrome
BRCA2	P51587	Glu2981Val	0	criteria provided, single submitter	Hereditary cancer-predisposing syndrome
BRCA2	P51587	Asn1935Ile	0	criteria provided, single submitter	Hereditary cancer-predisposing syndrome
BRCA2	P51587	Asn289Lys	0	criteria provided, single submitter	Hereditary cancer-predisposing syndrome
BRCA2	P51587	Gln1089Glu	0	criteria provided, single submitter	Hereditary cancer-predisposing syndrome
EGFR	P00533	Leu443Val	0	criteria provided, single submitter	Hereditary cancer-predisposing syndrome
EGFR	P00533	Ala155Val	0	criteria provided, single submitter	Hereditary cancer-predisposing syndrome
EGFR	P00533	Glu27Asp	0	criteria provided, single submitter	Hereditary cancer-predisposing syndrome
EGFR	P00533	Tyr813His	0	criteria provided, single submitter	Hereditary cancer-predisposing syndrome
EGFR	P00533	Ala7Thr	0	criteria provided, single submitter	Hereditary cancer-predisposing syndrome
EGFR	P00533	Ala1000Val	0	criteria provided, single submitter	Hereditary cancer-predisposing syndrome
EGFR	P00533	Arg494Lys	0	criteria provided, single submitter	Hereditary cancer-predisposing syndrome
EGFR	P00533	Arg414Gly	0	criteria provided, single submitter	Hereditary cancer-predisposing syndrome
FBN1	P35555	Cys1663Tyr	1	criteria provided, single submitter	Familial thoracic aortic aneurysm and aortic dissection
FBN1	P35555	Asp2567His	1	criteria provided, single submitter	Familial thoracic aortic aneurysm and aortic dissection
FBN1	P35555	Ile1076Val	0	criteria provided, single submitter	Familial thoracic aortic aneurysm and aortic dissection
FBN1	P35555	Cys1391Trp	1	criteria provided, single submitter	Familial thoracic aortic aneurysm and aortic dissection
FBN1	P35555	Cys313Tyr	1	criteria provided, single submitter	Marfan syndrome
FBN1	P35555	Asn2624Asp	1	criteria provided, single submitter	Marfan syndrome
FBN1	P35555	Gly899Trp	1	criteria provided, single submitter	Marfan syndrome
COL1A1	P02452	Arg918Gly	1	criteria provided, single submitter	Osteogenesis imperfecta type I
HBB	P68871	Leu97Arg	1	criteria provided, single submitter	Malaria, susceptibility to
CFTR	P13569	Thr604Ala	1	criteria provided, single submitter	Cystic fibrosis
VHL	P40337	Arg120Lys	1	criteria provided, single submitter	Von Hippel-Lindau syndrome
TP53	P04637	Asn131His	1	criteria provided, single submitter	Breast-ovarian cancer, familial, susceptibility to, 1
COL1A1	P02452	Gly245Arg	1	criteria provided, single submitter	Osteogenesis imperfecta, perinatal lethal
KRAS	P01116	Lys117Arg	1	criteria provided, single submitter	Linear nevus sebaceous syndrome
CFTR	P13569	Ile853Thr	1	criteria provided, single submitter	Cystic fibrosis
COL1A1	P02452	Gly596Arg	1	criteria provided, single submitter	Stickler syndrome type 2
COL1A1	P02452	Cys70Arg	1	criteria provided, single submitter	Osteogenesis imperfecta with normal sclerae, dominant form
COL1A1	P02452	Val454Phe	0	criteria provided, single submitter	Osteogenesis imperfecta type I
COL1A1	P02452	Gly629Ala	1	criteria provided, single submitter	Osteogenesis imperfecta with normal sclerae, dominant form
COL1A1	P02452	Gly1178Ser	1	criteria provided, single submitter	not provided
COL1A1	P02452	Gly689Ser	1	criteria provided, single submitter	not provided
COL1A1	P02452	Gly338Arg	1	criteria provided, single submitter	COL1A1-related disorder
FBN1	P35555	Cys1456Ser	1	criteria provided, single submitter	Marfan syndrome
APOE	P02649	Arg154His	1	criteria provided, single submitter	Familial type 3 hyperlipoproteinemia
ATM	Q13315	Arg1095Ile	1	criteria provided, single submitter	Familial cancer of breast
COL1A1	P02452	Cys61Tyr	1	criteria provided, single submitter	Osteogenesis imperfecta type I
FBN1	P35555	Asn1046Thr	1	criteria provided, single submitter	Progeroid and marfanoid aspect-lipodystrophy syndrome;Marfan syndrome
PAH	P00439	Gln232His	1	criteria provided, single submitter	Thyroid cancer, nonmedullary, 1|Phenylketonuria
HBB	P68871	His3Gln	0	criteria provided, single submitter	not specified
COL1A1	P02452	Gly743Asp	1	criteria provided, single submitter	See cases
MLH1	P40692	Thr552Pro	1	criteria provided, single submitter	Colorectal cancer, hereditary nonpolyposis, type 2
COL1A1	P02452	Gly674Arg	1	criteria provided, single submitter	Osteogenesis imperfecta, perinatal lethal
ATM	Q13315	Lys93Asn	0	no assertion criteria provided	not provided
COL1A1	P02452	Pro555Thr	1	criteria provided, single submitter	Osteogenesis imperfecta type I
PTEN	P60484	Asp92Asn	1	criteria provided, multiple submitters, no conflicts	not provided|Triple-negative breast cancer
MLH1	P40692	Pro640His	1	criteria provided, single submitter	Lynch syndrome 1
LDLR	P01130	Asp90Glu	1	criteria provided, single submitter	Familial hypercholesterolemia
COL1A1	P02452	Gly752Cys	1	no assertion criteria provided	Osteogenesis imperfecta type I
COL1A1	P02452	Gly1112Val	1	criteria provided, single submitter	Osteogenesis imperfecta, perinatal lethal;Osteogenesis imperfecta type III;Osteogenesis imperfecta type I;Osteogenesis imperfecta with normal sclerae, dominant form
RB1	P06400	Trp195Leu	1	criteria provided, single submitter	Retinoblastoma
COL1A1	P02452	Gly974Asp	1	criteria provided, single submitter	Osteogenesis imperfecta, perinatal lethal
COL1A1	P02452	Gly323Arg	1	criteria provided, single submitter	Osteogenesis imperfecta, perinatal lethal
COL1A1	P02452	Gly248Glu	1	criteria provided, single submitter	Osteogenesis imperfecta, perinatal lethal
FBN1	P35555	Cys1695Trp	1	criteria provided, multiple submitters, no conflicts	Marfan Syndrome/Loeys-Dietz Syndrome/Familial Thoracic Aortic Aneurysms and Dissections|Marfan syndrome;Familial thoracic aortic aneurysm and aortic dissection
PTEN	P60484	Tyr174Asp	1	criteria provided, single submitter	not provided
BRCA2	P51587	Asp362His	0	criteria provided, single submitter	not specified
BRCA1	P38398	Ala1611Thr	0	criteria provided, single submitter	not specified
BRCA1	P38398	Asn1519Ser	0	criteria provided, single submitter	not specified
BRCA2	P51587	Thr2713Ala	0	criteria provided, single submitter	not specified
BRCA2	P51587	Ser3218Ala	0	criteria provided, single submitter	not specified
ATM	Q13315	Glu498Lys	0	criteria provided, single submitter	Neoplasm|Hereditary cancer-predisposing syndrome
COL1A1	P02452	Gly995Cys	1	criteria provided, single submitter	not provided
PAH	P00439	Gln304Pro	1	reviewed by expert panel	Phenylketonuria
PAH	P00439	Gly171Glu	1	reviewed by expert panel	Phenylketonuria
PAH	P00439	Leu293Met	1	reviewed by expert panel	Phenylketonuria
LDLR	P01130	His211Arg	1	criteria provided, single submitter	Familial hypercholesterolemia
COL1A1	P02452	Gly851Ser	1	criteria provided, single submitter	not provided
RB1	P06400	His129Arg	0	criteria provided, single submitter	Hereditary cancer-predisposing syndrome
RB1	P06400	Pro591Ser	0	criteria provided, single submitter	Hereditary cancer-predisposing syndrome
VHL	P40337	Thr105Arg	0	criteria provided, single submitter	Hereditary cancer-predisposing syndrome
VHL	P40337	Leu158Arg	1	criteria provided, single submitter	Hereditary cancer-predisposing syndrome
VHL	P40337	Leu116Ile	0	criteria provided, single submitter	Hereditary cancer-predisposing syndrome
APOE	P02649	Thr243Ala	0	criteria provided, single submitter	Cardiovascular phenotype
ATM	Q13315	Thr1100Arg	0	criteria provided, single submitter	Hereditary cancer-predisposing syndrome
ATM	Q13315	Ala1110Pro	0	criteria provided, single submitter	Hereditary cancer-predisposing syndrome
ATM	Q13315	Asn429Thr	0	criteria provided, single submitter	Hereditary cancer-predisposing syndrome
ATM	Q13315	Leu906Phe	0	criteria provided, single submitter	Hereditary cancer-predisposing syndrome
ATM	Q13315	Lys196Glu	0	criteria provided, single submitter	Hereditary cancer-predisposing syndrome
ATM	Q13315	Lys1625Asn	0	criteria provided, single submitter	Hereditary cancer-predisposing syndrome
ATM	Q13315	Glu1894Asp	0	criteria provided, single submitter	Hereditary cancer-predisposing syndrome
ATM	Q13315	Ala1426Gly	0	criteria provided, single submitter	Hereditary cancer-predisposing syndrome
ATM	Q13315	Glu518Asp	0	criteria provided, single submitter	Hereditary cancer-predisposing syndrome
ATM	Q13315	Thr878Ser	0	criteria provided, single submitter	Hereditary cancer-predisposing syndrome
ATM	Q13315	Thr417Asn	0	criteria provided, single submitter	Hereditary cancer-predisposing syndrome
ATM	Q13315	His46Tyr	0	criteria provided, single submitter	Hereditary cancer-predisposing syndrome
ATM	Q13315	Glu1553Lys	0	criteria provided, single submitter	Hereditary cancer-predisposing syndrome
ATM	Q13315	Phe172Leu	0	criteria provided, single submitter	Hereditary cancer-predisposing syndrome
BRCA2	P51587	Val2531Ala	0	criteria provided, single submitter	Hereditary cancer-predisposing syndrome
BRCA2	P51587	Glu1780Gly	0	criteria provided, single submitter	Hereditary cancer-predisposing syndrome
BRCA2	P51587	Ile383Val	0	criteria provided, single submitter	Hereditary cancer-predisposing syndrome
BRCA2	P51587	Ala3140Ser	0	criteria provided, single submitter	Hereditary cancer-predisposing syndrome
BRCA2	P51587	Ala3186Glu	0	criteria provided, single submitter	Hereditary cancer-predisposing syndrome
BRCA2	P51587	Thr3413Ala	0	criteria provided, single submitter	Hereditary cancer-predisposing syndrome
BRCA2	P51587	Trp2586Cys	0	criteria provided, single submitter	Hereditary cancer-predisposing syndrome
BRCA2	P51587	Leu2480Ile	0	criteria provided, single submitter	Hereditary cancer-predisposing syndrome
BRCA2	P51587	Phe2794Leu	0	criteria provided, multiple submitters, no conflicts	Hereditary cancer-predisposing syndrome|Breast-ovarian cancer, familial, susceptibility to, 2
BRCA2	P51587	Pro2804Ala	0	criteria provided, single submitter	Hereditary cancer-predisposing syndrome
BRCA2	P51587	Val2820Ala	0	criteria provided, multiple submitters, no conflicts	Hereditary cancer-predisposing syndrome|Breast-ovarian cancer, familial, susceptibility to, 2
BRCA2	P51587	Ala573Thr	0	criteria provided, multiple submitters, no conflicts	Hereditary cancer-predisposing syndrome|Breast-ovarian cancer, familial, susceptibility to, 2
FBN1	P35555	Cys460Ser	1	criteria provided, single submitter	Familial thoracic aortic aneurysm and aortic dissection
FBN1	P35555	Cys111Gly	1	criteria provided, single submitter	Familial thoracic aortic aneurysm and aortic dissection
FBN1	P35555	Cys460Trp	1	criteria provided, single submitter	Familial thoracic aortic aneurysm and aortic dissection
FBN1	P35555	Cys89Gly	1	criteria provided, single submitter	Familial thoracic aortic aneurysm and aortic dissection
BRCA2	P51587	Glu2856Gly	0	criteria provided, single submitter	Hereditary cancer-predisposing syndrome
BRCA2	P51587	Pro814Ser	0	criteria provided, single submitter	Hereditary cancer-predisposing syndrome
BRCA1	P38398	Glu880Lys	0	criteria provided, single submitter	Hereditary cancer-predisposing syndrome
BRCA2	P51587	Glu2850Ala	0	criteria provided, single submitter	Hereditary cancer-predisposing syndrome
BRCA2	P51587	Leu2996Ser	0	criteria provided, single submitter	Hereditary cancer-predisposing syndrome
BRCA2	P51587	Leu2614His	0	criteria provided, single submitter	Hereditary cancer-predisposing syndrome
BRCA2	P51587	His1467Leu	0	criteria provided, single submitter	Hereditary cancer-predisposing syndrome
BRCA2	P51587	Asn2910Ser	0	criteria provided, single submitter	Hereditary cancer-predisposing syndrome
BRCA2	P51587	Phe2921Ile	0	criteria provided, single submitter	Hereditary cancer-predisposing syndrome
EGFR	P00533	Gly185Ser	0	criteria provided, single submitter	Hereditary cancer-predisposing syndrome
EGFR	P00533	Ser530Asn	0	criteria provided, single submitter	Hereditary cancer-predisposing syndrome
EGFR	P00533	Asn139Ser	0	criteria provided, single submitter	Hereditary cancer-predisposing syndrome
MSH2	P43246	Phe887Leu	0	criteria provided, single submitter	Hereditary cancer-predisposing syndrome
MSH2	P43246	Phe131Tyr	0	criteria provided, single submitter	Hereditary cancer-predisposing syndrome
MSH2	P43246	Ala327Ser	0	criteria provided, single submitter	Hereditary cancer-predisposing syndrome
MSH2	P43246	Ala420Thr	0	criteria provided, single submitter	Hereditary cancer-predisposing syndrome
MSH2	P43246	Glu886Asp	0	criteria provided, single submitter	Hereditary cancer-predisposing syndrome
EGFR	P00533	Lys479Asn	0	criteria provided, single submitter	Hereditary cancer-predisposing syndrome
EGFR	P00533	Val1097Phe	0	criteria provided, single submitter	Hereditary cancer-predisposing syndrome
MSH2	P43246	Lys819Ile	0	criteria provided, single submitter	Hereditary cancer-predisposing syndrome
MSH2	P43246	Ala398Gly	0	criteria provided, single submitter	Hereditary cancer-predisposing syndrome
PTEN	P60484	Ala121Ser	1	criteria provided, single submitter	Hereditary cancer-predisposing syndrome
MLH1	P40692	Pro28Arg	1	criteria provided, single submitter	Inherited MMR deficiency (Lynch syndrome)
BRCA2	P51587	Asn235His	0	criteria provided, single submitter	not provided
BRCA1	P38398	Pro529Ala	0	criteria provided, single submitter	not provided
HBB	P68871	His78Leu	0	criteria provided, single submitter	not provided
COL1A1	P02452	Gly437Ser	1	criteria provided, multiple submitters, no conflicts	not provided
CFTR	P13569	Gly314Arg	1	criteria provided, single submitter	Cystic fibrosis
KRAS	P01116	Thr20Met	1	criteria provided, single submitter	not provided
COL1A1	P02452	Asp51Glu	0	criteria provided, single submitter	Osteogenesis imperfecta type I
LDLR	P01130	Cys109Ser	1	criteria provided, single submitter	Familial hypercholesterolemia
COL1A1	P02452	Ala195Thr	0	criteria provided, single submitter	Osteogenesis imperfecta type I
LDLR	P01130	Asp433Asn	1	criteria provided, single submitter	Familial hypercholesterolemia
COL1A1	P02452	Arg120Gln	0	criteria provided, single submitter	Osteogenesis imperfecta type I
COL1A1	P02452	Gly1169Cys	1	criteria provided, single submitter	Osteogenesis imperfecta type I
COL1A1	P02452	Gly737Cys	1	criteria provided, single submitter	Osteogenesis imperfecta type I
COL1A1	P02452	Gly242Asp	1	criteria provided, single submitter	Osteogenesis imperfecta type I
PAH	P00439	Val177Ala	1	criteria provided, single submitter	Phenylketonuria
COL1A1	P02452	Met1Lys	1	criteria provided, single submitter	Osteogenesis imperfecta type I
ATM	Q13315	Arg2909Thr	1	criteria provided, single submitter	Ataxia-telangiectasia syndrome
COL1A1	P02452	Gly746Ser	1	criteria provided, single submitter	Osteogenesis imperfecta type I
COL1A1	P02452	Ser1251Gly	0	criteria provided, single submitter	Osteogenesis imperfecta type I
PAH	P00439	Asp394Gly	1	criteria provided, single submitter	Phenylketonuria
PTEN	P60484	Ile32Ser	1	criteria provided, single submitter	PTEN hamartoma tumor syndrome
COL1A1	P02452	Ser1306Asn	0	criteria provided, single submitter	Osteogenesis imperfecta type I
LDLR	P01130	Thr420Ala	0	criteria provided, single submitter	Familial hypercholesterolemia
FBN1	P35555	Val444Leu	0	criteria provided, single submitter	Familial thoracic aortic aneurysm and aortic dissection
LDLR	P01130	Leu16Phe	0	criteria provided, single submitter	Familial hypercholesterolemia
FBN1	P35555	His23Gln	0	criteria provided, single submitter	Familial thoracic aortic aneurysm and aortic dissection
TP53	P04637	Glu287Gly	0	criteria provided, single submitter	Hereditary cancer-predisposing syndrome
LDLR	P01130	Asp356Gly	1	criteria provided, single submitter	Familial hypercholesterolemia
BRCA1	P38398	Asn909Asp	0	criteria provided, single submitter	Hereditary cancer-predisposing syndrome
TP53	P04637	Pro75Ser	0	criteria provided, single submitter	Hereditary cancer-predisposing syndrome
MSH2	P43246	Ile685Leu	0	criteria provided, single submitter	Hereditary cancer-predisposing syndrome
MSH2	P43246	Ala917Val	0	criteria provided, single submitter	Hereditary nonpolyposis colorectal neoplasms
LDLR	P01130	Ile161Met	1	criteria provided, single submitter	Familial hypercholesterolemia
COL1A1	P02452	Ala618Pro	0	criteria provided, single submitter	Osteogenesis imperfecta type I
COL1A1	P02452	Met1000Thr	0	criteria provided, single submitter	Osteogenesis imperfecta type I
VHL	P40337	Phe76Val	1	criteria provided, single submitter	Chuvash polycythemia;Von Hippel-Lindau syndrome
VHL	P40337	Arg176Trp	1	criteria provided, single submitter	Chuvash polycythemia;Von Hippel-Lindau syndrome
FBN1	P35555	Asp1280His	1	criteria provided, single submitter	Familial thoracic aortic aneurysm and aortic dissection;Marfan syndrome
FBN1	P35555	Cys2611Arg	1	criteria provided, single submitter	Marfan syndrome;Familial thoracic aortic aneurysm and aortic dissection
FBN1	P35555	Cys2522Ser	1	criteria provided, single submitter	Marfan syndrome;Familial thoracic aortic aneurysm and aortic dissection
FBN1	P35555	Cys2522Tyr	1	criteria provided, multiple submitters, no conflicts	Marfan syndrome;Familial thoracic aortic aneurysm and aortic dissection|Marfan Syndrome/Loeys-Dietz Syndrome/Familial Thoracic Aortic Aneurysms and Dissections
FBN1	P35555	Cys2363Arg	1	criteria provided, single submitter	Marfan syndrome;Familial thoracic aortic aneurysm and aortic dissection
FBN1	P35555	Gly1987Val	1	criteria provided, single submitter	Marfan syndrome;Familial thoracic aortic aneurysm and aortic dissection
FBN1	P35555	Gly1475Asp	1	criteria provided, single submitter	Marfan syndrome;Familial thoracic aortic aneurysm and aortic dissection
FBN1	P35555	Asn1382Ser	1	criteria provided, single submitter	Marfan syndrome;Familial thoracic aortic aneurysm and aortic dissection
FBN1	P35555	Gly1100Ser	1	criteria provided, single submitter	Marfan syndrome;Familial thoracic aortic aneurysm and aortic dissection
FBN1	P35555	Cys980Tyr	1	criteria provided, single submitter	Marfan syndrome;Familial thoracic aortic aneurysm and aortic dissection
FBN1	P35555	Cys683Ser	1	criteria provided, single submitter	Marfan syndrome;Familial thoracic aortic aneurysm and aortic dissection
FBN1	P35555	Cys499Ser	1	criteria provided, single submitter	Marfan syndrome;Familial thoracic aortic aneurysm and aortic dissection
VHL	P40337	Tyr156Ser	1	criteria provided, single submitter	Chuvash polycythemia;Von Hippel-Lindau syndrome
FBN1	P35555	Lys478Arg	0	criteria provided, single submitter	Marfan syndrome;Familial thoracic aortic aneurysm and aortic dissection
FBN1	P35555	Cys2631Ser	1	criteria provided, single submitter	Marfan syndrome;Familial thoracic aortic aneurysm and aortic dissection
FBN1	P35555	Cys2605Arg	1	criteria provided, single submitter	Marfan syndrome;Familial thoracic aortic aneurysm and aortic dissection
FBN1	P35555	Cys2571Ser	1	criteria provided, single submitter	Marfan syndrome;Familial thoracic aortic aneurysm and aortic dissection
FBN1	P35555	Phe2556Cys	1	criteria provided, single submitter	Marfan syndrome;Familial thoracic aortic aneurysm and aortic dissection
FBN1	P35555	Cys2552Ser	1	criteria provided, single submitter	Marfan syndrome;Familial thoracic aortic aneurysm and aortic dissection
FBN1	P35555	Cys2522Arg	1	criteria provided, single submitter	Marfan syndrome;Familial thoracic aortic aneurysm and aortic dissection
FBN1	P35555	Cys2468Trp	1	criteria provided, single submitter	Marfan syndrome;Familial thoracic aortic aneurysm and aortic dissection
FBN1	P35555	Cys2427Phe	1	criteria provided, single submitter	Marfan syndrome;Familial thoracic aortic aneurysm and aortic dissection
FBN1	P35555	Leu2268Pro	1	criteria provided, single submitter	Marfan syndrome;Familial thoracic aortic aneurysm and aortic dissection
FBN1	P35555	Cys2096Arg	1	criteria provided, single submitter	Marfan syndrome;Familial thoracic aortic aneurysm and aortic dissection
FBN1	P35555	Gly2091Val	1	criteria provided, single submitter	Marfan syndrome;Familial thoracic aortic aneurysm and aortic dissection
FBN1	P35555	Gly1910Arg	1	criteria provided, single submitter	Marfan syndrome;Familial thoracic aortic aneurysm and aortic dissection
FBN1	P35555	Cys1905Trp	1	criteria provided, single submitter	Marfan syndrome;Familial thoracic aortic aneurysm and aortic dissection
FBN1	P35555	Glu1852Lys	1	criteria provided, single submitter	Marfan syndrome;Familial thoracic aortic aneurysm and aortic dissection
FBN1	P35555	Cys1770Arg	1	criteria provided, single submitter	Marfan syndrome;Familial thoracic aortic aneurysm and aortic dissection
FBN1	P35555	Cys1719Phe	1	criteria provided, single submitter	Marfan syndrome;Familial thoracic aortic aneurysm and aortic dissection
FBN1	P35555	Cys1513Ser	1	criteria provided, single submitter	Marfan syndrome;Familial thoracic aortic aneurysm and aortic dissection
FBN1	P35555	Cys1374Phe	1	criteria provided, single submitter	Marfan syndrome;Familial thoracic aortic aneurysm and aortic dissection
FBN1	P35555	Cys1326Ser	1	criteria provided, single submitter	Marfan syndrome;Familial thoracic aortic aneurysm and aortic dissection
FBN1	P35555	Cys1291Ser	1	criteria provided, single submitter	Marfan syndrome;Familial thoracic aortic aneurysm and aortic dissection
FBN1	P35555	Leu1146Pro	0	criteria provided, single submitter	Marfan syndrome;Familial thoracic aortic aneurysm and aortic dissection
FBN1	P35555	Gly985Arg	1	criteria provided, single submitter	Marfan syndrome;Familial thoracic aortic aneurysm and aortic dissection
FBN1	P35555	Trp883Leu	1	criteria provided, single submitter	Marfan syndrome;Familial thoracic aortic aneurysm and aortic dissection
FBN1	P35555	Cys853Phe	1	criteria provided, single submitter	Marfan syndrome;Familial thoracic aortic aneurysm and aortic dissection
FBN1	P35555	Asn548Ser	1	criteria provided, single submitter	Marfan syndrome;Familial thoracic aortic aneurysm and aortic dissection
FBN1	P35555	Gly544Glu	1	criteria provided, single submitter	Marfan syndrome;Familial thoracic aortic aneurysm and aortic dissection
FBN1	P35555	Cys488Ser	1	criteria provided, single submitter	Marfan syndrome;Familial thoracic aortic aneurysm and aortic dissection
FBN1	P35555	Gly234Ser	1	criteria provided, single submitter	Marfan syndrome;Familial thoracic aortic aneurysm and aortic dissection
FBN1	P35555	Cys123Phe	1	criteria provided, single submitter	Marfan syndrome;Familial thoracic aortic aneurysm and aortic dissection
FBN1	P35555	Cys67Ser	1	criteria provided, single submitter	Marfan syndrome;Familial thoracic aortic aneurysm and aortic dissection
FBN1	P35555	Ala52Thr	0	criteria provided, single submitter	Marfan syndrome;Familial thoracic aortic aneurysm and aortic dissection
FBN1	P35555	Asn497Lys	0	criteria provided, single submitter	Familial thoracic aortic aneurysm and aortic dissection;Marfan syndrome
FBN1	P35555	Asp1379Glu	0	criteria provided, single submitter	Familial thoracic aortic aneurysm and aortic dissection;Marfan syndrome
FBN1	P35555	Ile1248Val	0	criteria provided, single submitter	Familial thoracic aortic aneurysm and aortic dissection;Marfan syndrome
FBN1	P35555	Cys2659Tyr	1	criteria provided, single submitter	Familial thoracic aortic aneurysm and aortic dissection;Marfan syndrome
FBN1	P35555	Ser1147Thr	0	criteria provided, single submitter	Familial thoracic aortic aneurysm and aortic dissection;Marfan syndrome
FBN1	P35555	Gly259Arg	1	criteria provided, single submitter	Familial thoracic aortic aneurysm and aortic dissection;Marfan syndrome
FBN1	P35555	Gly1084Asp	1	criteria provided, single submitter	Familial thoracic aortic aneurysm and aortic dissection;Marfan syndrome
FBN1	P35555	Gly343Arg	0	criteria provided, single submitter	Familial thoracic aortic aneurysm and aortic dissection;Marfan syndrome
FBN1	P35555	Cys2276Phe	1	criteria provided, single submitter	Familial thoracic aortic aneurysm and aortic dissection;Marfan syndrome
FBN1	P35555	Glu533Asp	1	criteria provided, single submitter	Marfan syndrome
HBB	P68871	Phe43Ile	1	no assertion criteria provided	beta Thalassemia
LDLR	P01130	Cys52Phe	1	criteria provided, single submitter	Familial hypercholesterolemia
LDLR	P01130	Phe153Leu	1	criteria provided, single submitter	Familial hypercholesterolemia
COL1A1	P02452	Gly1076Arg	1	criteria provided, single submitter	Osteogenesis imperfecta, perinatal lethal;Osteogenesis imperfecta type III;Osteogenesis imperfecta type I;Osteogenesis imperfecta with normal sclerae, dominant form
FBN1	P35555	Asp1238Glu	1	criteria provided, single submitter	Thoracic aortic aneurysm or dissection
FBN1	P35555	Asp1238Ala	1	criteria provided, single submitter	Thoracic aortic aneurysm or dissection
ATM	Q13315	Lys102Gln	0	criteria provided, single submitter	Ataxia-telangiectasia syndrome
COL1A1	P02452	Gly1013Ala	1	criteria provided, single submitter	Osteogenesis imperfecta type I
MSH2	P43246	Ala256Gly	0	criteria provided, single submitter	Hereditary nonpolyposis colorectal neoplasms
MSH2	P43246	Gly715Ser	0	criteria provided, single submitter	Hereditary nonpolyposis colorectal neoplasms
MSH2	P43246	Ala917Pro	0	criteria provided, single submitter	Hereditary nonpolyposis colorectal neoplasms
COL1A1	P02452	Gly1145Ser	1	criteria provided, single submitter	Osteogenesis imperfecta type I
COL1A1	P02452	Gly752Ser	1	criteria provided, single submitter	Osteogenesis imperfecta type I
COL1A1	P02452	Gly242Arg	1	criteria provided, single submitter	Osteogenesis imperfecta type I
COL1A1	P02452	Gly206Arg	1	criteria provided, single submitter	Osteogenesis imperfecta type I
LDLR	P01130	Asp133Gly	1	criteria provided, single submitter	Familial hypercholesterolemia
LDLR	P01130	Cys216Trp	1	criteria provided, single submitter	Familial hypercholesterolemia
LDLR	P01130	Cys329Ser	1	criteria provided, single submitter	Familial hypercholesterolemia
LDLR	P01130	Cys358Trp	1	criteria provided, single submitter	Familial hypercholesterolemia
LDLR	P01130	Leu575His	1	criteria provided, single submitter	Familial hypercholesterolemia
LDLR	P01130	Asp622Val	1	criteria provided, single submitter	Familial hypercholesterolemia
LDLR	P01130	Leu654Arg	1	criteria provided, single submitter	Familial hypercholesterolemia
COL1A1	P02452	Pro648Leu	0	criteria provided, single submitter	Osteogenesis imperfecta type I
LDLR	P01130	Cys352Gly	1	criteria provided, single submitter	Familial hypercholesterolemia
LDLR	P01130	Asp136Glu	1	criteria provided, single submitter	Familial hypercholesterolemia
PTEN	P60484	His61Tyr	1	criteria provided, single submitter	Autosomal dominant PTEN-related disorders
FBN1	P35555	Cys2153Arg	1	criteria provided, single submitter	Marfan syndrome
CFTR	P13569	Gly461Arg	1	criteria provided, single submitter	CFTR-related disorder
CFTR	P13569	Gly461Val	1	criteria provided, single submitter	CFTR-related disorder
CFTR	P13569	Pro67Ser	1	criteria provided, multiple submitters, no conflicts	CFTR-related disorder|Cystic fibrosis
CFTR	P13569	Ala872Glu	1	criteria provided, single submitter	CFTR-related disorder
CFTR	P13569	Gly1069Arg	1	criteria provided, single submitter	CFTR-related disorder
CFTR	P13569	Phe1078Ser	1	criteria provided, single submitter	CFTR-related disorder
CFTR	P13569	Glu1104Lys	1	criteria provided, single submitter	CFTR-related disorder
CFTR	P13569	Arg1239Ser	1	criteria provided, single submitter	CFTR-related disorder
CFTR	P13569	Asn1303Lys	1	criteria provided, single submitter	CFTR-related disorder
PAH	P00439	Ile406Arg	1	criteria provided, single submitter	Phenylketonuria
PAH	P00439	Pro407Thr	1	criteria provided, single submitter	Phenylketonuria
PAH	P00439	Asp151Asn	1	criteria provided, single submitter	Phenylketonuria
PAH	P00439	Ala322Asp	1	criteria provided, single submitter	Phenylketonuria
PTEN	P60484	Phe90Leu	1	criteria provided, single submitter	Familial cancer of breast
BRCA2	P51587	Leu2688His	1	criteria provided, single submitter	Hereditary cancer-predisposing syndrome
FBN1	P35555	Cys2633Tyr	1	criteria provided, single submitter	Cardiovascular phenotype
COL1A1	P02452	Gly773Ser	1	criteria provided, single submitter	Fetal anomalies with a likely genetic cause
PAH	P00439	Asp253Tyr	1	criteria provided, single submitter	not provided
CFTR	P13569	Ser909Arg	0	criteria provided, single submitter	Cystic fibrosis
ATM	Q13315	Gly1065Arg	0	criteria provided, single submitter	Hereditary cancer-predisposing syndrome
ATM	Q13315	Glu2596Val	1	criteria provided, single submitter	Hereditary cancer-predisposing syndrome
ATM	Q13315	Met1040Ile	0	criteria provided, single submitter	Hereditary cancer-predisposing syndrome
ATM	Q13315	Glu834Asp	0	criteria provided, single submitter	Hereditary cancer-predisposing syndrome
ATM	Q13315	Ser1635Phe	0	criteria provided, single submitter	Hereditary cancer-predisposing syndrome
RB1	P06400	Leu688Arg	1	criteria provided, single submitter	Hereditary cancer-predisposing syndrome
RB1	P06400	Ala22Thr	0	criteria provided, single submitter	Hereditary cancer-predisposing syndrome
TP53	P04637	Leu299Val	0	criteria provided, single submitter	Hereditary cancer-predisposing syndrome
MSH2	P43246	Ala143Pro	0	criteria provided, single submitter	Hereditary cancer-predisposing syndrome
MSH2	P43246	Arg106Ser	0	criteria provided, single submitter	Hereditary cancer-predisposing syndrome
MSH2	P43246	Lys6Gln	0	criteria provided, single submitter	Hereditary cancer-predisposing syndrome
LDLR	P01130	Arg427Lys	0	criteria provided, single submitter	Cardiovascular phenotype
LDLR	P01130	Cys681Arg	1	criteria provided, single submitter	Cardiovascular phenotype
ATM	Q13315	Ile1256Val	0	criteria provided, single submitter	Hereditary cancer-predisposing syndrome
ATM	Q13315	Glu739Gly	0	criteria provided, single submitter	Hereditary cancer-predisposing syndrome
ATM	Q13315	Asn1356Lys	0	criteria provided, single submitter	Hereditary cancer-predisposing syndrome
ATM	Q13315	Arg1205Gly	0	criteria provided, single submitter	Hereditary cancer-predisposing syndrome
ATM	Q13315	Ala1427Val	0	criteria provided, single submitter	Hereditary cancer-predisposing syndrome
ATM	Q13315	Thr548Asn	0	criteria provided, single submitter	Hereditary cancer-predisposing syndrome
VHL	P40337	His125Gln	0	criteria provided, single submitter	Hereditary cancer-predisposing syndrome
APOE	P02649	Arg207Cys	0	criteria provided, single submitter	Cardiovascular phenotype
APOE	P02649	Ala18Thr	0	criteria provided, single submitter	Cardiovascular phenotype
APOE	P02649	Thr26Ala	0	criteria provided, single submitter	Cardiovascular phenotype
BRCA2	P51587	Asp1728Gly	0	criteria provided, single submitter	Hereditary cancer-predisposing syndrome
BRCA2	P51587	Lys2498Arg	0	criteria provided, single submitter	Hereditary cancer-predisposing syndrome
BRCA2	P51587	Ala3121Val	0	criteria provided, single submitter	Hereditary cancer-predisposing syndrome
PTEN	P60484	Tyr178Asn	1	criteria provided, single submitter	Hereditary cancer-predisposing syndrome
PTEN	P60484	Asp326His	1	criteria provided, single submitter	Hereditary cancer-predisposing syndrome
RB1	P06400	Ala188Ser	0	criteria provided, single submitter	Hereditary cancer-predisposing syndrome
TP53	P04637	Leu369Met	0	criteria provided, single submitter	Hereditary cancer-predisposing syndrome
EGFR	P00533	Arg521Gly	0	criteria provided, single submitter	Hereditary cancer-predisposing syndrome
EGFR	P00533	Asp984Asn	0	criteria provided, single submitter	Hereditary cancer-predisposing syndrome
EGFR	P00533	Ala1040Thr	0	criteria provided, single submitter	Hereditary cancer-predisposing syndrome
BRCA2	P51587	Met784Leu	0	criteria provided, single submitter	Hereditary cancer-predisposing syndrome
BRCA2	P51587	Gln1934Lys	0	criteria provided, single submitter	Hereditary cancer-predisposing syndrome
BRCA2	P51587	Gly2584Val	1	criteria provided, single submitter	Hereditary cancer-predisposing syndrome
BRCA2	P51587	Ile3120Val	0	criteria provided, single submitter	Hereditary cancer-predisposing syndrome
BRCA2	P51587	Gln2530Pro	0	criteria provided, single submitter	Hereditary cancer-predisposing syndrome
BRCA2	P51587	Ser3016Tyr	0	criteria provided, multiple submitters, no conflicts	Hereditary cancer-predisposing syndrome|Breast-ovarian cancer, familial, susceptibility to, 2
TP53	P04637	Pro92Ser	0	criteria provided, single submitter	Hereditary cancer-predisposing syndrome
TP53	P04637	Tyr220Phe	0	criteria provided, single submitter	Hereditary cancer-predisposing syndrome
BRCA2	P51587	Leu1260Phe	0	criteria provided, single submitter	Hereditary cancer-predisposing syndrome
EGFR	P00533	Asp179Glu	0	criteria provided, single submitter	Hereditary cancer-predisposing syndrome
BRCA2	P51587	Ile1047Thr	0	criteria provided, single submitter	Hereditary cancer-predisposing syndrome
BRCA2	P51587	Val2503Leu	0	criteria provided, single submitter	Hereditary cancer-predisposing syndrome
BRCA2	P51587	Asp3261Glu	0	criteria provided, single submitter	Hereditary cancer-predisposing syndrome
BRCA2	P51587	Ser1558Thr	0	criteria provided, single submitter	Hereditary cancer-predisposing syndrome
BRCA2	P51587	Ser2697Arg	0	criteria provided, single submitter	Hereditary cancer-predisposing syndrome
BRCA2	P51587	Gln1408Glu	0	criteria provided, single submitter	Hereditary cancer-predisposing syndrome
BRCA2	P51587	Lys1406Arg	0	criteria provided, single submitter	Hereditary cancer-predisposing syndrome
BRCA2	P51587	Met524Leu	0	criteria provided, single submitter	Hereditary cancer-predisposing syndrome
BRCA2	P51587	Ser3397Cys	0	criteria provided, single submitter	Hereditary cancer-predisposing syndrome
BRCA2	P51587	Leu2885Val	0	criteria provided, single submitter	Hereditary cancer-predisposing syndrome
BRCA1	P38398	Gly834Arg	0	criteria provided, multiple submitters, no conflicts	Hereditary cancer-predisposing syndrome|Breast-ovarian cancer, familial, susceptibility to, 1
COL1A1	P02452	Asp51Glu	0	criteria provided, single submitter	Cardiovascular phenotype
PTEN	P60484	Cys124Phe	1	criteria provided, single submitter	Hereditary cancer-predisposing syndrome
MSH2	P43246	Val307Ile	0	criteria provided, single submitter	Hereditary cancer-predisposing syndrome
MSH2	P43246	Leu787Ile	0	criteria provided, single submitter	Hereditary cancer-predisposing syndrome
MSH2	P43246	Val166Ala	0	criteria provided, single submitter	Hereditary cancer-predisposing syndrome
CFTR	P13569	Ser1311Asn	0	criteria provided, single submitter	Cystic fibrosis
ATM	Q13315	Met2806Leu	0	criteria provided, single submitter	Hereditary cancer-predisposing syndrome
ATM	Q13315	Asp1007Asn	0	criteria provided, single submitter	Hereditary cancer-predisposing syndrome
EGFR	P00533	Arg23Gly	0	criteria provided, single submitter	Hereditary cancer-predisposing syndrome
BRCA2	P51587	Pro2886Leu	0	criteria provided, single submitter	Hereditary cancer-predisposing syndrome
BRCA2	P51587	Ser3241Pro	0	criteria provided, single submitter	Hereditary cancer-predisposing syndrome
BRCA2	P51587	Leu639Ser	0	criteria provided, single submitter	Hereditary cancer-predisposing syndrome
BRCA2	P51587	Val545Ile	0	criteria provided, single submitter	Hereditary cancer-predisposing syndrome
BRCA2	P51587	Glu954Asp	0	criteria provided, single submitter	Hereditary cancer-predisposing syndrome
BRCA1	P38398	Pro832Leu	0	criteria provided, single submitter	Hereditary cancer-predisposing syndrome
MSH2	P43246	Glu483Gln	0	criteria provided, single submitter	Hereditary cancer-predisposing syndrome
MSH2	P43246	Asn263Asp	0	criteria provided, single submitter	Hereditary cancer-predisposing syndrome
MSH2	P43246	Ala14Val	0	criteria provided, single submitter	Hereditary cancer-predisposing syndrome
ATM	Q13315	Tyr1300Ser	0	criteria provided, single submitter	Hereditary cancer-predisposing syndrome
ATM	Q13315	Glu2979Ala	0	criteria provided, single submitter	Hereditary cancer-predisposing syndrome
ATM	Q13315	Gln584Lys	0	criteria provided, single submitter	Hereditary cancer-predisposing syndrome
FBN1	P35555	Asn2461Thr	1	criteria provided, single submitter	Marfan syndrome
HBB	P68871	Asn109Lys	1	criteria provided, single submitter	Hemoglobinopathy
LDLR	P01130	Trp483Arg	1	criteria provided, single submitter	Familial hypercholesterolemia
BRCA2	P51587	Asn56Tyr	0	criteria provided, single submitter	Inherited breast cancer and ovarian cancer
BRCA2	P51587	Gln258Lys	0	criteria provided, single submitter	Inherited breast cancer and ovarian cancer
COL1A1	P02452	Gly1076Asp	1	criteria provided, single submitter	autosomal dominant COL1A1-related osteogenesis imperfecta
COL1A1	P02452	Gly839Cys	1	criteria provided, single submitter	autosomal dominant COL1A1-related osteogenesis imperfecta
COL1A1	P02452	Gly566Arg	1	criteria provided, single submitter	autosomal dominant COL1A1-related osteogenesis imperfecta
COL1A1	P02452	Gly224Asp	1	criteria provided, single submitter	autosomal dominant COL1A1-related osteogenesis imperfecta
LDLR	P01130	Ala540Val	1	criteria provided, single submitter	Hypercholesterolemia, familial, 1
COL1A1	P02452	Gly842Ala	1	criteria provided, single submitter	Osteogenesis imperfecta with normal sclerae, dominant form
PAH	P00439	Tyr277His	1	criteria provided, single submitter	Phenylketonuria
FBN1	P35555	Gly2587Cys	1	criteria provided, single submitter	Thoracic aortic aneurysm or dissection
COL1A1	P02452	Gly230Glu	1	criteria provided, single submitter	Ehlers-Danlos syndrome, arthrochalasia type
PTEN	P60484	His123Leu	1	criteria provided, single submitter	Cowden syndrome 1
PTEN	P60484	Leu152Gln	1	criteria provided, single submitter	Cowden syndrome 1
FBN1	P35555	Cys776Ser	1	criteria provided, single submitter	Marfan syndrome
COL1A1	P02452	Gly338Cys	1	no assertion criteria provided	not provided
BRCA2	P51587	Cys1290Trp	0	criteria provided, single submitter	Inherited ovarian cancer (without breast cancer)
BRAF	P15056	Gly460Arg	1	criteria provided, single submitter	Cardiofaciocutaneous syndrome 1
COL1A1	P02452	Gly1172Arg	1	criteria provided, single submitter	COL1A1-related disorder
CFTR	P13569	Leu15Arg	1	criteria provided, single submitter	Cystic fibrosis
COL1A1	P02452	Gly1088Ala	1	criteria provided, single submitter	Osteogenesis imperfecta type III
COL1A1	P02452	Gly311Asp	1	criteria provided, single submitter	COL1A1-related disorder
BRCA1	P38398	Ser1064Asn	0	criteria provided, single submitter	Breast-ovarian cancer, familial, susceptibility to, 1
BRCA1	P38398	Ile1318Met	0	criteria provided, single submitter	Breast-ovarian cancer, familial, susceptibility to, 1
BRCA2	P51587	Gln1379Arg	0	criteria provided, single submitter	Breast-ovarian cancer, familial, susceptibility to, 2
BRCA2	P51587	Asn2699Ser	0	criteria provided, single submitter	Breast-ovarian cancer, familial, susceptibility to, 2
BRCA2	P51587	Glu881Lys	0	criteria provided, single submitter	Breast-ovarian cancer, familial, susceptibility to, 2
BRCA2	P51587	Gly1338Cys	0	criteria provided, single submitter	Breast-ovarian cancer, familial, susceptibility to, 2
BRCA2	P51587	Glu837Gln	0	criteria provided, single submitter	Breast-ovarian cancer, familial, susceptibility to, 2
BRCA2	P51587	Asp1699His	0	criteria provided, single submitter	Breast-ovarian cancer, familial, susceptibility to, 2
BRCA2	P51587	Cys1081Phe	0	criteria provided, single submitter	Breast-ovarian cancer, familial, susceptibility to, 2
BRCA2	P51587	Gln2042Lys	0	criteria provided, single submitter	Breast-ovarian cancer, familial, susceptibility to, 2
BRCA2	P51587	Ala1843Ser	0	criteria provided, single submitter	Breast-ovarian cancer, familial, susceptibility to, 2
BRCA2	P51587	Ala3270Val	0	criteria provided, single submitter	Breast-ovarian cancer, familial, susceptibility to, 2
BRCA1	P38398	Leu269Phe	0	criteria provided, single submitter	Breast-ovarian cancer, familial, susceptibility to, 1
BRCA2	P51587	Met2262Ile	0	criteria provided, single submitter	Breast-ovarian cancer, familial, susceptibility to, 2
BRCA2	P51587	Glu1644Ala	0	criteria provided, single submitter	Breast-ovarian cancer, familial, susceptibility to, 2
BRCA2	P51587	Glu2391Gly	0	criteria provided, single submitter	Breast-ovarian cancer, familial, susceptibility to, 2
BRCA2	P51587	Gly1963Trp	0	criteria provided, single submitter	Breast-ovarian cancer, familial, susceptibility to, 2
BRCA2	P51587	Lys2411Glu	0	criteria provided, single submitter	Breast-ovarian cancer, familial, susceptibility to, 2
BRCA2	P51587	Ala2582Pro	0	criteria provided, single submitter	Breast-ovarian cancer, familial, susceptibility to, 2
BRCA2	P51587	Pro375His	0	criteria provided, single submitter	Breast-ovarian cancer, familial, susceptibility to, 2
BRCA2	P51587	Ser2998Thr	0	criteria provided, single submitter	Breast-ovarian cancer, familial, susceptibility to, 2
BRCA1	P38398	Ser886Pro	0	criteria provided, single submitter	Breast-ovarian cancer, familial, susceptibility to, 1
BRCA2	P51587	Asn678Ser	0	criteria provided, single submitter	Breast-ovarian cancer, familial, susceptibility to, 2
BRCA2	P51587	Val1238Gly	0	criteria provided, single submitter	Breast-ovarian cancer, familial, susceptibility to, 2
BRCA2	P51587	Gln2065Pro	0	criteria provided, single submitter	Breast-ovarian cancer, familial, susceptibility to, 2
BRCA2	P51587	Ser1764Leu	0	criteria provided, single submitter	Breast-ovarian cancer, familial, susceptibility to, 2
BRCA2	P51587	Leu3215Pro	0	criteria provided, single submitter	Breast-ovarian cancer, familial, susceptibility to, 2
BRCA2	P51587	Phe2795Ile	0	criteria provided, single submitter	Breast-ovarian cancer, familial, susceptibility to, 2
BRCA2	P51587	Pro721Gln	0	criteria provided, single submitter	Breast-ovarian cancer, familial, susceptibility to, 2
BRCA2	P51587	Ile449Val	0	criteria provided, single submitter	Breast-ovarian cancer, familial, susceptibility to, 2
BRCA2	P51587	Phe922Leu	0	criteria provided, single submitter	Breast-ovarian cancer, familial, susceptibility to, 2
BRCA2	P51587	Asp420Tyr	0	criteria provided, single submitter	Breast-ovarian cancer, familial, susceptibility to, 2
BRCA2	P51587	Leu779Val	0	criteria provided, single submitter	Breast-ovarian cancer, familial, susceptibility to, 2
BRCA2	P51587	Arg2268Gly	0	criteria provided, single submitter	Breast-ovarian cancer, familial, susceptibility to, 2
BRCA2	P51587	Lys3315Arg	0	criteria provided, single submitter	Breast-ovarian cancer, familial, susceptibility to, 2
BRCA2	P51587	Asp720Glu	0	criteria provided, single submitter	Breast-ovarian cancer, familial, susceptibility to, 2
BRCA2	P51587	Gln1056Lys	0	criteria provided, single submitter	Breast-ovarian cancer, familial, susceptibility to, 2
BRCA2	P51587	Ala3270Thr	0	criteria provided, single submitter	Breast-ovarian cancer, familial, susceptibility to, 2
BRCA2	P51587	Ala1162Gly	0	criteria provided, single submitter	Breast-ovarian cancer, familial, susceptibility to, 2
BRCA2	P51587	Lys1274Gln	0	criteria provided, single submitter	Breast-ovarian cancer, familial, susceptibility to, 2
BRCA2	P51587	Lys1964Asn	0	criteria provided, single submitter	Breast-ovarian cancer, familial, susceptibility to, 2
BRCA1	P38398	Phe1296Leu	0	criteria provided, single submitter	Breast-ovarian cancer, familial, susceptibility to, 1
BRCA2	P51587	Glu1571Gly	0	criteria provided, single submitter	Breast-ovarian cancer, familial, susceptibility to, 2
BRCA2	P51587	Cys717Ser	0	criteria provided, single submitter	Breast-ovarian cancer, familial, susceptibility to, 2
BRCA2	P51587	Glu2239Gly	0	criteria provided, single submitter	Breast-ovarian cancer, familial, susceptibility to, 2
BRCA2	P51587	Asp1161Glu	0	criteria provided, single submitter	Breast-ovarian cancer, familial, susceptibility to, 2
BRCA2	P51587	Leu117Phe	0	criteria provided, single submitter	Breast-ovarian cancer, familial, susceptibility to, 2
BRCA2	P51587	Lys1984Asn	0	criteria provided, single submitter	Breast-ovarian cancer, familial, susceptibility to, 2
BRCA2	P51587	Arg316Ser	0	criteria provided, single submitter	Breast-ovarian cancer, familial, susceptibility to, 2
BRCA2	P51587	Lys1821Asn	0	criteria provided, single submitter	Breast-ovarian cancer, familial, susceptibility to, 2
BRCA2	P51587	Ile3113Asn	0	criteria provided, single submitter	Breast-ovarian cancer, familial, susceptibility to, 2
BRCA2	P51587	Val2050Gly	0	criteria provided, single submitter	Breast-ovarian cancer, familial, susceptibility to, 2
BRCA2	P51587	Cys480Gly	0	criteria provided, single submitter	Breast-ovarian cancer, familial, susceptibility to, 2
BRCA2	P51587	Ile1065Asn	0	criteria provided, single submitter	Breast-ovarian cancer, familial, susceptibility to, 2
BRCA2	P51587	Phe506Tyr	0	criteria provided, single submitter	Breast-ovarian cancer, familial, susceptibility to, 2
BRCA2	P51587	Asn2113Lys	0	criteria provided, single submitter	Breast-ovarian cancer, familial, susceptibility to, 2
BRCA2	P51587	Ser417Cys	0	criteria provided, single submitter	Breast-ovarian cancer, familial, susceptibility to, 2
BRCA2	P51587	Lys2411Asn	0	criteria provided, single submitter	Breast-ovarian cancer, familial, susceptibility to, 2
BRCA2	P51587	Gln1886Lys	0	criteria provided, single submitter	Breast-ovarian cancer, familial, susceptibility to, 2
BRCA2	P51587	His282Pro	0	criteria provided, single submitter	Breast-ovarian cancer, familial, susceptibility to, 2
BRCA2	P51587	Ser3303Arg	0	criteria provided, single submitter	Breast-ovarian cancer, familial, susceptibility to, 2
BRCA1	P38398	Gln169His	0	criteria provided, single submitter	Breast-ovarian cancer, familial, susceptibility to, 1
BRCA2	P51587	Thr1609Pro	0	criteria provided, single submitter	Breast-ovarian cancer, familial, susceptibility to, 2
BRCA2	P51587	Pro773Ser	0	criteria provided, single submitter	Breast-ovarian cancer, familial, susceptibility to, 2
BRCA2	P51587	Val1306Leu	0	criteria provided, single submitter	Breast-ovarian cancer, familial, susceptibility to, 2
BRCA2	P51587	Val1347Ala	0	criteria provided, single submitter	Breast-ovarian cancer, familial, susceptibility to, 2
BRCA2	P51587	Arg113Thr	0	criteria provided, single submitter	Breast-ovarian cancer, familial, susceptibility to, 2
BRCA2	P51587	Asn2208Ile	0	criteria provided, single submitter	Breast-ovarian cancer, familial, susceptibility to, 2
BRCA2	P51587	Leu1457Phe	0	criteria provided, single submitter	Breast-ovarian cancer, familial, susceptibility to, 2
BRCA2	P51587	Asn1784Asp	0	criteria provided, single submitter	Breast-ovarian cancer, familial, susceptibility to, 2
BRCA2	P51587	Ser2143Ala	0	criteria provided, single submitter	Breast-ovarian cancer, familial, susceptibility to, 2
BRCA1	P38398	Pro897Ala	0	criteria provided, single submitter	Breast-ovarian cancer, familial, susceptibility to, 1
BRCA2	P51587	Gln2456His	0	criteria provided, single submitter	Breast-ovarian cancer, familial, susceptibility to, 2
BRCA2	P51587	Ile2481Phe	0	criteria provided, single submitter	Breast-ovarian cancer, familial, susceptibility to, 2
BRCA2	P51587	Val2820Ile	0	criteria provided, single submitter	Breast-ovarian cancer, familial, susceptibility to, 2
BRCA2	P51587	Asp913Tyr	0	criteria provided, single submitter	Breast-ovarian cancer, familial, susceptibility to, 2
BRCA2	P51587	Cys3386Tyr	0	criteria provided, single submitter	Breast-ovarian cancer, familial, susceptibility to, 2
BRCA2	P51587	Pro2His	0	criteria provided, single submitter	Breast-ovarian cancer, familial, susceptibility to, 2
BRCA2	P51587	Lys1419Arg	0	criteria provided, single submitter	Breast-ovarian cancer, familial, susceptibility to, 2
BRCA2	P51587	Cys1948Phe	0	criteria provided, single submitter	Breast-ovarian cancer, familial, susceptibility to, 2
BRCA1	P38398	Thr1246Ser	0	criteria provided, single submitter	Breast-ovarian cancer, familial, susceptibility to, 1
BRCA2	P51587	Asp526His	0	criteria provided, single submitter	Breast-ovarian cancer, familial, susceptibility to, 2
BRCA2	P51587	Met2262Val	0	criteria provided, single submitter	Breast-ovarian cancer, familial, susceptibility to, 2
BRCA2	P51587	Lys1139Arg	0	criteria provided, single submitter	Breast-ovarian cancer, familial, susceptibility to, 2
BRCA2	P51587	Pro3051Ala	0	criteria provided, single submitter	Breast-ovarian cancer, familial, susceptibility to, 2
BRCA2	P51587	Glu2328Asp	0	criteria provided, single submitter	Breast-ovarian cancer, familial, susceptibility to, 2
BRCA2	P51587	Ser1632Gly	0	criteria provided, single submitter	Breast-ovarian cancer, familial, susceptibility to, 2
BRCA2	P51587	Thr2746Ile	0	criteria provided, single submitter	Breast-ovarian cancer, familial, susceptibility to, 2
BRCA1	P38398	Leu1351Ser	0	criteria provided, single submitter	Breast-ovarian cancer, familial, susceptibility to, 1
BRCA2	P51587	Asn3318Asp	0	criteria provided, single submitter	Breast-ovarian cancer, familial, susceptibility to, 2
BRCA1	P38398	Leu1098Val	0	criteria provided, single submitter	Breast-ovarian cancer, familial, susceptibility to, 1
BRCA1	P38398	Leu393Ser	0	criteria provided, single submitter	Breast-ovarian cancer, familial, susceptibility to, 1
BRCA1	P38398	Pro1078Leu	0	criteria provided, single submitter	Breast-ovarian cancer, familial, susceptibility to, 1
BRCA1	P38398	Asp345Glu	0	criteria provided, single submitter	Breast-ovarian cancer, familial, susceptibility to, 1
BRCA1	P38398	Val299Leu	0	criteria provided, single submitter	Breast-ovarian cancer, familial, susceptibility to, 1
BRCA1	P38398	Gln858Glu	0	criteria provided, single submitter	Breast-ovarian cancer, familial, susceptibility to, 1
BRCA1	P38398	Asn537Lys	0	criteria provided, single submitter	Breast-ovarian cancer, familial, susceptibility to, 1
BRCA1	P38398	Glu1005Lys	0	criteria provided, single submitter	Breast-ovarian cancer, familial, susceptibility to, 1
BRCA1	P38398	Ser1330Asn	0	criteria provided, single submitter	Breast-ovarian cancer, familial, susceptibility to, 1
BRCA1	P38398	Gln380Lys	0	criteria provided, single submitter	Breast-ovarian cancer, familial, susceptibility to, 1
BRCA1	P38398	Lys1606Asn	0	criteria provided, single submitter	Breast-ovarian cancer, familial, susceptibility to, 1
BRCA1	P38398	Glu881Gln	0	criteria provided, single submitter	Breast-ovarian cancer, familial, susceptibility to, 1
BRCA1	P38398	Ile1068Phe	0	criteria provided, single submitter	Breast-ovarian cancer, familial, susceptibility to, 1
BRCA1	P38398	Ala1039Gly	0	criteria provided, single submitter	Breast-ovarian cancer, familial, susceptibility to, 1
BRCA1	P38398	Ala314Thr	0	criteria provided, single submitter	Breast-ovarian cancer, familial, susceptibility to, 1
BRCA1	P38398	Glu797Asp	0	criteria provided, single submitter	Breast-ovarian cancer, familial, susceptibility to, 1
BRCA1	P38398	Ala1481Gly	0	criteria provided, single submitter	Breast-ovarian cancer, familial, susceptibility to, 1
BRCA1	P38398	Thr336Ile	0	criteria provided, single submitter	Breast-ovarian cancer, familial, susceptibility to, 1
BRCA1	P38398	Gln563His	0	criteria provided, single submitter	Breast-ovarian cancer, familial, susceptibility to, 1
BRCA1	P38398	Glu368Asp	0	criteria provided, single submitter	Breast-ovarian cancer, familial, susceptibility to, 1
BRCA1	P38398	Ala1369Val	0	criteria provided, single submitter	Breast-ovarian cancer, familial, susceptibility to, 1
BRCA1	P38398	Pro1106Thr	0	criteria provided, single submitter	Breast-ovarian cancer, familial, susceptibility to, 1
BRCA1	P38398	Glu1000Asp	0	criteria provided, single submitter	Breast-ovarian cancer, familial, susceptibility to, 1
BRCA1	P38398	Asn997Lys	0	criteria provided, single submitter	Breast-ovarian cancer, familial, susceptibility to, 1
BRCA1	P38398	Cys328Ser	0	criteria provided, single submitter	Breast-ovarian cancer, familial, susceptibility to, 1
BRCA1	P38398	Glu391Gln	0	criteria provided, single submitter	Breast-ovarian cancer, familial, susceptibility to, 1
BRCA1	P38398	Thr1022Arg	0	criteria provided, single submitter	Breast-ovarian cancer, familial, susceptibility to, 1
BRCA1	P38398	Arg866Leu	0	criteria provided, single submitter	Breast-ovarian cancer, familial, susceptibility to, 1
BRCA1	P38398	Ile482Thr	0	criteria provided, single submitter	Breast-ovarian cancer, familial, susceptibility to, 1
BRCA1	P38398	Cys1270Trp	0	criteria provided, single submitter	Breast-ovarian cancer, familial, susceptibility to, 1
BRCA1	P38398	Thr1256Lys	0	criteria provided, single submitter	Breast-ovarian cancer, familial, susceptibility to, 1
BRCA1	P38398	Asp1152Tyr	0	criteria provided, single submitter	Breast-ovarian cancer, familial, susceptibility to, 1
BRCA1	P38398	Asn235Tyr	0	criteria provided, single submitter	Breast-ovarian cancer, familial, susceptibility to, 1
BRCA1	P38398	Ser1174Tyr	0	criteria provided, single submitter	Breast-ovarian cancer, familial, susceptibility to, 1
BRCA1	P38398	Ser288Arg	0	criteria provided, single submitter	Breast-ovarian cancer, familial, susceptibility to, 1
BRCA1	P38398	Cys882Ser	0	criteria provided, single submitter	Breast-ovarian cancer, familial, susceptibility to, 1
BRCA1	P38398	Lys987Met	0	criteria provided, single submitter	Breast-ovarian cancer, familial, susceptibility to, 1
BRCA1	P38398	Arg823Gly	0	criteria provided, single submitter	Breast-ovarian cancer, familial, susceptibility to, 1
BRCA1	P38398	Trp372Cys	0	criteria provided, single submitter	Breast-ovarian cancer, familial, susceptibility to, 1
BRCA1	P38398	Asp330Gly	0	criteria provided, single submitter	Breast-ovarian cancer, familial, susceptibility to, 1
BRCA1	P38398	Glu1222Ala	0	criteria provided, single submitter	Breast-ovarian cancer, familial, susceptibility to, 1
BRCA1	P38398	Pro919Thr	0	criteria provided, single submitter	Breast-ovarian cancer, familial, susceptibility to, 1
BRCA1	P38398	Lys503Asn	0	criteria provided, single submitter	Breast-ovarian cancer, familial, susceptibility to, 1
BRCA1	P38398	Pro371Ser	0	criteria provided, single submitter	Breast-ovarian cancer, familial, susceptibility to, 1
BRCA1	P38398	Thr790Ile	0	criteria provided, single submitter	Breast-ovarian cancer, familial, susceptibility to, 1
BRCA1	P38398	Glu565Asp	0	criteria provided, single submitter	Breast-ovarian cancer, familial, susceptibility to, 1
BRCA1	P38398	Ser324Arg	0	criteria provided, single submitter	Breast-ovarian cancer, familial, susceptibility to, 1
BRCA1	P38398	Phe517Leu	0	criteria provided, single submitter	Breast-ovarian cancer, familial, susceptibility to, 1
BRCA1	P38398	His1244Gln	0	criteria provided, single submitter	Breast-ovarian cancer, familial, susceptibility to, 1
BRCA1	P38398	Thr327Ile	0	criteria provided, single submitter	Breast-ovarian cancer, familial, susceptibility to, 1
BRCA1	P38398	Glu880Asp	0	criteria provided, single submitter	Breast-ovarian cancer, familial, susceptibility to, 1
BRCA1	P38398	Gln538Arg	0	criteria provided, single submitter	Breast-ovarian cancer, familial, susceptibility to, 1
BRCA1	P38398	Ser850Gly	0	criteria provided, single submitter	Breast-ovarian cancer, familial, susceptibility to, 1
BRCA1	P38398	Thr1289Lys	0	criteria provided, single submitter	Breast-ovarian cancer, familial, susceptibility to, 1
BRCA1	P38398	Ser423Cys	0	criteria provided, single submitter	Breast-ovarian cancer, familial, susceptibility to, 1
BRCA1	P38398	Asp1390Tyr	0	criteria provided, single submitter	Breast-ovarian cancer, familial, susceptibility to, 1
BRCA1	P38398	Thr231Lys	0	criteria provided, single submitter	Breast-ovarian cancer, familial, susceptibility to, 1
BRCA1	P38398	Glu1373Asp	0	criteria provided, single submitter	Breast-ovarian cancer, familial, susceptibility to, 1
BRCA1	P38398	Lys795Asn	0	criteria provided, single submitter	Breast-ovarian cancer, familial, susceptibility to, 1
BRCA1	P38398	Lys1264Thr	0	criteria provided, single submitter	Breast-ovarian cancer, familial, susceptibility to, 1
BRCA1	P38398	Ile1058Thr	0	criteria provided, single submitter	Breast-ovarian cancer, familial, susceptibility to, 1
BRCA1	P38398	Thr499Lys	0	criteria provided, single submitter	Breast-ovarian cancer, familial, susceptibility to, 1
BRCA1	P38398	Ser1007Pro	0	criteria provided, single submitter	Breast-ovarian cancer, familial, susceptibility to, 1
BRCA1	P38398	Arg496Pro	0	criteria provided, single submitter	Breast-ovarian cancer, familial, susceptibility to, 1
BRCA1	P38398	Lys734Asn	0	criteria provided, single submitter	Breast-ovarian cancer, familial, susceptibility to, 1
BRCA1	P38398	His1197Tyr	0	criteria provided, single submitter	Breast-ovarian cancer, familial, susceptibility to, 1
BRCA1	P38398	Thr1249Ile	0	criteria provided, single submitter	Breast-ovarian cancer, familial, susceptibility to, 1
BRCA2	P51587	Ile1258Lys	0	criteria provided, single submitter	Breast-ovarian cancer, familial, susceptibility to, 2
BRCA2	P51587	Ser1203Ile	0	criteria provided, single submitter	Breast-ovarian cancer, familial, susceptibility to, 2
BRCA2	P51587	His2417Gln	0	criteria provided, single submitter	Breast-ovarian cancer, familial, susceptibility to, 2
BRCA2	P51587	Glu432Lys	0	criteria provided, single submitter	Breast-ovarian cancer, familial, susceptibility to, 2
BRCA2	P51587	Asp2084Tyr	0	criteria provided, single submitter	Breast-ovarian cancer, familial, susceptibility to, 2
BRCA2	P51587	Lys1888Glu	0	criteria provided, single submitter	Breast-ovarian cancer, familial, susceptibility to, 2
BRCA2	P51587	Asp1769Tyr	0	criteria provided, single submitter	Breast-ovarian cancer, familial, susceptibility to, 2
BRCA2	P51587	Ser2148Pro	0	criteria provided, single submitter	Breast-ovarian cancer, familial, susceptibility to, 2
MSH2	P43246	Thr754Pro	1	criteria provided, single submitter	Lynch syndrome 1
MLH1	P40692	Met1Ile	1	criteria provided, single submitter	Colorectal cancer, hereditary nonpolyposis, type 2
FBN1	P35555	Cys1782Gly	1	criteria provided, single submitter	Marfan syndrome
PAH	P00439	Ser250Phe	1	reviewed by expert panel	Phenylketonuria
PAH	P00439	Leu293Ser	1	reviewed by expert panel	Phenylketonuria
ATM	Q13315	Ile339Ser	0	criteria provided, single submitter	Hereditary cancer-predisposing syndrome
ATM	Q13315	Ser824Tyr	0	criteria provided, single submitter	Hereditary cancer-predisposing syndrome
VHL	P40337	Met211Val	0	criteria provided, single submitter	Hereditary cancer-predisposing syndrome
VHL	P40337	Lys171Met	0	criteria provided, single submitter	Hereditary cancer-predisposing syndrome
ATM	Q13315	Met946Leu	0	criteria provided, single submitter	Hereditary cancer-predisposing syndrome
ATM	Q13315	Arg173Lys	0	criteria provided, single submitter	Hereditary cancer-predisposing syndrome
LDLR	P01130	Gly505Val	1	criteria provided, single submitter	Cardiovascular phenotype
TP53	P04637	Ala353Val	0	criteria provided, single submitter	Hereditary cancer-predisposing syndrome
TP53	P04637	Leu330Ile	0	criteria provided, single submitter	Hereditary cancer-predisposing syndrome
TP53	P04637	Glu51Asp	0	criteria provided, single submitter	Hereditary cancer-predisposing syndrome
TP53	P04637	Ser15Cys	0	criteria provided, single submitter	Hereditary cancer-predisposing syndrome
TP53	P04637	Ser95Tyr	0	criteria provided, single submitter	Hereditary cancer-predisposing syndrome
TP53	P04637	Met340Val	0	criteria provided, single submitter	Hereditary cancer-predisposing syndrome
TP53	P04637	Met340Leu	0	criteria provided, single submitter	Hereditary cancer-predisposing syndrome
TP53	P04637	Pro82Thr	0	criteria provided, single submitter	Hereditary cancer-predisposing syndrome
ATM	Q13315	Gly2369Val	0	criteria provided, single submitter	Hereditary cancer-predisposing syndrome
ATM	Q13315	Met2918Val	1	criteria provided, single submitter	Hereditary cancer-predisposing syndrome
BRAF	P15056	Thr313Ala	0	criteria provided, single submitter	Cardiovascular phenotype
BRCA2	P51587	Phe3105Val	0	criteria provided, single submitter	Hereditary cancer-predisposing syndrome
BRCA2	P51587	Asp2680Ala	0	criteria provided, single submitter	Hereditary cancer-predisposing syndrome
BRCA2	P51587	Glu13Asp	0	criteria provided, single submitter	Hereditary cancer-predisposing syndrome
BRCA2	P51587	Asp2492Glu	0	criteria provided, single submitter	Hereditary cancer-predisposing syndrome
BRCA2	P51587	Lys2853Thr	0	criteria provided, single submitter	Hereditary cancer-predisposing syndrome
BRCA2	P51587	Leu2774Ile	0	criteria provided, single submitter	Hereditary cancer-predisposing syndrome
BRCA2	P51587	Trp2990Cys	0	criteria provided, single submitter	Hereditary cancer-predisposing syndrome
BRCA2	P51587	Ala632Thr	0	criteria provided, single submitter	Hereditary cancer-predisposing syndrome
BRCA2	P51587	Glu1254Asp	0	criteria provided, single submitter	Hereditary cancer-predisposing syndrome
BRCA2	P51587	Asn30Thr	0	criteria provided, single submitter	Hereditary cancer-predisposing syndrome
BRCA2	P51587	Lys6Glu	0	criteria provided, single submitter	Hereditary cancer-predisposing syndrome
BRCA2	P51587	Ile605Met	0	criteria provided, single submitter	Hereditary cancer-predisposing syndrome
BRCA2	P51587	Tyr2920Cys	0	criteria provided, single submitter	Hereditary cancer-predisposing syndrome
BRCA2	P51587	Leu1072Phe	0	criteria provided, single submitter	Hereditary cancer-predisposing syndrome
BRCA2	P51587	Leu1763Phe	0	criteria provided, single submitter	Hereditary cancer-predisposing syndrome
BRCA2	P51587	His1085Gln	0	criteria provided, single submitter	Hereditary cancer-predisposing syndrome
BRCA2	P51587	Pro2608Ser	0	criteria provided, single submitter	Hereditary cancer-predisposing syndrome
BRCA2	P51587	Ser1252Cys	0	criteria provided, single submitter	Hereditary cancer-predisposing syndrome
BRCA2	P51587	Gln716Arg	0	criteria provided, single submitter	Hereditary cancer-predisposing syndrome
BRCA2	P51587	Ala483Val	0	criteria provided, single submitter	Hereditary cancer-predisposing syndrome
BRCA2	P51587	Glu51Val	0	criteria provided, single submitter	Hereditary cancer-predisposing syndrome
BRCA2	P51587	Ser1248Arg	0	criteria provided, single submitter	Hereditary cancer-predisposing syndrome
BRCA2	P51587	Thr3030Lys	0	criteria provided, single submitter	Hereditary cancer-predisposing syndrome
BRCA2	P51587	Glu34Asp	0	criteria provided, single submitter	Hereditary cancer-predisposing syndrome
BRCA2	P51587	Asn1083Thr	0	criteria provided, single submitter	Hereditary cancer-predisposing syndrome
BRCA2	P51587	Val1756Leu	0	criteria provided, single submitter	Hereditary cancer-predisposing syndrome
BRCA2	P51587	Val2545Leu	0	criteria provided, single submitter	Hereditary cancer-predisposing syndrome
BRCA2	P51587	Asn1288His	0	criteria provided, single submitter	Hereditary cancer-predisposing syndrome
BRCA2	P51587	Met3181Ile	0	criteria provided, single submitter	Hereditary cancer-predisposing syndrome
BRCA2	P51587	Asn1322Lys	0	criteria provided, single submitter	Hereditary cancer-predisposing syndrome
BRCA2	P51587	Thr491Ile	0	criteria provided, single submitter	Hereditary cancer-predisposing syndrome
BRCA2	P51587	Ala1972Thr	0	criteria provided, single submitter	Hereditary cancer-predisposing syndrome
BRCA2	P51587	Glu3367Lys	0	criteria provided, single submitter	Hereditary cancer-predisposing syndrome
FBN1	P35555	Cys67Tyr	1	criteria provided, single submitter	Familial thoracic aortic aneurysm and aortic dissection
MSH2	P43246	Ile64Leu	0	criteria provided, single submitter	Hereditary cancer-predisposing syndrome
MSH2	P43246	Phe42Ile	0	criteria provided, single submitter	Hereditary cancer-predisposing syndrome
MSH2	P43246	Ile497Lys	0	criteria provided, single submitter	Hereditary cancer-predisposing syndrome
MSH2	P43246	Phe922Leu	0	criteria provided, single submitter	Hereditary cancer-predisposing syndrome
MSH2	P43246	Glu12Lys	0	criteria provided, single submitter	Hereditary cancer-predisposing syndrome
MSH2	P43246	Gln846Glu	0	criteria provided, single submitter	Hereditary cancer-predisposing syndrome
MSH2	P43246	Asn127His	0	criteria provided, single submitter	Hereditary cancer-predisposing syndrome
MSH2	P43246	Lys29Thr	0	criteria provided, single submitter	Hereditary cancer-predisposing syndrome
MSH2	P43246	Ser112Ala	0	criteria provided, single submitter	Hereditary cancer-predisposing syndrome
MSH2	P43246	Thr234Pro	0	criteria provided, single submitter	Hereditary cancer-predisposing syndrome
MSH2	P43246	Pro895Thr	0	criteria provided, single submitter	Hereditary cancer-predisposing syndrome
MSH2	P43246	His466Asn	0	criteria provided, single submitter	Hereditary cancer-predisposing syndrome
ATM	Q13315	Ala740Ser	0	criteria provided, single submitter	Hereditary cancer-predisposing syndrome
ATM	Q13315	Asp863Ala	0	criteria provided, single submitter	Hereditary cancer-predisposing syndrome
ATM	Q13315	Met3011Ile	0	criteria provided, single submitter	Hereditary cancer-predisposing syndrome
ATM	Q13315	Tyr1603Asn	0	criteria provided, single submitter	Hereditary cancer-predisposing syndrome
ATM	Q13315	Ser629Arg	0	criteria provided, single submitter	Hereditary cancer-predisposing syndrome
ATM	Q13315	Asp860Tyr	0	criteria provided, single submitter	Hereditary cancer-predisposing syndrome
ATM	Q13315	Ser569Asn	0	criteria provided, single submitter	Hereditary cancer-predisposing syndrome
ATM	Q13315	Met963Thr	0	criteria provided, single submitter	Hereditary cancer-predisposing syndrome
ATM	Q13315	Asn2742Lys	0	criteria provided, single submitter	Hereditary cancer-predisposing syndrome
ATM	Q13315	Glu2245Asp	0	criteria provided, single submitter	Hereditary cancer-predisposing syndrome
ATM	Q13315	Ser515Asn	0	criteria provided, single submitter	Hereditary cancer-predisposing syndrome
ATM	Q13315	His1380Gln	0	criteria provided, single submitter	Hereditary cancer-predisposing syndrome
ATM	Q13315	Asp1364Glu	0	criteria provided, single submitter	Hereditary cancer-predisposing syndrome
CFTR	P13569	Val1447Leu	0	criteria provided, single submitter	Cystic fibrosis
EGFR	P00533	Met176Ile	0	criteria provided, single submitter	Hereditary cancer-predisposing syndrome
EGFR	P00533	Ser442Arg	0	criteria provided, single submitter	Hereditary cancer-predisposing syndrome
EGFR	P00533	Ser380Cys	0	criteria provided, single submitter	Hereditary cancer-predisposing syndrome
EGFR	P00533	Asn639His	0	criteria provided, single submitter	Hereditary cancer-predisposing syndrome
EGFR	P00533	Val529Ile	0	criteria provided, single submitter	Hereditary cancer-predisposing syndrome
KRAS	P01116	Val152Ile	1	criteria provided, single submitter	Noonan syndrome 3
FBN1	P35555	Cys2274Tyr	1	criteria provided, single submitter	Marfan syndrome
BRCA1	P38398	Ala221Thr	0	criteria provided, single submitter	Breast-ovarian cancer, familial, susceptibility to, 1
PTEN	P60484	Lys125Thr	1	criteria provided, single submitter	PTEN hamartoma tumor syndrome
PTEN	P60484	His141Gln	1	criteria provided, single submitter	Triple-negative breast cancer
PTEN	P60484	Tyr155Asp	1	criteria provided, single submitter	Triple-negative breast cancer
PTEN	P60484	Thr160Asn	1	criteria provided, single submitter	Triple-negative breast cancer
PTEN	P60484	Arg161Lys	0	criteria provided, single submitter	Triple-negative breast cancer
PTEN	P60484	His93Gln	1	criteria provided, single submitter	Triple-negative breast cancer
PTEN	P60484	Cys105Ser	1	criteria provided, single submitter	Triple-negative breast cancer
PTEN	P60484	Asp107Asn	0	criteria provided, single submitter	Triple-negative breast cancer
BRAF	P15056	Leu577Ile	1	criteria provided, single submitter	Paediatric disorders
